name,team_name,score_normalizado,valor_mercado_mais_recente(R$),goals,expectedGoals,onTargetScoringAttempt,bigChanceCreated,expectedAssists,goalAssist,keyPass,accuratePass,rating,penaltyWon,wasFouled,duelWon,aerialWon,accurateCross,accurateLongBalls,blockedScoringAttempt,height,age,possessionLostCtrl,dispossessed,bigChanceMissed,duelLost,fouls,challengeLost,totalOffside,saves,savedShotsFromInsideTheBox,goodHighClaim,goalsPrevented,penaltyConceded,campeonato,position,country,totalPass,totalLongBalls,minutesPlayed,touches,aerialLost,totalClearance,totalTackle,totalCross,outfielderBlock,totalContest,wonContest,shotOffTarget,interceptionWon,score_total
Paulinho,Atlético Mineiro,100.0,"R$ 108.630.000,00",1.2,0.6054444444444445,2.2857142857142856,1.0,0.12043885555555556,0.16666666666666666,1.5,30.333333333333332,7.455555555555555,0.0,1.0,4.444444444444445,1.5,1.0,1.6666666666666667,1.3333333333333333,175.0,24.0,8.88888888888889,1.6,1.6,4.0,1.5,1.3333333333333333,1.0,,,,,,,,,,,,,,,,,,,,,,
Pedro,Flamengo,98.1983458517854,"R$ 146.970.000,00",1.25,0.8926000000000001,2.25,1.0,0.10897404000000002,0.6666666666666666,1.75,10.666666666666666,7.566666666666666,0.0,1.25,3.3333333333333335,1.3333333333333333,0.0,1.6666666666666667,1.0,186.0,27.0,10.666666666666666,3.25,1.0,4.5,1.0,0.0,3.0,,,,,,,,,,,,,,,,,,,,,,
Carlos Palacios,Colo Colo,80.55072776091784,"R$ 15.975.000,00",1.0,0.41905,1.8,1.0,0.158154711,0.16666666666666666,1.625,32.6,7.08,0.0,1.7142857142857142,4.0,1.3333333333333333,1.5,1.5714285714285714,2.6666666666666665,180.0,24.0,15.7,1.3,1.0,4.8,1.6,1.3333333333333333,1.0,,,,,,,,,,,,,,,,,,,,,,
Júnior Santos,Botafogo,76.16714475747281,"R$ 25.560.000,00",1.0,0.32609999999999995,3.0,1.0,0.21439372166666668,0.5,1.4,15.833333333333334,6.95,0.0,2.4,6.833333333333333,2.3333333333333335,1.0,1.3333333333333333,1.0,188.0,30.0,14.0,1.6,1.0,7.833333333333333,1.8,1.0,1.75,,,,,,,,,,,,,,,,,,,,,,
Miguel Borja,River Plate,75.41192610946098,"R$ 28.755.000,00",1.5,0.5639444444444445,1.8888888888888888,1.0,0.03183235555555555,0.3333333333333333,1.4285714285714286,11.444444444444445,7.422222222222222,0.0,1.5,4.555555555555555,2.25,0.0,1.3333333333333333,1.0,183.0,31.0,10.88888888888889,1.5714285714285714,1.3333333333333333,5.777777777777778,1.5714285714285714,1.0,2.2,,,,,,,,,,,,,,,,,,,,,,
Matheus Pereira,Cruzeiro,73.35475273873747,"R$ 54.315.000,00",1.0,0.0,1.25,1.0,0.0,0.3333333333333333,2.5,35.125,7.5625,0.0,1.875,4.625,1.6666666666666667,1.8333333333333333,2.3333333333333335,1.5,175.0,28.0,14.625,1.0,1.0,3.0,1.6666666666666667,1.3333333333333333,1.0,,,,,,,,,,,,,,,,,,,,,,
Facundo Colidio,River Plate,73.32875873047715,"R$ 31.950.000,00",1.0,0.34382857142857143,1.2,1.0,0.12851712857142858,0.2,3.0,11.444444444444445,7.111111111111111,0.0,3.0,5.428571428571429,2.6,0.0,1.0,1.0,179.0,24.0,9.555555555555555,3.3333333333333335,0.0,6.111111111111111,1.8571428571428572,1.0,0.0,,,,,,,,,,,,,,,,,,,,,,
Maximiliano Salas,Racing Club,70.67665109075209,"R$ 15.975.000,00",1.0,0.0,2.0,2.0,0.0,0.16666666666666666,1.75,10.625,7.25,1.0,2.375,5.5,2.25,1.0,1.0,1.4,173.0,26.0,9.75,2.0,1.5,5.75,1.6666666666666667,1.1666666666666667,1.0,,,,,,,,,,,,,,,,,,,,,,
Adrián Martínez,Racing Club,70.36724009989413,"R$ 22.365.000,00",1.125,0.0,1.8,1.0,0.0,0.375,2.0,12.0,7.76,1.0,1.375,3.1,1.3333333333333333,0.0,1.25,1.6666666666666667,181.0,32.0,9.2,1.6,1.0,6.3,2.25,1.6666666666666667,1.1666666666666667,,,,,,,,,,,,,,,,,,,,,,
Bruno Sávio,Bolívar,69.7947078712256,"R$ 4.153.500,00",1.0,0.42118,1.6,1.0,0.1489160214285714,0.4,2.25,22.0,7.471428571428571,0.0,2.0,5.714285714285714,1.0,1.3333333333333333,2.2,1.0,184.0,30.0,17.142857142857142,1.8333333333333333,1.5,7.857142857142857,2.2,1.6666666666666667,1.0,,,,,,,,,,,,,,,,,,,,,,
Jonathan Calleri,São Paulo,69.78516398390667,"R$ 22.365.000,00",1.0,0.7149333333333333,1.8,1.0,0.0822951625,0.2,1.75,11.875,7.2375,0.0,2.6666666666666665,6.125,3.6666666666666665,0.0,1.0,1.0,181.0,31.0,13.0,1.5,1.0,5.0,1.75,2.0,1.6666666666666667,,,,,,,,,,,,,,,,,,,,,,
Maximiliano Silvera,Peñarol,68.85341422718034,"R$ 11.502.000,00",1.5,0.2921222222222222,1.8,1.0,0.0823469,0.2,2.0,14.11111111111111,7.2555555555555555,0.0,2.0,4.125,1.6666666666666667,0.0,1.8,1.0,176.0,27.0,9.333333333333334,2.8333333333333335,2.0,4.625,2.0,1.0,1.5,,,,,,,,,,,,,,,,,,,,,,
Francisco Da Costa,Bolívar,68.31744362360307,"R$ 5.431.500,00",1.25,0.3990833333333333,2.2,0.0,0.07702484666666666,0.0,1.0,12.833333333333334,7.599999999999999,0.0,1.5,4.5,2.6,0.0,0.0,1.3333333333333333,184.0,29.0,10.5,1.2,1.0,4.833333333333333,1.6,1.5,1.6666666666666667,,,,,,,,,,,,,,,,,,,,,,
Yuri Alberto,Corinthians,65.50779168661315,"R$ 70.290.000,00",1.2,0.0,1.8333333333333333,1.0,0.0,0.4,1.6666666666666667,9.75,7.237500000000001,0.0,1.1666666666666667,3.625,2.6666666666666665,0.0,1.0,1.5,183.0,23.0,8.25,2.0,1.5,4.625,1.25,1.0,1.0,,,,,,,,,,,,,,,,,,,,,,
Carlos Bacca,Junior Barranquilla,64.8422765174502,"R$ 1.917.000,00",1.3333333333333333,0.6003,1.25,1.0,0.11096105714285713,0.25,1.3333333333333333,9.125,7.1375,0.0,1.3333333333333333,2.8,1.6666666666666667,0.0,1.0,1.5,181.0,38.0,4.25,1.0,1.0,2.625,1.25,0.0,1.3333333333333333,,,,,,,,,,,,,,,,,,,,,,
Ángel Romero,Corinthians,64.82011684704409,"R$ 9.585.000,00",1.5,0.0,2.0,1.3333333333333333,0.0,0.5,2.0,10.875,7.075,0.0,1.6,2.2857142857142856,1.5,1.0,2.0,1.3333333333333333,177.0,32.0,6.0,1.6,1.6666666666666667,3.0,2.0,1.0,1.0,,,,,,,,,,,,,,,,,,,,,,
Hulk,Atlético Mineiro,62.75212929377842,"R$ 11.502.000,00",1.0,0.38273749999999995,1.6666666666666667,1.2,0.40564415,0.5,2.2857142857142856,25.0,7.2,0.0,2.8,4.375,1.25,1.25,1.0,1.25,180.0,38.0,16.0,2.4285714285714284,1.6666666666666667,6.875,2.25,1.2,2.6666666666666665,,,,,,,,,,,,,,,,,,,,,,
Adam Bareiro,San Lorenzo,62.700269956487396,"R$ 38.340.000,00",1.0,0.4538666666666667,3.0,1.0,0.02652491,0.0,1.3333333333333333,14.2,6.779999999999999,0.0,3.3333333333333335,8.0,4.6,0.0,1.5,1.0,184.0,28.0,11.4,1.25,1.5,10.8,3.0,1.0,3.0,,,,,,,,,,,,,,,,,,,,,,
Thiago Borbas,Red Bull Bragantino,62.45608171577202,"R$ 44.730.000,00",1.5,0.0,1.5,1.0,0.0,0.0,1.0,6.111111111111111,7.033333333333334,0.0,1.5,3.7777777777777777,2.4444444444444446,0.0,1.0,1.0,181.0,22.0,7.444444444444445,1.3333333333333333,0.0,5.333333333333333,1.75,1.5,0.0,,,,,,,,,,,,,,,,,,,,,,
Guillermo Paiva,Colo Colo,62.443146251328834,"R$ 6.390.000,00",1.0,0.17815,1.3333333333333333,1.0,0.07494911666666666,0.0,2.0,8.666666666666666,6.890000000000001,1.0,1.0,3.7,3.0,0.0,2.0,1.6666666666666667,182.0,27.0,8.1,1.8333333333333333,0.0,4.777777777777778,1.8333333333333333,1.0,1.0,,,,,,,,,,,,,,,,,,,,,,
Javier Correa,Estudiantes de La Plata,60.41657451264709,"R$ 9.585.000,00",1.5,0.45403333333333334,1.25,0.0,0.09464716666666667,0.0,1.3333333333333333,12.5,7.283333333333334,0.0,1.25,4.833333333333333,1.3333333333333333,0.0,1.0,1.1666666666666667,184.0,31.0,11.833333333333334,1.25,0.0,6.333333333333333,1.8,1.25,0.0,,,,,,,,,,,,,,,,,,,,,,
Alex Arce,LDU,60.323661638390575,"R$ 25.560.000,00",1.0,0.41955000000000003,1.25,0.0,0.098175598,0.25,1.4,9.0,7.425,0.0,2.5,6.625,4.5,0.0,1.0,1.6666666666666667,187.0,29.0,10.25,1.5714285714285714,1.0,7.875,1.5714285714285714,1.0,2.6666666666666665,,,,,,,,,,,,,,,,,,,,,,
Cris Martínez,Huachipato,56.78559732320309,"R$ 2.875.500,00",1.3333333333333333,0.13616,1.8,1.0,0.11467771666666667,0.2857142857142857,1.6666666666666667,13.0,7.055555555555555,0.0,1.5,7.111111111111111,4.555555555555555,1.0,1.3333333333333333,1.0,172.0,31.0,12.666666666666666,1.8571428571428572,1.0,8.333333333333334,1.2857142857142858,1.75,1.0,,,,,,,,,,,,,,,,,,,,,,
Walter Bou,Lanús,51.38781618265478,"R$ 10.863.000,00",1.4,0.0,2.0,1.0,0.0,0.0,1.7142857142857142,18.333333333333332,7.466666666666667,0.0,1.5,4.571428571428571,1.4285714285714286,1.0,1.25,1.75,174.0,31.0,14.0,2.4444444444444446,1.5,6.0,1.4,1.0,1.0,,,,,,,,,,,,,,,,,,,,,,
Federico Girotti,Talleres,51.180443311137395,"R$ 15.975.000,00",1.0,0.23931428571428567,1.5,0.0,0.031546816666666665,0.0,2.0,9.75,6.8875,0.0,1.0,4.166666666666667,4.0,1.0,1.25,1.0,189.0,25.0,9.25,1.1428571428571428,1.0,4.375,1.6666666666666667,1.6666666666666667,0.0,,,,,,,,,,,,,,,,,,,,,,
Gonzalo Mastriani,Athletico,44.42388797612628,"R$ 12.780.000,00",1.6666666666666667,0.0,1.6,1.0,0.0,0.0,1.0,7.5,7.025,0.0,1.0,3.6666666666666665,2.6666666666666665,0.0,0.0,0.0,180.0,31.0,7.0,1.3333333333333333,1.0,5.125,1.3333333333333333,1.0,1.0,,,,,,,,,,,,,,,,,,,,,,
Enrique Triverio,The Strongest,44.081926583583616,"R$ 2.236.500,00",1.0,0.5860666666666666,1.5,0.0,0.07346950333333334,0.0,1.25,14.571428571428571,7.071428571428571,0.0,3.0,5.714285714285714,2.6,1.0,0.0,1.5,184.0,35.0,12.857142857142858,1.0,1.0,6.714285714285714,1.4,1.5,2.0,,,,,,,,,,,,,,,,,,,,,,
Martín Prost,Nacional Potosí,43.60572832653742,"R$ 958.500,00",1.0,0.0,1.0,1.0,0.0,1.0,2.0,13.833333333333334,6.866666666666667,0.0,2.25,2.5,1.0,0.0,1.0,1.5,175.0,36.0,5.333333333333333,1.5,1.5,2.0,1.0,1.0,1.6666666666666667,,,,,,,,,,,,,,,,,,,,,,
Luciano Rodríguez,Liverpool UY,39.21172485918186,"R$ 51.120.000,00",1.0,0.19908,1.25,0.0,0.028059075000000003,0.0,2.0,11.8,6.82,0.0,3.6,7.6,2.0,0.0,1.0,1.0,179.0,21.0,18.0,2.8,0.0,10.8,2.8,0.0,1.0,,,,,,,,,,,,,,,,,,,,,,
Germán Cano,Fluminense,38.354286194786205,"R$ 8.946.000,00",1.0,0.31779999999999997,2.0,0.0,0.1137714,0.2,1.3333333333333333,8.125,6.8125,0.0,1.6,1.6666666666666667,1.0,0.0,1.4,1.0,176.0,36.0,3.5,1.0,2.0,3.6,2.0,1.0,1.5,,,,,,,,,,,,,,,,,,,,,,
Maximiliano Rodríguez,Huachipato,35.7133236323652,"R$ 7.668.000,00",1.0,0.23138333333333336,1.1666666666666667,0.0,0.05168262333333334,0.0,1.5,9.7,6.709999999999999,0.0,2.6666666666666665,4.7,2.2,0.0,1.0,1.3333333333333333,185.0,24.0,10.0,2.2,1.0,7.7,1.8333333333333333,1.5,1.0,,,,,,,,,,,,,,,,,,,,,,
Edison Flores,Universitario,35.61937994375329,"R$ 7.668.000,00",1.0,0.19099999999999998,1.3333333333333333,0.0,0.03627168,0.0,1.2,14.333333333333334,6.95,0.0,1.25,2.8333333333333335,1.3333333333333333,1.3333333333333333,1.25,1.25,170.0,30.0,8.166666666666666,1.0,1.0,4.666666666666667,1.6,1.5,1.5,,,,,,,,,,,,,,,,,,,,,,
Michael Estrada,LDU,33.392315838988615,"R$ 7.668.000,00",1.0,0.23463333333333333,1.5,0.0,0.08252403333333333,0.0,1.75,11.833333333333334,6.766666666666667,0.0,2.2,6.333333333333333,2.3333333333333335,0.0,2.0,1.0,188.0,28.0,13.166666666666666,3.0,1.0,7.833333333333333,1.75,0.0,1.3333333333333333,,,,,,,,,,,,,,,,,,,,,,
Alexis Cuello,San Lorenzo,31.88009134046901,"R$ 12.780.000,00",1.0,0.3002,1.25,0.0,0.03366992,0.2,1.0,9.8,7.06,0.0,2.0,5.8,2.2,1.0,1.0,2.0,171.0,24.0,16.6,3.0,1.0,9.833333333333334,2.6,1.0,1.0,,,,,,,,,,,,,,,,,,,,,,
Pablo Erustes,Deportivo Garcilaso,21.092872671032563,"R$ 2.236.500,00",1.0,0.0,1.25,0.0,0.0,0.0,1.0,12.0,7.0,0.0,1.25,3.4,1.5,0.0,1.3333333333333333,1.0,175.0,30.0,9.166666666666666,1.5,2.0,4.833333333333333,1.0,1.0,0.0,,,,,,,,,,,,,,,,,,,,,,
Bryan Carrasco,Palestino,20.987877405903895,"R$ 3.514.500,00",0.0,0.0312,1.0,1.3333333333333333,0.153192425,0.0,2.75,8.125,6.7625,0.0,1.0,1.2857142857142858,1.0,2.2,2.0,1.0,170.0,33.0,10.375,1.5,0.0,2.875,1.4,1.0,1.25,,,,,,,,,,,,,,,,,,,,,,
Juan Iturbe,Cerro Porteño,20.851441923576704,"R$ 5.112.000,00",1.0,0.0359,1.0,0.0,0.026677893999999997,0.0,1.0,11.285714285714286,6.757142857142857,0.0,1.5,4.428571428571429,1.3333333333333333,1.0,2.0,1.0,170.0,31.0,10.142857142857142,1.4,0.0,5.571428571428571,1.0,2.3333333333333335,1.0,,,,,,,,,,,,,,,,,,,,,,
Eduardo Sasha,Red Bull Bragantino,20.32481366501458,"R$ 11.502.000,00",1.0,0.0,1.3333333333333333,0.0,0.0,0.0,1.0,10.714285714285714,6.8,0.0,2.6,4.5,2.3333333333333335,0.0,1.5,1.0,173.0,32.0,8.428571428571429,2.0,1.0,4.428571428571429,1.0,1.0,1.0,,,,,,,,,,,,,,,,,,,,,,
Sebastián Fernández,Danubio,20.081618261706218,"R$ 159.750,00",1.0,0.0,1.2,1.0,0.0,0.0,1.6666666666666667,13.333333333333334,7.033333333333334,0.0,1.6,4.0,1.25,0.0,1.0,1.0,167.0,39.0,9.5,2.0,1.0,4.0,0.0,1.25,0.0,,,,,,,,,,,,,,,,,,,,,,
Miguel Merentiel,Boca Juniors,19.262644119090883,"R$ 44.730.000,00",1.0,0.0,1.0,1.0,0.0,0.0,1.6666666666666667,14.6,6.659999999999999,0.0,1.0,1.6,1.0,2.0,1.0,1.3333333333333333,176.0,28.0,8.8,2.5,2.0,4.75,2.0,1.0,1.0,,,,,,,,,,,,,,,,,,,,,,
Rafael Borré,Internacional,14.280878065828004,"R$ 51.120.000,00",1.0,0.0,1.75,0.0,0.0,0.0,1.6666666666666667,15.6,6.88,0.0,1.5,3.6,2.75,2.0,1.5,1.0,174.0,29.0,12.2,4.0,1.5,8.6,2.8,1.0,2.0,,,,,,,,,,,,,,,,,,,,,,
Jonathan Benítez,Palestino,12.120160731314177,"R$ 2.875.500,00",0.0,0.049060000000000006,1.0,0.0,0.16489632,0.0,1.4,13.25,6.9,0.0,1.4,4.857142857142857,1.0,1.0,2.0,1.0,182.0,33.0,10.875,1.4,0.0,4.625,1.7142857142857142,2.1666666666666665,1.0,,,,,,,,,,,,,,,,,,,,,,
Franco Soldano,Unión La Calera,8.63470384921939,"R$ 2.076.750,00",0.0,0.0,1.0,0.0,0.0,0.0,2.0,17.8,6.9,0.0,1.5,7.2,4.2,1.0,1.5,1.3333333333333333,180.0,30.0,15.8,2.0,0.0,8.2,1.6666666666666667,1.3333333333333333,0.0,,,,,,,,,,,,,,,,,,,,,,
Andrés Chávez,Coquimbo Unido,5.421470865761253,"R$ 1.757.250,00",1.0,0.0,2.3333333333333335,0.0,0.0,0.0,1.0,6.166666666666667,6.7,0.0,1.6666666666666667,4.833333333333333,3.5,0.0,1.0,1.5,184.0,33.0,13.833333333333334,2.5,2.0,8.0,2.5,1.5,2.0,,,,,,,,,,,,,,,,,,,,,,
Yorleys Mena,Universidad César Vallejo,4.2066717553956545,"R$ 4.153.500,00",1.0,0.0,1.0,0.0,0.0,0.0,1.0,9.333333333333334,6.783333333333334,0.0,1.0,3.2,1.6666666666666667,1.0,1.3333333333333333,1.6666666666666667,182.0,33.0,8.333333333333334,3.5,1.0,4.333333333333333,1.5,1.0,2.0,,,,,,,,,,,,,,,,,,,,,,
Marcos Bolados,Colo Colo,0.0,"R$ 4.792.500,00",0.0,0.10369999999999999,1.0,0.0,0.034976598750000004,0.0,1.3333333333333333,10.7,6.640000000000001,0.0,1.2,3.3333333333333335,1.0,1.5,1.0,1.0,171.0,28.0,9.6,2.8333333333333335,0.0,5.6,2.2857142857142856,1.5,0.0,,,,,,,,,,,,,,,,,,,,,,
Paulinho,Atlético Mineiro,100.0,"R$ 108.630.000,00",1.2,0.6054444444444445,2.2857142857142856,1.0,0.12043885555555556,0.16666666666666666,1.5,30.333333333333332,7.455555555555555,0.0,1.0,4.444444444444445,1.5,1.0,1.6666666666666667,1.3333333333333333,175.0,24.0,8.88888888888889,1.6,1.6,4.0,1.5,1.3333333333333333,1.0,,,,,,,,,,,,,,,,,,,,,,
Pedro,Flamengo,98.1983458517854,"R$ 146.970.000,00",1.25,0.8926000000000001,2.25,1.0,0.10897404000000002,0.6666666666666666,1.75,10.666666666666666,7.566666666666666,0.0,1.25,3.3333333333333335,1.3333333333333333,0.0,1.6666666666666667,1.0,186.0,27.0,10.666666666666666,3.25,1.0,4.5,1.0,0.0,3.0,,,,,,,,,,,,,,,,,,,,,,
Carlos Palacios,Colo Colo,80.55072776091784,"R$ 15.975.000,00",1.0,0.41905,1.8,1.0,0.158154711,0.16666666666666666,1.625,32.6,7.08,0.0,1.7142857142857142,4.0,1.3333333333333333,1.5,1.5714285714285714,2.6666666666666665,180.0,24.0,15.7,1.3,1.0,4.8,1.6,1.3333333333333333,1.0,,,,,,,,,,,,,,,,,,,,,,
Júnior Santos,Botafogo,76.16714475747281,"R$ 25.560.000,00",1.0,0.32609999999999995,3.0,1.0,0.21439372166666668,0.5,1.4,15.833333333333334,6.95,0.0,2.4,6.833333333333333,2.3333333333333335,1.0,1.3333333333333333,1.0,188.0,30.0,14.0,1.6,1.0,7.833333333333333,1.8,1.0,1.75,,,,,,,,,,,,,,,,,,,,,,
Miguel Borja,River Plate,75.41192610946098,"R$ 28.755.000,00",1.5,0.5639444444444445,1.8888888888888888,1.0,0.03183235555555555,0.3333333333333333,1.4285714285714286,11.444444444444445,7.422222222222222,0.0,1.5,4.555555555555555,2.25,0.0,1.3333333333333333,1.0,183.0,31.0,10.88888888888889,1.5714285714285714,1.3333333333333333,5.777777777777778,1.5714285714285714,1.0,2.2,,,,,,,,,,,,,,,,,,,,,,
Matheus Pereira,Cruzeiro,73.35475273873747,"R$ 54.315.000,00",1.0,0.0,1.25,1.0,0.0,0.3333333333333333,2.5,35.125,7.5625,0.0,1.875,4.625,1.6666666666666667,1.8333333333333333,2.3333333333333335,1.5,175.0,28.0,14.625,1.0,1.0,3.0,1.6666666666666667,1.3333333333333333,1.0,,,,,,,,,,,,,,,,,,,,,,
Facundo Colidio,River Plate,73.32875873047715,"R$ 31.950.000,00",1.0,0.34382857142857143,1.2,1.0,0.12851712857142858,0.2,3.0,11.444444444444445,7.111111111111111,0.0,3.0,5.428571428571429,2.6,0.0,1.0,1.0,179.0,24.0,9.555555555555555,3.3333333333333335,0.0,6.111111111111111,1.8571428571428572,1.0,0.0,,,,,,,,,,,,,,,,,,,,,,
Maximiliano Salas,Racing Club,70.67665109075209,"R$ 15.975.000,00",1.0,0.0,2.0,2.0,0.0,0.16666666666666666,1.75,10.625,7.25,1.0,2.375,5.5,2.25,1.0,1.0,1.4,173.0,26.0,9.75,2.0,1.5,5.75,1.6666666666666667,1.1666666666666667,1.0,,,,,,,,,,,,,,,,,,,,,,
Adrián Martínez,Racing Club,70.36724009989413,"R$ 22.365.000,00",1.125,0.0,1.8,1.0,0.0,0.375,2.0,12.0,7.76,1.0,1.375,3.1,1.3333333333333333,0.0,1.25,1.6666666666666667,181.0,32.0,9.2,1.6,1.0,6.3,2.25,1.6666666666666667,1.1666666666666667,,,,,,,,,,,,,,,,,,,,,,
Bruno Sávio,Bolívar,69.7947078712256,"R$ 4.153.500,00",1.0,0.42118,1.6,1.0,0.1489160214285714,0.4,2.25,22.0,7.471428571428571,0.0,2.0,5.714285714285714,1.0,1.3333333333333333,2.2,1.0,184.0,30.0,17.142857142857142,1.8333333333333333,1.5,7.857142857142857,2.2,1.6666666666666667,1.0,,,,,,,,,,,,,,,,,,,,,,
Jonathan Calleri,São Paulo,69.78516398390667,"R$ 22.365.000,00",1.0,0.7149333333333333,1.8,1.0,0.0822951625,0.2,1.75,11.875,7.2375,0.0,2.6666666666666665,6.125,3.6666666666666665,0.0,1.0,1.0,181.0,31.0,13.0,1.5,1.0,5.0,1.75,2.0,1.6666666666666667,,,,,,,,,,,,,,,,,,,,,,
Maximiliano Silvera,Peñarol,68.85341422718034,"R$ 11.502.000,00",1.5,0.2921222222222222,1.8,1.0,0.0823469,0.2,2.0,14.11111111111111,7.2555555555555555,0.0,2.0,4.125,1.6666666666666667,0.0,1.8,1.0,176.0,27.0,9.333333333333334,2.8333333333333335,2.0,4.625,2.0,1.0,1.5,,,,,,,,,,,,,,,,,,,,,,
Francisco Da Costa,Bolívar,68.31744362360307,"R$ 5.431.500,00",1.25,0.3990833333333333,2.2,0.0,0.07702484666666666,0.0,1.0,12.833333333333334,7.599999999999999,0.0,1.5,4.5,2.6,0.0,0.0,1.3333333333333333,184.0,29.0,10.5,1.2,1.0,4.833333333333333,1.6,1.5,1.6666666666666667,,,,,,,,,,,,,,,,,,,,,,
Yuri Alberto,Corinthians,65.50779168661315,"R$ 70.290.000,00",1.2,0.0,1.8333333333333333,1.0,0.0,0.4,1.6666666666666667,9.75,7.237500000000001,0.0,1.1666666666666667,3.625,2.6666666666666665,0.0,1.0,1.5,183.0,23.0,8.25,2.0,1.5,4.625,1.25,1.0,1.0,,,,,,,,,,,,,,,,,,,,,,
Carlos Bacca,Junior Barranquilla,64.8422765174502,"R$ 1.917.000,00",1.3333333333333333,0.6003,1.25,1.0,0.11096105714285713,0.25,1.3333333333333333,9.125,7.1375,0.0,1.3333333333333333,2.8,1.6666666666666667,0.0,1.0,1.5,181.0,38.0,4.25,1.0,1.0,2.625,1.25,0.0,1.3333333333333333,,,,,,,,,,,,,,,,,,,,,,
Ángel Romero,Corinthians,64.82011684704409,"R$ 9.585.000,00",1.5,0.0,2.0,1.3333333333333333,0.0,0.5,2.0,10.875,7.075,0.0,1.6,2.2857142857142856,1.5,1.0,2.0,1.3333333333333333,177.0,32.0,6.0,1.6,1.6666666666666667,3.0,2.0,1.0,1.0,,,,,,,,,,,,,,,,,,,,,,
Hulk,Atlético Mineiro,62.75212929377842,"R$ 11.502.000,00",1.0,0.38273749999999995,1.6666666666666667,1.2,0.40564415,0.5,2.2857142857142856,25.0,7.2,0.0,2.8,4.375,1.25,1.25,1.0,1.25,180.0,38.0,16.0,2.4285714285714284,1.6666666666666667,6.875,2.25,1.2,2.6666666666666665,,,,,,,,,,,,,,,,,,,,,,
Adam Bareiro,San Lorenzo,62.700269956487396,"R$ 38.340.000,00",1.0,0.4538666666666667,3.0,1.0,0.02652491,0.0,1.3333333333333333,14.2,6.779999999999999,0.0,3.3333333333333335,8.0,4.6,0.0,1.5,1.0,184.0,28.0,11.4,1.25,1.5,10.8,3.0,1.0,3.0,,,,,,,,,,,,,,,,,,,,,,
Thiago Borbas,Red Bull Bragantino,62.45608171577202,"R$ 44.730.000,00",1.5,0.0,1.5,1.0,0.0,0.0,1.0,6.111111111111111,7.033333333333334,0.0,1.5,3.7777777777777777,2.4444444444444446,0.0,1.0,1.0,181.0,22.0,7.444444444444445,1.3333333333333333,0.0,5.333333333333333,1.75,1.5,0.0,,,,,,,,,,,,,,,,,,,,,,
Guillermo Paiva,Colo Colo,62.443146251328834,"R$ 6.390.000,00",1.0,0.17815,1.3333333333333333,1.0,0.07494911666666666,0.0,2.0,8.666666666666666,6.890000000000001,1.0,1.0,3.7,3.0,0.0,2.0,1.6666666666666667,182.0,27.0,8.1,1.8333333333333333,0.0,4.777777777777778,1.8333333333333333,1.0,1.0,,,,,,,,,,,,,,,,,,,,,,
Javier Correa,Estudiantes de La Plata,60.41657451264709,"R$ 9.585.000,00",1.5,0.45403333333333334,1.25,0.0,0.09464716666666667,0.0,1.3333333333333333,12.5,7.283333333333334,0.0,1.25,4.833333333333333,1.3333333333333333,0.0,1.0,1.1666666666666667,184.0,31.0,11.833333333333334,1.25,0.0,6.333333333333333,1.8,1.25,0.0,,,,,,,,,,,,,,,,,,,,,,
Alex Arce,LDU,60.323661638390575,"R$ 25.560.000,00",1.0,0.41955000000000003,1.25,0.0,0.098175598,0.25,1.4,9.0,7.425,0.0,2.5,6.625,4.5,0.0,1.0,1.6666666666666667,187.0,29.0,10.25,1.5714285714285714,1.0,7.875,1.5714285714285714,1.0,2.6666666666666665,,,,,,,,,,,,,,,,,,,,,,
Cris Martínez,Huachipato,56.78559732320309,"R$ 2.875.500,00",1.3333333333333333,0.13616,1.8,1.0,0.11467771666666667,0.2857142857142857,1.6666666666666667,13.0,7.055555555555555,0.0,1.5,7.111111111111111,4.555555555555555,1.0,1.3333333333333333,1.0,172.0,31.0,12.666666666666666,1.8571428571428572,1.0,8.333333333333334,1.2857142857142858,1.75,1.0,,,,,,,,,,,,,,,,,,,,,,
Walter Bou,Lanús,51.38781618265478,"R$ 10.863.000,00",1.4,0.0,2.0,1.0,0.0,0.0,1.7142857142857142,18.333333333333332,7.466666666666667,0.0,1.5,4.571428571428571,1.4285714285714286,1.0,1.25,1.75,174.0,31.0,14.0,2.4444444444444446,1.5,6.0,1.4,1.0,1.0,,,,,,,,,,,,,,,,,,,,,,
Federico Girotti,Talleres,51.180443311137395,"R$ 15.975.000,00",1.0,0.23931428571428567,1.5,0.0,0.031546816666666665,0.0,2.0,9.75,6.8875,0.0,1.0,4.166666666666667,4.0,1.0,1.25,1.0,189.0,25.0,9.25,1.1428571428571428,1.0,4.375,1.6666666666666667,1.6666666666666667,0.0,,,,,,,,,,,,,,,,,,,,,,
Gonzalo Mastriani,Athletico,44.42388797612628,"R$ 12.780.000,00",1.6666666666666667,0.0,1.6,1.0,0.0,0.0,1.0,7.5,7.025,0.0,1.0,3.6666666666666665,2.6666666666666665,0.0,0.0,0.0,180.0,31.0,7.0,1.3333333333333333,1.0,5.125,1.3333333333333333,1.0,1.0,,,,,,,,,,,,,,,,,,,,,,
Enrique Triverio,The Strongest,44.081926583583616,"R$ 2.236.500,00",1.0,0.5860666666666666,1.5,0.0,0.07346950333333334,0.0,1.25,14.571428571428571,7.071428571428571,0.0,3.0,5.714285714285714,2.6,1.0,0.0,1.5,184.0,35.0,12.857142857142858,1.0,1.0,6.714285714285714,1.4,1.5,2.0,,,,,,,,,,,,,,,,,,,,,,
Martín Prost,Nacional Potosí,43.60572832653742,"R$ 958.500,00",1.0,0.0,1.0,1.0,0.0,1.0,2.0,13.833333333333334,6.866666666666667,0.0,2.25,2.5,1.0,0.0,1.0,1.5,175.0,36.0,5.333333333333333,1.5,1.5,2.0,1.0,1.0,1.6666666666666667,,,,,,,,,,,,,,,,,,,,,,
Luciano Rodríguez,Liverpool UY,39.21172485918186,"R$ 51.120.000,00",1.0,0.19908,1.25,0.0,0.028059075000000003,0.0,2.0,11.8,6.82,0.0,3.6,7.6,2.0,0.0,1.0,1.0,179.0,21.0,18.0,2.8,0.0,10.8,2.8,0.0,1.0,,,,,,,,,,,,,,,,,,,,,,
Germán Cano,Fluminense,38.354286194786205,"R$ 8.946.000,00",1.0,0.31779999999999997,2.0,0.0,0.1137714,0.2,1.3333333333333333,8.125,6.8125,0.0,1.6,1.6666666666666667,1.0,0.0,1.4,1.0,176.0,36.0,3.5,1.0,2.0,3.6,2.0,1.0,1.5,,,,,,,,,,,,,,,,,,,,,,
Maximiliano Rodríguez,Huachipato,35.7133236323652,"R$ 7.668.000,00",1.0,0.23138333333333336,1.1666666666666667,0.0,0.05168262333333334,0.0,1.5,9.7,6.709999999999999,0.0,2.6666666666666665,4.7,2.2,0.0,1.0,1.3333333333333333,185.0,24.0,10.0,2.2,1.0,7.7,1.8333333333333333,1.5,1.0,,,,,,,,,,,,,,,,,,,,,,
Edison Flores,Universitario,35.61937994375329,"R$ 7.668.000,00",1.0,0.19099999999999998,1.3333333333333333,0.0,0.03627168,0.0,1.2,14.333333333333334,6.95,0.0,1.25,2.8333333333333335,1.3333333333333333,1.3333333333333333,1.25,1.25,170.0,30.0,8.166666666666666,1.0,1.0,4.666666666666667,1.6,1.5,1.5,,,,,,,,,,,,,,,,,,,,,,
Michael Estrada,LDU,33.392315838988615,"R$ 7.668.000,00",1.0,0.23463333333333333,1.5,0.0,0.08252403333333333,0.0,1.75,11.833333333333334,6.766666666666667,0.0,2.2,6.333333333333333,2.3333333333333335,0.0,2.0,1.0,188.0,28.0,13.166666666666666,3.0,1.0,7.833333333333333,1.75,0.0,1.3333333333333333,,,,,,,,,,,,,,,,,,,,,,
Alexis Cuello,San Lorenzo,31.88009134046901,"R$ 12.780.000,00",1.0,0.3002,1.25,0.0,0.03366992,0.2,1.0,9.8,7.06,0.0,2.0,5.8,2.2,1.0,1.0,2.0,171.0,24.0,16.6,3.0,1.0,9.833333333333334,2.6,1.0,1.0,,,,,,,,,,,,,,,,,,,,,,
Pablo Erustes,Deportivo Garcilaso,21.092872671032563,"R$ 2.236.500,00",1.0,0.0,1.25,0.0,0.0,0.0,1.0,12.0,7.0,0.0,1.25,3.4,1.5,0.0,1.3333333333333333,1.0,175.0,30.0,9.166666666666666,1.5,2.0,4.833333333333333,1.0,1.0,0.0,,,,,,,,,,,,,,,,,,,,,,
Bryan Carrasco,Palestino,20.987877405903895,"R$ 3.514.500,00",0.0,0.0312,1.0,1.3333333333333333,0.153192425,0.0,2.75,8.125,6.7625,0.0,1.0,1.2857142857142858,1.0,2.2,2.0,1.0,170.0,33.0,10.375,1.5,0.0,2.875,1.4,1.0,1.25,,,,,,,,,,,,,,,,,,,,,,
Juan Iturbe,Cerro Porteño,20.851441923576704,"R$ 5.112.000,00",1.0,0.0359,1.0,0.0,0.026677893999999997,0.0,1.0,11.285714285714286,6.757142857142857,0.0,1.5,4.428571428571429,1.3333333333333333,1.0,2.0,1.0,170.0,31.0,10.142857142857142,1.4,0.0,5.571428571428571,1.0,2.3333333333333335,1.0,,,,,,,,,,,,,,,,,,,,,,
Eduardo Sasha,Red Bull Bragantino,20.32481366501458,"R$ 11.502.000,00",1.0,0.0,1.3333333333333333,0.0,0.0,0.0,1.0,10.714285714285714,6.8,0.0,2.6,4.5,2.3333333333333335,0.0,1.5,1.0,173.0,32.0,8.428571428571429,2.0,1.0,4.428571428571429,1.0,1.0,1.0,,,,,,,,,,,,,,,,,,,,,,
Sebastián Fernández,Danubio,20.081618261706218,"R$ 159.750,00",1.0,0.0,1.2,1.0,0.0,0.0,1.6666666666666667,13.333333333333334,7.033333333333334,0.0,1.6,4.0,1.25,0.0,1.0,1.0,167.0,39.0,9.5,2.0,1.0,4.0,0.0,1.25,0.0,,,,,,,,,,,,,,,,,,,,,,
Miguel Merentiel,Boca Juniors,19.262644119090883,"R$ 44.730.000,00",1.0,0.0,1.0,1.0,0.0,0.0,1.6666666666666667,14.6,6.659999999999999,0.0,1.0,1.6,1.0,2.0,1.0,1.3333333333333333,176.0,28.0,8.8,2.5,2.0,4.75,2.0,1.0,1.0,,,,,,,,,,,,,,,,,,,,,,
Rafael Borré,Internacional,14.280878065828004,"R$ 51.120.000,00",1.0,0.0,1.75,0.0,0.0,0.0,1.6666666666666667,15.6,6.88,0.0,1.5,3.6,2.75,2.0,1.5,1.0,174.0,29.0,12.2,4.0,1.5,8.6,2.8,1.0,2.0,,,,,,,,,,,,,,,,,,,,,,
Jonathan Benítez,Palestino,12.120160731314177,"R$ 2.875.500,00",0.0,0.049060000000000006,1.0,0.0,0.16489632,0.0,1.4,13.25,6.9,0.0,1.4,4.857142857142857,1.0,1.0,2.0,1.0,182.0,33.0,10.875,1.4,0.0,4.625,1.7142857142857142,2.1666666666666665,1.0,,,,,,,,,,,,,,,,,,,,,,
Franco Soldano,Unión La Calera,8.63470384921939,"R$ 2.076.750,00",0.0,0.0,1.0,0.0,0.0,0.0,2.0,17.8,6.9,0.0,1.5,7.2,4.2,1.0,1.5,1.3333333333333333,180.0,30.0,15.8,2.0,0.0,8.2,1.6666666666666667,1.3333333333333333,0.0,,,,,,,,,,,,,,,,,,,,,,
Andrés Chávez,Coquimbo Unido,5.421470865761253,"R$ 1.757.250,00",1.0,0.0,2.3333333333333335,0.0,0.0,0.0,1.0,6.166666666666667,6.7,0.0,1.6666666666666667,4.833333333333333,3.5,0.0,1.0,1.5,184.0,33.0,13.833333333333334,2.5,2.0,8.0,2.5,1.5,2.0,,,,,,,,,,,,,,,,,,,,,,
Yorleys Mena,Universidad César Vallejo,4.2066717553956545,"R$ 4.153.500,00",1.0,0.0,1.0,0.0,0.0,0.0,1.0,9.333333333333334,6.783333333333334,0.0,1.0,3.2,1.6666666666666667,1.0,1.3333333333333333,1.6666666666666667,182.0,33.0,8.333333333333334,3.5,1.0,4.333333333333333,1.5,1.0,2.0,,,,,,,,,,,,,,,,,,,,,,
Marcos Bolados,Colo Colo,0.0,"R$ 4.792.500,00",0.0,0.10369999999999999,1.0,0.0,0.034976598750000004,0.0,1.3333333333333333,10.7,6.640000000000001,0.0,1.2,3.3333333333333335,1.0,1.5,1.0,1.0,171.0,28.0,9.6,2.8333333333333335,0.0,5.6,2.2857142857142856,1.5,0.0,,,,,,,,,,,,,,,,,,,,,,
Carlos Lampe,Bolívar,100.0,"R$ 1.118.250,00",,,,,,,,28.0,7.5375,,,,,,,,192.0,37.0,,,,,,,,4.75,3.125,1.6666666666666667,0.35091249999999996,0.0,,,,,,,,,,,,,,,,,
Guillermo Viscarra,The Strongest,88.51106585790633,"R$ 3.195.000,00",,,,,,,,13.625,7.6375,,,,,,,,190.0,31.0,,,,,,,,5.0,2.625,1.25,0.1747,0.0,,,,,,,,,,,,,,,,,
Washington Aguerre,Peñarol,80.66252857323953,"R$ 5.112.000,00",,,,,,,,8.666666666666666,7.516666666666667,,,,,,,,187.0,31.0,,,,,,,,4.0,2.2,1.8,0.63244,0.0,,,,,,,,,,,,,,,,,
Cleiton,Red Bull Bragantino,70.63931032308253,"R$ 2.556.000,00",,,,,,,,22.714285714285715,7.257142857142857,,,,,,,,190.0,27.0,,,,,,,,3.4285714285714284,2.8333333333333335,1.25,0.0,0.0,,,,,,,,,,,,,,,,,
Santiago Mele,Junior Barranquilla,70.4198656733639,"R$ 15.975.000,00",,,,,,,,18.25,7.275,,,,,,,,182.0,27.0,,,,,,,,3.7142857142857144,2.7142857142857144,1.6,0.40702857142857146,0.0,,,,,,,,,,,,,,,,,
Cesar Rigamonti,Palestino,67.71497292851758,"R$ 798.750,00",,,,,,,,14.75,7.2375,,,,,,,,188.0,37.0,,,,,,,,4.375,3.0,1.6,0.20409999999999998,0.0,,,,,,,,,,,,,,,,,
Rodrigo Morínigo,Libertad,64.14375037474136,"R$ 3.834.000,00",,,,,,,,23.142857142857142,7.128571428571428,,,,,,,,191.0,26.0,,,,,,,,3.142857142857143,1.8571428571428572,1.0,0.26816666666666666,0.0,,,,,,,,,,,,,,,,,
Agustín Rossi,Flamengo,63.7017296663798,"R$ 44.730.000,00",,,,,,,,22.9,7.18,,,,,,,,193.0,29.0,,,,,,,,3.2222222222222223,2.142857142857143,1.0,0.13615000000000002,0.0,,,,,,,,,,,,,,,,,
Jean,Cerro Porteño,57.69048201695045,"R$ 12.780.000,00",,,,,,,,13.857142857142858,7.2,,,,,,,,187.0,28.0,,,,,,,,3.142857142857143,2.3333333333333335,1.5,0.20415714285714287,0.0,,,,,,,,,,,,,,,,,
Leandro Requena,Cobresal,56.76532713571015,"R$ 319.500,00",,,,,,,,15.2,7.2,,,,,,,,186.0,37.0,,,,,,,,4.2,2.0,1.5,0.39913999999999994,0.0,,,,,,,,,,,,,,,,,
Luis Corredor,Rayo Zuliano,56.57535036573457,"R$ 639.000,00",,,,,,,,13.0,6.7,,,,,,,,188.0,27.0,,,,,,,,4.5,4.666666666666667,1.0,0.0,1.0,,,,,,,,,,,,,,,,,
Nicolás Rossi,Sportivo Ameliano,56.430396010552194,"R$ 3.195.000,00",,,,,,,,16.0,7.283333333333334,,,,,,,,186.0,26.0,,,,,,,,3.6666666666666665,2.3333333333333335,1.0,0.0,0.0,,,,,,,,,,,,,,,,,
Carlos Grados,Universidad César Vallejo,54.504001662453796,"R$ 2.875.500,00",,,,,,,,17.666666666666668,7.2,,,,,,,,182.0,29.0,,,,,,,,4.5,2.5,1.0,0.0,0.0,,,,,,,,,,,,,,,,,
Eder Chaux,Independiente Medellín,54.48586995487833,"R$ 2.236.500,00",,,,,,,,12.9,7.340000000000001,,,,,,,,189.0,32.0,,,,,,,,3.8,2.2222222222222223,1.1666666666666667,0.0,0.0,,,,,,,,,,,,,,,,,
Facundo Altamirano,San Lorenzo,50.503236646690354,"R$ 11.502.000,00",,,,,,,,9.833333333333334,6.816666666666666,,,,,,,,188.0,28.0,,,,,,,,3.4,1.4,2.0,0.12367999999999998,0.0,,,,,,,,,,,,,,,,,
Saidt Mustafa,Nacional Potosí,47.69102299886283,"R$ 1.278.000,00",,,,,,,,19.5,6.783333333333334,,,,,,,,187.0,34.0,,,,,,,,3.8,2.6,1.5,0.0,0.0,,,,,,,,,,,,,,,,,
Cristopher Fiermarín,Defensa y Justicia,45.3071310733673,"R$ 9.585.000,00",,,,,,,,21.833333333333332,6.933333333333334,,,,,,,,189.0,26.0,,,,,,,,3.1666666666666665,1.4,1.0,0.0,0.0,,,,,,,,,,,,,,,,,
Álvaro Villete,Metropolitanos,44.27185906730425,"R$ 1.757.250,00",,,,,,,,12.6,6.7,,,,,,,,188.0,33.0,,,,,,,,3.6,2.75,1.5,0.0,0.0,,,,,,,,,,,,,,,,,
John Victor,Botafogo,44.05381815431011,"R$ 22.365.000,00",,,,,,,,19.571428571428573,6.857142857142857,,,,,,,,197.0,28.0,,,,,,,,2.3333333333333335,2.0,1.0,-0.19822857142857142,0.0,,,,,,,,,,,,,,,,,
Álvaro Montero,Millonarios,44.005161697128344,"R$ 9.585.000,00",,,,,,,,13.666666666666666,6.633333333333333,,,,,,,,195.0,29.0,,,,,,,,3.1666666666666665,1.8333333333333333,1.0,-0.026833333333333338,0.0,,,,,,,,,,,,,,,,,
Rafael,São Paulo,43.22200839590171,"R$ 2.556.000,00",,,,,,,,19.6,7.19,,,,,,,,192.0,35.0,,,,,,,,2.875,1.7142857142857142,1.0,0.19009,0.0,,,,,,,,,,,,,,,,,
Agustín Marchesín,Grêmio,36.342075043337665,"R$ 5.112.000,00",,,,,,,,14.5,7.0375000000000005,,,,,,,,188.0,36.0,,,,,,,,3.0,1.75,1.6666666666666667,0.09996249999999997,0.0,,,,,,,,,,,,,,,,,
Luis Mejía,Club Nacional,33.34903641153124,"R$ 2.556.000,00",,,,,,,,11.375,6.9,,,,,,,,191.0,33.0,,,,,,,,2.8333333333333335,1.8333333333333333,1.3333333333333333,-0.03294285714285714,0.0,,,,,,,,,,,,,,,,,
Éverson,Atlético Mineiro,31.605158767446703,"R$ 11.502.000,00",,,,,,,,22.4,6.94,,,,,,,,192.0,34.0,,,,,,,,2.2857142857142856,1.6666666666666667,1.0,0.10218571428571423,0.0,,,,,,,,,,,,,,,,,
Brayan Cortés,Colo Colo,26.698544326961887,"R$ 19.170.000,00",,,,,,,,24.2,6.95,,,,,,,,186.0,29.0,,,,,,,,1.9,1.1111111111111112,1.6,0.025449999999999993,0.0,,,,,,,,,,,,,,,,,
Ángelo Campos,Alianza Lima,23.34783817171837,"R$ 4.473.000,00",,,,,,,,13.0,6.76,,,,,,,,182.0,31.0,,,,,,,,2.5,2.0,2.0,-0.03957999999999999,0.0,,,,,,,,,,,,,,,,,
Gabriel Arias,Racing Club,23.194773076810225,"R$ 5.112.000,00",,,,,,,,16.2,6.95,,,,,,,,188.0,37.0,,,,,,,,2.625,2.5,1.0,0.0,0.0,,,,,,,,,,,,,,,,,
Martín Parra,Huachipato,23.000281418330385,"R$ 3.195.000,00",,,,,,,,17.0,6.671428571428572,,,,,,,,185.0,24.0,,,,,,,,3.0,2.0,0.0,0.06479999999999998,0.0,,,,,,,,,,,,,,,,,
Alain Baroja,Club Always Ready,22.1324021624456,"R$ 1.278.000,00",,,,,,,,15.0,6.783333333333334,,,,,,,,182.0,34.0,,,,,,,,2.6,2.0,2.0,0.0,0.0,,,,,,,,,,,,,,,,,
Sergio Romero,Boca Juniors,19.390951761725727,"R$ 2.556.000,00",,,,,,,,12.833333333333334,6.816666666666666,,,,,,,,192.0,37.0,,,,,,,,3.0,1.0,1.0,0.0,0.0,,,,,,,,,,,,,,,,,
Alexander Domínguez,LDU,19.38393298278433,"R$ 639.000,00",,,,,,,,14.166666666666666,6.816666666666666,,,,,,,,195.0,37.0,,,,,,,,2.0,1.25,1.0,0.15055,0.0,,,,,,,,,,,,,,,,,
Matías Ibáñez,Unión La Calera,19.36743346377833,"R$ 319.500,00",,,,,,,,17.8,7.12,,,,,,,,180.0,37.0,,,,,,,,3.0,2.0,1.5,0.0,0.0,,,,,,,,,,,,,,,,,
Sergio Rochet,Internacional,19.283102180530648,"R$ 22.365.000,00",,,,,,,,14.0,6.833333333333333,,,,,,,,190.0,31.0,,,,,,,,2.2,1.3333333333333333,1.0,0.0,0.0,,,,,,,,,,,,,,,,,
Matías Mansilla,Estudiantes de La Plata,18.2551573747943,"R$ 22.365.000,00",,,,,,,,15.666666666666666,6.566666666666666,,,,,,,,192.0,28.0,,,,,,,,2.4,1.25,1.0,-0.3021666666666667,0.0,,,,,,,,,,,,,,,,,
Franco Armani,River Plate,18.15246780676719,"R$ 6.390.000,00",,,,,,,,13.9,7.109999999999999,,,,,,,,189.0,37.0,,,,,,,,2.0,1.5,1.2,0.16263750000000002,0.0,,,,,,,,,,,,,,,,,
Jorge Broun,Rosario Central,17.705680103933055,"R$ 958.500,00",,,,,,,,11.666666666666666,6.800000000000001,,,,,,,,190.0,38.0,,,,,,,,2.7777777777777777,1.75,1.3333333333333333,-0.10654000000000001,0.0,,,,,,,,,,,,,,,,,
Fábio,Fluminense,14.910859336841515,"R$ 1.278.000,00",,,,,,,,13.181818181818182,7.027272727272727,,,,,,,,188.0,44.0,,,,,,,,2.6363636363636362,2.142857142857143,1.0,0.2611636363636364,0.0,,,,,,,,,,,,,,,,,
Brian Heras,Delfín,14.698715680604622,"R$ 3.834.000,00",,,,,,,,11.166666666666666,6.933333333333334,,,,,,,,180.0,29.0,,,,,,,,2.3333333333333335,2.0,1.3333333333333333,0.0,0.0,,,,,,,,,,,,,,,,,
Guido Herrera,Talleres,13.725830928344603,"R$ 15.975.000,00",,,,,,,,15.875,6.9,,,,,,,,187.0,32.0,,,,,,,,2.0,1.5,1.25,-0.1009375,0.0,,,,,,,,,,,,,,,,,
Moisés Ramírez,Independiente Del Valle,12.590724633743177,"R$ 9.585.000,00",,,,,,,,23.166666666666668,6.666666666666667,,,,,,,,185.0,24.0,,,,,,,,1.75,1.5,1.0,-0.25722000000000006,0.0,,,,,,,,,,,,,,,,,
Diego Rodríguez,Argentinos Juniors,12.19488434096623,"R$ 1.917.000,00",,,,,,,,17.2,6.76,,,,,,,,184.0,35.0,,,,,,,,2.8,1.8,1.0,0.0,0.0,,,,,,,,,,,,,,,,,
Sebastián Britos,Universitario,12.04386263401361,"R$ 639.000,00",,,,,,,,11.5,6.566666666666666,,,,,,,,190.0,36.0,,,,,,,,2.0,1.5,1.75,-0.04551666666666668,0.0,,,,,,,,,,,,,,,,,
Walter,Cuiabá,11.576941548654254,"R$ 1.597.500,00",,,,,,,,16.2,6.92,,,,,,,,188.0,36.0,,,,,,,,2.0,1.0,1.5,0.0,0.0,,,,,,,,,,,,,,,,,
Mauro Goicoechea,Danubio,8.07613523642771,"R$ 639.000,00",,,,,,,,12.5,7.0,,,,,,,,184.0,36.0,,,,,,,,2.3333333333333335,2.0,1.0,0.0,0.0,,,,,,,,,,,,,,,,,
Weverton,Palmeiras,7.866475807034234,"R$ 1.917.000,00",,,,,,,,16.428571428571427,6.742857142857143,,,,,,,,189.0,36.0,,,,,,,,2.5,1.6666666666666667,1.0,-0.26905714285714283,0.0,,,,,,,,,,,,,,,,,
Diego Sánchez,Coquimbo Unido,0.8848864335801203,"R$ 958.500,00",,,,,,,,14.5,6.933333333333334,,,,,,,,182.0,37.0,,,,,,,,2.6,1.4,1.0,0.0,0.0,,,,,,,,,,,,,,,,,
Javier Burrai,Barcelona SC,0.0,"R$ 2.875.500,00",,,,,,,,22.857142857142858,6.557142857142857,,,,,,,,187.0,34.0,,,,,,,,2.6,1.75,1.0,-0.6358833333333332,0.0,,,,,,,,,,,,,,,,,
Hugo Souza,Corinthians,100.0,"R$ 25.560.000,00",,,,,,,,14.631578947368421,7.21578947368421,,,,,,,,199.0,25.0,,,,,,,,4.166666666666667,2.176470588235294,1.1,0.19575,0.0,,,,,,,,,,,,,,,,,
John Victor,Botafogo,91.28342828031691,"R$ 22.365.000,00",,,,,,,,22.93103448275862,7.26551724137931,,,,,,,,197.0,28.0,,,,,,,,3.2962962962962963,2.227272727272727,1.4,0.36867391304347824,0.0,,,,,,,,,,,,,,,,,
Marcos Felipe,Bahia,87.0123389308131,"R$ 12.780.000,00",,,,,,,,27.485714285714284,7.297142857142857,,,,,,,,189.0,28.0,,,,,,,,3.34375,2.5555555555555554,1.9523809523809523,0.07488275862068966,0.0,,,,,,,,,,,,,,,,,
Léo Jardim,Vasco,80.29603063442097,"R$ 35.145.000,00",,,,,,,,14.685714285714285,7.251428571428572,,,,,,,,188.0,29.0,,,,,,,,4.121212121212121,2.4,1.368421052631579,0.28361785714285714,0.0,,,,,,,,,,,,,,,,,
Weverton,Palmeiras,77.8281409543454,"R$ 1.917.000,00",,,,,,,,17.066666666666666,7.373333333333333,,,,,,,,189.0,36.0,,,,,,,,3.466666666666667,2.4,1.8235294117647058,0.4409178571428572,0.0,,,,,,,,,,,,,,,,,
Cleiton,Red Bull Bragantino,75.78206178733453,"R$ 2.556.000,00",,,,,,,,17.555555555555557,7.203703703703703,,,,,,,,190.0,27.0,,,,,,,,3.5,2.3181818181818183,1.4666666666666666,0.3212434782608695,0.0,,,,,,,,,,,,,,,,,
César,Avaí,57.38052508855574,"R$ 1.917.000,00",,,,,,,,14.206896551724139,7.158620689655172,,,,,,,,191.0,29.0,,,,,,,,3.1923076923076925,2.2083333333333335,2.176470588235294,0.0,1.0,,,,,,,,,,,,,,,,,
Léo Linck,Athletico,56.72386365256613,"R$ 6.390.000,00",,,,,,,,13.588235294117647,6.952941176470588,,,,,,,,194.0,23.0,,,,,,,,3.5625,2.0,1.25,-0.042842857142857134,0.0,,,,,,,,,,,,,,,,,
Walter,Cuiabá,55.506800404268056,"R$ 1.597.500,00",,,,,,,,17.035714285714285,7.196428571428571,,,,,,,,188.0,36.0,,,,,,,,3.8076923076923075,2.16,1.5833333333333333,0.14346399999999998,0.0,,,,,,,,,,,,,,,,,
Matheus Cavichioli,Chapecoense,53.41644438036691,"R$ 639.000,00",,,,,,,,17.4,7.159999999999999,,,,,,,,195.0,38.0,,,,,,,,3.6315789473684212,1.875,1.6,0.0,0.0,,,,,,,,,,,,,,,,,
Denis Júnior,Vila Nova FC,52.58118603960056,"R$ 6.390.000,00",,,,,,,,14.03448275862069,7.006896551724138,,,,,,,,186.0,26.0,,,,,,,,3.6666666666666665,2.5454545454545454,1.3333333333333333,0.0,0.0,,,,,,,,,,,,,,,,,
Matheus Albino,CRB,51.030243910501035,"R$ 958.500,00",,,,,,,,15.870967741935484,7.119354838709677,,,,,,,,187.0,29.0,,,,,,,,3.4827586206896552,2.185185185185185,1.6875,0.0,0.0,,,,,,,,,,,,,,,,,
Fábio,Fluminense,50.79058245002243,"R$ 1.278.000,00",,,,,,,,14.84375,7.1625,,,,,,,,188.0,44.0,,,,,,,,3.8666666666666667,2.4444444444444446,1.2857142857142858,0.4378148148148148,0.0,,,,,,,,,,,,,,,,,
Jordi,Novorizontino,47.75354690568308,"R$ 3.834.000,00",,,,,,,,11.892857142857142,7.082142857142857,,,,,,,,191.0,31.0,,,,,,,,3.3461538461538463,2.1,1.6666666666666667,0.0,0.0,,,,,,,,,,,,,,,,,
Matheus Nogueira,Brusque,47.31344477257271,"R$ 639.000,00",,,,,,,,12.212121212121213,7.042424242424243,,,,,,,,191.0,38.0,,,,,,,,3.5806451612903225,2.2962962962962963,1.7619047619047619,0.0,0.0,,,,,,,,,,,,,,,,,
Gabriel Brazão,Santos,45.629145835327215,"R$ 1.917.000,00",,,,,,,,14.708333333333334,7.0625,,,,,,,,191.0,24.0,,,,,,,,2.9583333333333335,2.176470588235294,1.3333333333333333,0.0,0.0,,,,,,,,,,,,,,,,,
Agustín Marchesín,Grêmio,44.972983841998015,"R$ 5.112.000,00",,,,,,,,15.130434782608695,7.208695652173914,,,,,,,,188.0,36.0,,,,,,,,3.761904761904762,2.0,1.4375,0.10080555555555554,0.0,,,,,,,,,,,,,,,,,
Gustavo,Criciúma,41.88199270547856,"R$ 2.875.500,00",,,,,,,,15.962962962962964,7.07037037037037,,,,,,,,186.0,31.0,,,,,,,,3.5185185185185186,2.25,1.2666666666666666,0.164708,0.0,,,,,,,,,,,,,,,,,
Pedro Rocha,Ponte Preta,41.52488065483683,"R$ 9.585.000,00",,,,,,,,16.20689655172414,6.986206896551724,,,,,,,,196.0,26.0,,,,,,,,2.896551724137931,1.9230769230769231,1.5294117647058822,0.0,1.0,,,,,,,,,,,,,,,,,
Alex Muralha,Mirassol,39.64829103302638,"R$ 1.278.000,00",,,,,,,,20.17241379310345,7.172413793103448,,,,,,,,188.0,34.0,,,,,,,,3.4444444444444446,2.1,1.3333333333333333,0.0,0.0,,,,,,,,,,,,,,,,,
Pedro Morisco,Coritiba,38.63003854006144,"R$ 639.000,00",,,,,,,,17.433333333333334,7.066666666666666,,,,,,,,191.0,20.0,,,,,,,,3.1333333333333333,1.7777777777777777,1.25,0.0,1.0,,,,,,,,,,,,,,,,,
Agustín Rossi,Flamengo,37.38418784020015,"R$ 44.730.000,00",,,,,,,,23.555555555555557,7.007407407407407,,,,,,,,193.0,29.0,,,,,,,,2.3846153846153846,1.7222222222222223,1.8,0.12100799999999999,0.0,,,,,,,,,,,,,,,,,
Sergio Rochet,Internacional,35.8283615028383,"R$ 22.365.000,00",,,,,,,,14.176470588235293,6.964705882352941,,,,,,,,190.0,31.0,,,,,,,,2.8125,2.1538461538461537,1.8,0.05148749999999999,0.0,,,,,,,,,,,,,,,,,
Ronaldo,Atlético Goianiense,35.53202748242643,"R$ 7.668.000,00",,,,,,,,15.56,7.016,,,,,,,,193.0,28.0,,,,,,,,3.0416666666666665,2.0434782608695654,1.2941176470588236,-0.15961739130434785,0.0,,,,,,,,,,,,,,,,,
Jefferson Paulino,Ituano,31.46433631343006,"R$ 1.278.000,00",,,,,,,,18.48,6.856,,,,,,,,185.0,32.0,,,,,,,,3.4,2.5454545454545454,1.3333333333333333,0.0,0.0,,,,,,,,,,,,,,,,,
Lucas Arcanjo,Vitória,27.82540284952822,"R$ 6.390.000,00",,,,,,,,18.633333333333333,6.819999999999999,,,,,,,,190.0,26.0,,,,,,,,3.1379310344827585,2.0434782608695654,1.4615384615384615,-0.2874851851851852,0.0,,,,,,,,,,,,,,,,,
Diogo Silva,Paysandu SC,23.758485236979368,"R$ 958.500,00",,,,,,,,23.105263157894736,6.836842105263158,,,,,,,,191.0,38.0,,,,,,,,3.0555555555555554,2.0625,1.5,0.0,0.0,,,,,,,,,,,,,,,,,
Tadeu,Goiás,20.90815663420893,"R$ 9.585.000,00",,,,,,,,18.939393939393938,7.118181818181818,,,,,,,,184.0,32.0,,,,,,,,3.3666666666666667,1.9259259259259258,1.5833333333333333,0.0,1.0,,,,,,,,,,,,,,,,,
Caique França,Sport Recife,18.313004025023712,"R$ 2.875.500,00",,,,,,,,19.15625,6.98125,,,,,,,,186.0,29.0,,,,,,,,2.870967741935484,1.9130434782608696,1.4,0.0,0.0,,,,,,,,,,,,,,,,,
Rafael,São Paulo,10.343424121439957,"R$ 2.556.000,00",,,,,,,,17.545454545454547,6.954545454545454,,,,,,,,192.0,35.0,,,,,,,,2.526315789473684,2.2142857142857144,1.3,-0.22477058823529414,0.0,,,,,,,,,,,,,,,,,
Éverson,Atlético Mineiro,6.251880945945804,"R$ 11.502.000,00",,,,,,,,22.82608695652174,6.934782608695652,,,,,,,,192.0,34.0,,,,,,,,2.5789473684210527,1.7333333333333334,1.2857142857142858,-0.18328823529411767,0.0,,,,,,,,,,,,,,,,,
João Carlos,Botafogo-SP,4.86751073211972,"R$ 1.597.500,00",,,,,,,,14.727272727272727,6.9,,,,,,,,190.0,36.0,,,,,,,,2.7142857142857144,2.0555555555555554,1.1666666666666667,0.0,0.0,,,,,,,,,,,,,,,,,
Vladimir,Guarani,3.628058849862589,"R$ 1.278.000,00",,,,,,,,15.65,6.725,,,,,,,,191.0,35.0,,,,,,,,2.5,1.6842105263157894,1.8,0.0,0.0,,,,,,,,,,,,,,,,,
Rafael Santos,Operário-PR,0.0,"R$ 639.000,00",,,,,,,,26.107142857142858,6.925,,,,,,,,191.0,35.0,,,,,,,,2.2857142857142856,1.7142857142857142,1.1538461538461537,0.0,0.0,,,,,,,,,,,,,,,,,
Adriano Martins,Atlético Goianiense,64.53543851928809,"R$ 3.195.000,00",0.0,0.09421,1.2,0.0,0.01779296470588235,0.0,1.0,33.8,6.993333333333334,0.0,1.2,3.857142857142857,1.9259259259259258,1.0,4.428571428571429,1.0,193.0,27.0,7.533333333333333,1.0,1.0,3.0,1.875,1.1428571428571428,1.0,0.0,0.0,0.0,0.0,1.0,Brasileirão Série A,D,Brazil,40.2,7.5,2663.0,52.63333333333333,1.8333333333333333,4.4,1.9473684210526316,1.0,1.4210526315789473,1.25,1.125,1.3333333333333333,2.0384615384615383,0.31959872806378536
Alan Empereur,Cuiabá,56.75222110917562,"R$ 4.792.500,00",0.0,0.05482222222222222,1.0,1.0,0.025843620476190477,0.0,1.4545454545454546,43.76,6.936,0.0,1.4444444444444444,3.5,2.1052631578947367,1.0,5.666666666666667,1.2,186.0,30.0,9.04,1.0,0.0,2.9523809523809526,1.25,1.125,0.0,0.0,0.0,0.0,0.0,0.0,Brasileirão Série A,D,Brazil,51.52,10.6,2146.0,61.2,2.111111111111111,3.909090909090909,1.7,1.25,1.125,1.0,1.0,1.0,1.75,0.17789408279111238
Alan Franco,São Paulo,50.47163794181459,"R$ 19.170.000,00",0.0,0.15543333333333334,0.0,0.0,0.013553877777777779,0.05,1.0,50.63636363636363,6.873913043478261,0.0,1.25,4.095238095238095,2.8125,0.0,3.65,1.25,183.0,28.0,6.318181818181818,1.0,1.0,3.5,1.5714285714285714,1.3,1.0,0.0,0.0,0.0,0.0,0.0,Brasileirão Série A,D,Argentina,55.95454545454545,6.0,1851.0,62.130434782608695,2.1666666666666665,3.3333333333333335,1.7142857142857142,1.0,1.3,1.5555555555555556,1.5,1.0,1.5555555555555556,0.06354705084516113
Alan Ruschel,Juventude,31.026794945701788,"R$ 1.278.000,00",1.0,0.08082222222222221,1.0,1.0,0.07540472899999999,0.07692307692307693,1.411764705882353,28.555555555555557,6.885185185185185,0.0,2.15,5.407407407407407,1.625,1.6666666666666667,2.380952380952381,1.0,175.0,35.0,12.62962962962963,1.2142857142857142,0.0,4.444444444444445,1.7,2.0588235294117645,1.0,0.0,0.0,0.0,0.0,1.0,Brasileirão Série A,D,Brazil,34.074074074074076,3.3461538461538463,2306.0,59.25925925925926,1.375,2.227272727272727,2.6923076923076925,3.04,1.3,1.4705882352941178,1.2857142857142858,1.0,1.894736842105263,-0.2904742277544772
Alexander Barboza,Botafogo,57.09259750817075,"R$ 15.975.000,00",0.0,0.03476,1.0,1.0,0.04350295888888889,0.0,1.25,35.23809523809524,6.9,0.0,1.3333333333333333,4.578947368421052,3.2941176470588234,0.0,2.6470588235294117,1.0,193.0,29.0,9.9,1.6666666666666667,0.0,3.526315789473684,2.0625,1.4,1.0,0.0,0.0,0.0,0.0,1.0,Brasileirão Série A,D,Argentina,43.476190476190474,6.684210526315789,1583.0,54.142857142857146,1.8571428571428572,4.833333333333333,1.75,0.0,1.6363636363636365,1.1666666666666667,1.2,1.1666666666666667,1.8181818181818181,0.1840911237238413
Alexis Alvarino,Amazonas FC,48.84262634390136,"R$ 2.236.500,00",1.0,0.0,1.0,0.0,0.0,0.0,1.0,38.458333333333336,6.8625,0.0,1.0,2.4210526315789473,1.8666666666666667,0.0,5.318181818181818,1.5,184.0,23.0,10.5,1.0,0.0,2.5714285714285716,1.0714285714285714,1.0,0.0,0.0,0.0,0.0,0.0,0.0,Brasileirão Série B,D,Argentina,48.041666666666664,11.956521739130435,2049.0,55.583333333333336,2.4166666666666665,3.45,1.5,1.0,1.375,1.2,1.3333333333333333,1.0,1.2857142857142858,0.03388855636093359
Ayrton Lucas,Flamengo,27.273905478210313,"R$ 51.120.000,00",1.0,0.06746666666666666,1.2,1.0,0.11283869263157893,0.08,1.3333333333333333,28.466666666666665,6.9655172413793105,0.0,1.75,4.678571428571429,1.7058823529411764,1.5,2.4705882352941178,1.2,180.0,27.0,11.4,1.6666666666666667,1.0,4.444444444444445,1.5,1.3846153846153846,1.0,0.0,0.0,0.0,0.0,1.0,Brasileirão Série A,D,Brazil,33.63333333333333,3.32,2182.0,53.86666666666667,1.6666666666666667,1.5,1.9473684210526316,2.7777777777777777,1.0,2.3333333333333335,1.7222222222222223,1.1333333333333333,1.25,-0.3588009675481616
Bastos,Botafogo,51.620024606070736,"R$ 6.390.000,00",1.0,0.08738333333333333,1.0,0.0,0.016947356666666667,0.0,1.3333333333333333,45.275862068965516,7.031034482758621,0.0,1.0,3.7037037037037037,2.3043478260869565,1.0,3.1666666666666665,1.0,184.0,33.0,6.035714285714286,1.25,1.0,2.5172413793103448,1.5238095238095237,1.375,1.0,0.0,0.0,0.0,0.0,1.0,Brasileirão Série A,D,Angola,50.241379310344826,5.961538461538462,2439.0,59.93103448275862,1.4375,4.0,1.8571428571428572,1.0,1.4285714285714286,1.0,1.0,1.0,1.7857142857142858,0.08445507850514303
Bernardo Schappo,Botafogo-SP,37.788110740121446,"R$ 4.792.500,00",1.0,0.0,1.3333333333333333,0.0,0.0,0.0,1.0,33.583333333333336,6.75,0.0,1.0,4.173913043478261,2.6818181818181817,0.0,3.3043478260869565,1.0,191.0,25.0,9.461538461538462,0.0,1.5,3.5,1.7333333333333334,1.7777777777777777,0.0,0.0,0.0,0.0,0.0,0.0,Brasileirão Série B,D,Brazil,39.38461538461539,7.48,1874.0,47.61538461538461,1.8666666666666667,2.9545454545454546,1.625,1.0,1.3333333333333333,1.0,1.0,1.5,1.0769230769230769,-0.16737476827131811
Bruno Fuchs,Atlético Mineiro,78.01641519429855,"R$ 12.780.000,00",0.0,0.19119999999999995,1.5,1.0,0.056377871,0.041666666666666664,1.125,52.08,7.04,0.0,1.1666666666666667,3.9583333333333335,1.8666666666666667,1.5,5.045454545454546,1.0,190.0,25.0,7.791666666666667,1.0,1.0,2.65,1.5,1.2857142857142858,0.0,0.0,0.0,0.0,0.0,0.0,Brasileirão Série A,D,Brazil,58.24,7.375,1945.0,69.64,1.5,3.5217391304347827,2.0,1.2857142857142858,1.3,1.2222222222222223,1.2857142857142858,1.0,2.066666666666667,0.5650392595308266
Bruno Leonardo,Chapecoense,68.0201392929594,"R$ 319.500,00",1.0,0.0,1.1666666666666667,0.0,0.0,0.0,1.25,32.34782608695652,6.978260869565218,0.0,1.2,4.521739130434782,3.0,0.0,4.0,1.0,187.0,28.0,9.91304347826087,1.0,0.0,3.4761904761904763,2.0,1.4,1.0,0.0,0.0,0.0,0.0,0.0,Brasileirão Série B,D,Brazil,41.43478260869565,9.045454545454545,1924.0,53.78260869565217,1.6428571428571428,6.181818181818182,1.8235294117647058,1.0,1.6666666666666667,1.2,1.3333333333333333,1.5,1.4705882352941178,0.3830427077183846
Bruno Melo,Coritiba,44.16360140464433,"R$ 2.556.000,00",1.0,0.0,1.0,1.0,0.0,0.038461538461538464,1.0,41.03703703703704,6.9,0.0,1.6,3.4,2.227272727272727,1.75,3.769230769230769,1.5,183.0,31.0,8.74074074074074,1.0,1.0,2.5652173913043477,1.3636363636363635,1.0,1.3333333333333333,0.0,0.0,0.0,0.0,0.0,Brasileirão Série B,D,Brazil,47.77777777777778,7.592592592592593,2401.0,58.51851851851852,1.9375,3.4,1.5,2.090909090909091,1.1428571428571428,1.0,1.0,1.0,1.4285714285714286,-0.051299809105761686
Cacá,Corinthians,56.67739166754998,"R$ 12.780.000,00",1.0,0.26871538461538463,1.0,0.0,0.014844913000000001,0.043478260869565216,1.0,39.25925925925926,7.02962962962963,0.0,1.2727272727272727,4.3076923076923075,2.76,1.0,3.8333333333333335,1.0,185.0,25.0,5.666666666666667,1.6666666666666667,1.5,3.185185185185185,1.45,1.0,0.0,0.0,0.0,0.0,0.0,1.0,Brasileirão Série A,D,Brazil,44.2962962962963,5.962962962962963,2415.0,55.51851851851852,2.2857142857142856,4.296296296296297,1.4736842105263157,1.0,1.5,1.0,1.0,1.2857142857142858,1.3846153846153846,0.1765317053933364
Castro,Ponte Preta,37.850971260468846,"R$ 319.500,00",1.0,0.0,1.3333333333333333,0.0,0.0,0.0,1.5,30.4,6.875,0.0,1.25,5.0,2.764705882352941,1.0,2.8,1.0,191.0,29.0,10.157894736842104,1.0,0.0,4.2631578947368425,1.5333333333333334,1.3333333333333333,1.0,0.0,0.0,0.0,0.0,1.0,Brasileirão Série B,D,Brazil,38.5,5.052631578947368,1684.0,48.65,2.235294117647059,2.6,2.4615384615384617,1.1666666666666667,1.1666666666666667,1.6,1.375,1.0,1.1111111111111112,-0.16623030226605
Chico,Sport Recife,44.49215241911499,"R$ 3.195.000,00",1.0,0.0,1.0,0.0,0.0,0.0,1.0,36.8421052631579,6.8950000000000005,0.0,1.4,3.066666666666667,1.7272727272727273,1.0,4.117647058823529,1.0,188.0,26.0,10.263157894736842,1.0,1.0,1.8461538461538463,1.3333333333333333,1.0,0.0,0.0,0.0,0.0,0.0,0.0,Brasileirão Série B,D,Brazil,43.7,8.55,1439.0,53.4,1.75,3.8125,1.5454545454545454,1.0,1.5,1.0,1.0,1.0,1.125,-0.04531806627290048
Claudinho,Criciúma,42.389690002638716,"R$ 12.780.000,00",1.0,0.07579285714285713,1.0,1.0,0.0750512472,0.12,1.7272727272727273,24.379310344827587,6.93448275862069,0.0,1.0,3.269230769230769,1.0,1.1538461538461537,2.0,1.5,180.0,24.0,9.551724137931034,1.3571428571428572,1.0,3.9615384615384617,1.1,2.0,1.0,0.0,0.0,0.0,0.0,0.0,Brasileirão Série A,D,Brazil,29.93103448275862,3.875,1876.0,47.06896551724138,1.2857142857142858,1.75,2.5714285714285716,2.625,1.0,1.875,1.4615384615384615,1.25,1.8125,-0.08359641251809305
Claudinho,Ituano,54.279292999132856,"R$ 12.780.000,00",0.0,0.0,1.0,1.0,0.0,0.041666666666666664,1.1666666666666667,30.26923076923077,6.869230769230769,0.0,1.4,3.6538461538461537,2.56,0.0,4.208333333333333,1.0,183.0,34.0,6.615384615384615,1.0,0.0,2.2916666666666665,1.5,1.3333333333333333,1.0,0.0,0.0,0.0,0.0,0.0,Brasileirão Série B,D,Brazil,36.53846153846154,7.538461538461538,2265.0,47.11538461538461,1.2941176470588236,5.72,1.15,1.0,2.0,1.0,1.0,1.0,1.6,0.1328708768142196
Cuiabano,Botafogo,60.96119344239444,"R$ 22.365.000,00",1.0,0.10335,1.3333333333333333,1.0,0.03629977,0.11764705882352941,1.0,18.6,7.135,0.0,1.6923076923076923,5.65,1.9333333333333333,1.3333333333333333,1.3333333333333333,1.6666666666666667,179.0,21.0,15.45,1.75,1.3333333333333333,4.8,2.25,1.3,0.0,0.0,0.0,0.0,0.0,1.0,Copa do Brasil,D,Brazil,24.5,2.8823529411764706,1537.0,51.9,1.5833333333333333,2.8,3.0555555555555554,4.8,1.0,1.7692307692307692,1.4,1.5,1.875,0.2545244658337785
Damián Suárez,Botafogo,0.0,"R$ 4.153.500,00",0.0,0.02586,0.0,1.0,0.08175375,0.06666666666666667,1.4666666666666666,21.7,6.909999999999999,0.0,1.0833333333333333,3.611111111111111,1.3333333333333333,1.6363636363636365,2.3333333333333335,1.0,172.0,36.0,10.85,1.0,0.0,4.052631578947368,2.3076923076923075,1.5625,1.0,0.0,0.0,0.0,0.0,0.0,Brasileirão Série A,D,Uruguay,28.15,4.2105263157894735,1443.0,46.4,1.4285714285714286,1.9230769230769231,2.1875,3.5625,1.0,1.7777777777777777,1.5,1.2,1.1111111111111112,-0.8553615667636925
Danilo Boza,Juventude,66.53880454813836,"R$ 7.668.000,00",1.0,0.10885714285714286,1.0,0.0,0.03648553272727273,0.0,1.0,49.6,7.032,0.0,1.5,4.375,2.6956521739130435,0.0,2.6818181818181817,1.0,184.0,26.0,6.6,1.0,1.0,2.75,1.0,1.1818181818181819,0.0,0.0,0.0,0.0,0.0,0.0,Brasileirão Série A,D,Brazil,54.96,4.4,2210.0,67.12,2.235294117647059,4.416666666666667,1.4,1.5,1.75,1.3846153846153846,1.5714285714285714,1.2857142857142858,1.3888888888888888,0.3560728823255827
David Braz,Goiás,42.025642646128894,"R$ 958.500,00",0.0,0.0,1.0,0.0,0.0,0.0,1.1666666666666667,36.68,6.9,0.0,1.0,2.909090909090909,1.8333333333333333,0.0,4.318181818181818,1.0,187.0,37.0,8.32,1.0,0.0,2.375,1.3846153846153846,1.0,0.0,0.0,0.0,0.0,0.0,0.0,Brasileirão Série B,D,Brazil,44.32,8.875,2001.0,53.08,1.5555555555555556,3.8095238095238093,1.6153846153846154,1.2,1.75,1.4285714285714286,1.1428571428571428,1.1666666666666667,1.7,-0.09022441721055531
David Luiz,Flamengo,32.567369318675105,"R$ 2.556.000,00",1.0,0.0753,1.0,1.0,0.026085399411764708,0.0,1.0,38.94736842105263,6.847368421052631,0.0,1.0,3.388888888888889,2.2941176470588234,1.0,2.9444444444444446,1.3333333333333333,189.0,37.0,6.631578947368421,1.25,0.0,2.6470588235294117,1.3571428571428572,1.3333333333333333,0.0,0.0,0.0,0.0,0.0,1.0,Brasileirão Série A,D,Brazil,42.15,5.388888888888889,1454.0,50.6,1.6,3.6666666666666665,1.8333333333333333,1.0,1.3333333333333333,1.4,1.0,1.0,1.1,-0.26242585989638334
David Ricardo,Ceará,72.52932676070996,"R$ 3.834.000,00",1.0,0.0,1.0,1.0,0.0,0.045454545454545456,1.2857142857142858,37.34615384615385,6.93076923076923,0.0,1.4705882352941178,5.08,2.9565217391304346,1.0,4.5,1.0,188.0,22.0,11.653846153846153,1.2,0.0,2.9583333333333335,1.2352941176470589,1.1666666666666667,1.0,0.0,0.0,0.0,0.0,1.0,Brasileirão Série B,D,Brazil,47.73076923076923,9.76923076923077,2212.0,57.73076923076923,1.8888888888888888,3.272727272727273,1.6666666666666667,1.2857142857142858,1.2857142857142858,1.0,1.0,1.6,2.0833333333333335,0.46513893822524177
Dieguinho,Goiás,49.66344663312556,"R$ 6.390.000,00",1.0,0.0,1.0,1.0,0.0,0.041666666666666664,1.4285714285714286,30.96551724137931,7.075862068965517,0.0,2.2,5.607142857142857,1.375,1.2857142857142858,2.44,1.5,175.0,28.0,14.310344827586206,1.5384615384615385,0.0,4.035714285714286,1.6428571428571428,1.125,0.0,0.0,0.0,0.0,0.0,0.0,Brasileirão Série B,D,Brazil,37.6551724137931,4.0,2379.0,64.34482758620689,1.55,2.7916666666666665,2.1666666666666665,3.0384615384615383,1.0,2.761904761904762,1.6470588235294117,1.0,1.5789473684210527,0.04883276796242438
Diogo Barbosa,Fluminense,15.442790150096277,"R$ 3.834.000,00",0.0,0.014933333333333333,0.0,0.0,0.040026550625,0.0,1.2307692307692308,31.15,6.734999999999999,0.0,1.5,3.8333333333333335,2.0,1.2222222222222223,1.4444444444444444,1.0,180.0,32.0,9.736842105263158,1.5,0.0,3.263157894736842,1.6666666666666667,1.3333333333333333,2.0,0.0,0.0,0.0,0.0,0.0,Brasileirão Série A,D,Brazil,36.55,2.25,1381.0,52.75,1.25,1.6666666666666667,1.9166666666666667,2.0,1.0,2.1538461538461537,1.6,1.0,1.5,-0.5742034049222263
Diogo Silva,Amazonas FC,34.26705123070819,"R$ 958.500,00",0.0,0.0,1.0,0.0,0.0,0.0,1.0,40.25,6.825,0.0,1.3333333333333333,3.076923076923077,1.75,0.0,4.6875,0.0,187.0,29.0,6.25,1.0,1.0,2.466666666666667,1.5555555555555556,1.0,1.0,0.0,0.0,0.0,0.0,1.0,Brasileirão Série B,D,Brazil,45.9375,8.25,1384.0,54.9375,1.5454545454545454,3.875,1.625,1.0,1.0,1.3333333333333333,1.0,1.1666666666666667,1.7142857142857142,-0.23148071090079
Douglas,Guarani,56.18197402925916,"R$ 639.000,00",1.0,0.0,1.0,0.0,0.0,0.0,1.5,27.428571428571427,6.8047619047619055,0.0,1.0,3.2,2.473684210526316,1.0,2.2,1.3333333333333333,190.0,34.0,6.714285714285714,0.0,0.0,2.2222222222222223,1.2307692307692308,0.0,0.0,0.0,0.0,0.0,0.0,1.0,Brasileirão Série B,D,Brazil,33.904761904761905,5.761904761904762,1809.0,42.61904761904762,1.7857142857142858,5.1,1.375,2.0,1.2727272727272727,1.0,1.0,1.1428571428571428,1.6666666666666667,0.16751191614723177
Douglas Mendes,Red Bull Bragantino,74.45295066585561,"R$ 12.780.000,00",1.0,0.32136,1.0,0.0,0.016066287,0.0,1.0,25.94736842105263,6.9105263157894745,0.0,1.0,4.705882352941177,2.933333333333333,0.0,3.1875,1.0,189.0,20.0,9.263157894736842,0.0,0.0,3.4,2.0,1.0,1.0,0.0,0.0,0.0,0.0,0.0,Brasileirão Série A,D,Brazil,32.526315789473685,6.647058823529412,1437.0,45.31578947368421,1.8461538461538463,4.0,1.8571428571428572,1.25,1.5,1.6,1.6,1.4,1.8181818181818181,0.500161272660168
Edson,Goiás,39.700054347219876,"R$ 1.597.500,00",1.0,0.0,1.0,1.0,0.0,0.05,1.25,34.208333333333336,6.879166666666666,0.0,1.3333333333333333,2.5238095238095237,1.7692307692307692,0.0,4.333333333333333,1.25,183.0,33.0,5.5,1.0,1.0,2.4347826086956523,1.3571428571428572,1.0,1.0,0.0,0.0,0.0,0.0,1.0,Brasileirão Série B,D,Brazil,39.0,6.476190476190476,1808.0,46.083333333333336,1.5833333333333333,2.526315789473684,1.8,1.0,1.8333333333333333,1.0,1.0,1.5,1.5384615384615385,-0.13256509042867876
Ezequiel,Amazonas FC,4.46019582848619,"R$ 1.917.000,00",0.0,0.0,1.0,0.0,0.0,0.0,1.7692307692307692,24.238095238095237,6.895238095238096,0.0,1.5384615384615385,3.5,1.5833333333333333,1.6666666666666667,1.7333333333333334,1.0,179.0,31.0,12.142857142857142,1.5,0.0,3.111111111111111,1.7142857142857142,2.25,1.0,0.0,0.0,0.0,0.0,0.0,Copa do Brasil,D,Brazil,28.952380952380953,3.6842105263157894,1609.0,49.714285714285715,1.5555555555555556,3.0,1.9166666666666667,5.35,1.0,1.0,1.0,0.0,1.0,-0.7741572993740761
Fabiano,Amazonas FC,32.851523966213016,"R$ 639.000,00",0.0,0.0,1.0,0.0,0.0,0.0,1.0,30.464285714285715,6.807142857142857,0.0,1.3076923076923077,3.5714285714285716,2.1818181818181817,1.0,2.0,1.25,180.0,34.0,12.5,1.2,0.0,3.36,1.5384615384615385,1.2,1.0,0.0,0.0,0.0,0.0,0.0,Brasileirão Série B,D,Brazil,38.5,4.642857142857143,2406.0,56.92857142857143,1.8421052631578947,3.52,1.55,1.6666666666666667,1.8333333333333333,1.3636363636363635,1.0,1.1,1.9166666666666667,-0.2572524166517395
Fabrício Bruno,Flamengo,74.43776441260945,"R$ 38.340.000,00",1.0,0.06715,1.0,0.0,0.04201746384615385,0.0,1.1666666666666667,53.148148148148145,7.074074074074074,0.0,1.1,3.2,1.9473684210526316,1.0,4.16,1.3333333333333333,192.0,28.0,5.769230769230769,0.0,0.0,2.0,1.0,1.0,0.0,0.0,0.0,0.0,0.0,0.0,Brasileirão Série A,D,Brazil,58.18518518518518,6.615384615384615,2307.0,66.85185185185185,1.6666666666666667,4.0,1.6666666666666667,1.25,1.5,1.0,1.0,1.0,1.4545454545454546,0.4998847851209052
Fábio Alemão,CRB,39.89085297720533,"R$ 1.917.000,00",0.0,0.0,1.0,1.0,0.0,0.0,1.0,45.411764705882355,6.982352941176471,0.0,1.2222222222222223,3.588235294117647,1.5,1.0,4.4375,0.0,184.0,28.0,8.647058823529411,1.0,1.0,3.3529411764705883,1.5333333333333334,1.0,0.0,0.0,0.0,0.0,0.0,0.0,Brasileirão Série B,D,Brazil,52.705882352941174,8.411764705882353,1513.0,63.529411764705884,1.6363636363636365,3.533333333333333,2.3333333333333335,1.0,1.3333333333333333,1.0909090909090908,1.0,1.0,1.3,-0.12909132749029897
Fábio Sanches,Botafogo-SP,23.631320553116044,"R$ 1.597.500,00",0.0,0.0,1.0,0.0,0.0,0.0,0.0,22.22222222222222,6.683333333333334,0.0,1.4,2.533333333333333,1.5384615384615385,0.0,2.0,1.0,186.0,33.0,5.222222222222222,0.0,0.0,2.1538461538461537,1.25,1.0,0.0,0.0,0.0,0.0,0.0,1.0,Brasileirão Série B,D,Brazil,27.11111111111111,4.235294117647059,1444.0,34.611111111111114,1.5,4.571428571428571,1.5714285714285714,1.0,1.3333333333333333,0.0,0.0,1.0,1.3333333333333333,-0.42511945481223634
Félix Torres,Corinthians,61.90072211080609,"R$ 28.755.000,00",0.0,0.1096142857142857,1.0,1.0,0.047146642307692305,0.0,1.0,35.73076923076923,6.8307692307692305,0.0,1.0,4.681818181818182,3.15,1.0,2.5238095238095237,1.0,187.0,27.0,7.269230769230769,1.0,1.0,3.652173913043478,1.55,1.5555555555555556,1.0,0.0,0.0,0.0,0.0,0.0,Brasileirão Série A,D,Ecuador,42.11538461538461,4.28,2033.0,52.80769230769231,1.631578947368421,3.6666666666666665,2.0,1.0,1.2,1.2857142857142858,1.0,1.0,2.25,0.27162993387682727
Gabriel Risso Patrón,Ponte Preta,35.92003695781992,"R$ 1.917.000,00",0.0,0.0,0.0,0.0,0.0,0.05263157894736842,1.9090909090909092,29.5,6.845454545454545,0.0,1.2,2.764705882352941,1.0,1.25,2.5789473684210527,1.0,179.0,28.0,13.272727272727273,1.0,0.0,2.3684210526315788,1.25,1.1111111111111112,1.0,0.0,0.0,0.0,0.0,0.0,Brasileirão Série B,D,Argentina,36.68181818181818,4.863636363636363,1690.0,58.04545454545455,1.4545454545454546,2.3333333333333335,1.8571428571428572,3.8947368421052633,1.25,1.4166666666666667,1.25,1.3333333333333333,2.176470588235294,-0.20138573298114154
Gabriel Xavier,Bahia,100.0,"R$ 15.975.000,00",0.0,0.083,1.0,0.0,0.011835732631578949,0.0,1.0,57.27272727272727,7.215151515151515,0.0,1.0714285714285714,6.181818181818182,3.9375,0.0,2.875,1.0,190.0,23.0,8.121212121212121,1.0,1.0,3.1818181818181817,1.64,1.3,1.0,0.0,0.0,0.0,0.0,0.0,Brasileirão Série A,D,Brazil,64.9090909090909,6.484848484848484,2970.0,78.51515151515152,2.217391304347826,5.545454545454546,2.1481481481481484,1.0,1.631578947368421,1.0,1.0,1.0,2.0,0.9652819769790377
Gil,Santos,35.44043261652467,"R$ 1.917.000,00",1.0,0.0,1.1666666666666667,0.0,0.0,0.0,1.0,41.07142857142857,6.964285714285714,0.0,1.25,3.7777777777777777,2.6153846153846154,0.0,2.5925925925925926,1.0,191.0,37.0,5.821428571428571,1.0,1.0,2.1904761904761907,1.2307692307692308,1.5,1.25,0.0,0.0,0.0,0.0,0.0,Brasileirão Série B,D,Brazil,46.42857142857143,5.25,2515.0,53.17857142857143,1.7692307692307692,2.6956521739130435,1.4444444444444444,1.0,1.5454545454545454,1.5,1.5,1.0,1.3125,-0.21011761845644333
Gonzalo Escobar,Santos,41.933343945682985,"R$ 3.834.000,00",1.0,0.0,1.0,1.0,0.0,0.08,1.5,33.74074074074074,7.066666666666667,0.0,1.4615384615384615,3.8076923076923075,1.4,1.8235294117647058,3.4,1.2,171.0,27.0,15.37037037037037,1.3333333333333333,1.0,3.925925925925926,1.8181818181818181,1.3636363636363635,1.0,0.0,0.0,0.0,0.0,0.0,Brasileirão Série B,D,Argentina,42.111111111111114,6.888888888888889,2316.0,65.22222222222223,1.4705882352941178,2.1666666666666665,2.3333333333333335,3.740740740740741,1.3333333333333333,1.3888888888888888,1.0,1.3333333333333333,2.0,-0.09190484754118206
Guilherme Arana,Atlético Mineiro,53.99764725944534,"R$ 76.680.000,00",1.0,0.06186666666666666,1.4444444444444444,1.1666666666666667,0.09484461538461539,0.23529411764705882,1.8666666666666667,48.42857142857143,7.423809523809524,0.0,1.3333333333333333,3.5789473684210527,1.6666666666666667,1.5,2.823529411764706,1.0,176.0,27.0,12.333333333333334,1.3333333333333333,1.0,3.388888888888889,1.0769230769230769,1.0909090909090908,1.0,0.0,0.0,0.0,0.0,0.0,Brasileirão Série A,D,Brazil,54.714285714285715,4.5,1678.0,74.71428571428571,1.8,1.6666666666666667,1.875,4.428571428571429,1.0,2.0,1.5714285714285714,1.2,1.7692307692307692,0.12774311183837242
Guilherme Romão,Atlético Goianiense,53.12151609549639,"R$ 2.556.000,00",1.0,0.1067125,1.1111111111111112,1.25,0.10606950826086957,0.22727272727272727,1.8823529411764706,27.964285714285715,7.053571428571429,0.0,1.8333333333333333,5.714285714285714,2.5217391304347827,1.8571428571428572,2.25,1.1,179.0,27.0,16.5,1.3,1.0,4.285714285714286,1.4,1.1,1.0,0.0,0.0,0.0,0.0,0.0,Brasileirão Série A,D,Brazil,35.035714285714285,4.0,2468.0,60.82142857142857,2.0454545454545454,2.3076923076923075,1.6842105263157894,2.923076923076923,1.4,2.5652173913043477,1.625,1.4,1.9285714285714286,0.11179188636721771
Gustavo Gómez,Palmeiras,60.39538761307705,"R$ 44.730.000,00",1.0,0.1647769230769231,1.0,1.0,0.06535680857142857,0.09090909090909091,1.25,37.72727272727273,7.168181818181818,0.0,1.5,5.818181818181818,3.9047619047619047,1.0,2.9,1.1428571428571428,185.0,31.0,8.590909090909092,1.0,0.0,4.7272727272727275,2.3125,1.0,1.0,0.0,0.0,0.0,0.0,1.0,Brasileirão Série A,D,Paraguay,45.45454545454545,5.7727272727272725,1980.0,57.59090909090909,3.210526315789474,4.045454545454546,1.45,1.2,2.0,1.5,1.0,1.2857142857142858,1.75,0.24422315853219156
Hugo,Corinthians,40.29804192483946,"R$ 25.560.000,00",0.0,0.07501818181818182,1.0,1.0,0.029214643571428573,0.17391304347826086,1.2777777777777777,25.25925925925926,6.907407407407407,0.0,1.3333333333333333,5.153846153846154,2.125,1.0,1.625,1.0,179.0,27.0,10.444444444444445,1.3636363636363635,1.0,4.269230769230769,1.8636363636363635,1.2941176470588236,1.0,0.0,0.0,0.0,0.0,1.0,Brasileirão Série A,D,Brazil,31.703703703703702,3.125,2070.0,51.888888888888886,1.434782608695652,3.0833333333333335,2.4583333333333335,1.588235294117647,1.0,1.5454545454545454,1.3333333333333333,1.4285714285714286,1.5555555555555556,-0.12167786820436427
Ianson,Brusque,67.01400896074955,"R$ 639.000,00",1.0,0.0,1.0,0.0,0.0,0.0,1.5,32.65,7.0200000000000005,0.0,1.0,4.611111111111111,2.5625,0.0,3.789473684210526,0.0,187.0,29.0,7.2631578947368425,1.0,0.0,2.4444444444444446,1.3,1.375,0.0,0.0,0.0,0.0,0.0,1.3333333333333333,Brasileirão Série B,D,Brazil,38.7,6.85,1716.0,50.55,1.4166666666666667,5.315789473684211,2.6923076923076925,0.0,1.3333333333333333,1.0,1.0,1.0,1.9333333333333333,0.36472466078336885
Igor Vinícius,São Paulo,22.54224807182097,"R$ 15.975.000,00",0.0,0.2601,1.0,1.0,0.10469863238095238,0.10526315789473684,1.588235294117647,39.69565217391305,6.856521739130434,0.0,1.7333333333333334,4.333333333333333,1.1428571428571428,2.1666666666666665,1.4736842105263157,1.0,173.0,27.0,11.130434782608695,1.6666666666666667,1.5,4.1,1.3636363636363635,1.3636363636363635,1.0,0.0,0.0,0.0,0.0,1.0,Brasileirão Série A,D,Brazil,44.65217391304348,2.3043478260869565,1739.0,65.3913043478261,1.3636363636363635,2.3333333333333335,2.7333333333333334,3.7142857142857144,0.0,2.533333333333333,1.7777777777777777,1.0,1.25,-0.44494758262961387
Jefferson,Guarani,23.428193580240137,"R$ 3.195.000,00",0.0,0.0,1.3333333333333333,1.0,0.0,0.05263157894736842,2.3333333333333335,30.272727272727273,6.828571428571429,0.0,1.7142857142857142,3.263157894736842,1.5,1.5,3.388888888888889,1.0,176.0,27.0,15.619047619047619,1.5,0.0,2.75,1.5833333333333333,1.3333333333333333,1.0,0.0,0.0,0.0,0.0,0.0,Brasileirão Série B,D,Brazil,39.22727272727273,7.35,1658.0,60.04545454545455,1.5,2.3333333333333335,1.3333333333333333,4.0,1.0,1.3333333333333333,1.5,1.3,1.5,-0.4288176729295016
Joaquín Piquerez,Palmeiras,47.03551613575441,"R$ 83.070.000,00",1.0,0.15416153846153843,1.1666666666666667,1.0,0.10684522,0.0,1.8181818181818181,29.88888888888889,7.105555555555556,0.0,1.5384615384615385,4.4375,1.5555555555555556,1.3333333333333333,2.6,1.2222222222222223,183.0,26.0,11.61111111111111,2.0,1.0,2.9411764705882355,1.2222222222222223,1.4615384615384615,0.0,0.0,0.0,0.0,0.0,0.0,Brasileirão Série A,D,Uruguay,35.72222222222222,4.277777777777778,1431.0,58.388888888888886,1.1666666666666667,2.0,2.3076923076923075,4.611111111111111,1.0,1.4545454545454546,1.0,1.6,1.5,0.0009875210279904258
João Lucas,Juventude,58.30232374600739,"R$ 10.863.000,00",1.0,0.059669230769230766,1.0,1.4,0.16535987400000002,0.13043478260869565,1.5789473684210527,25.23076923076923,7.123076923076923,0.0,1.5,6.12,1.6,1.7058823529411764,2.3636363636363638,1.0,181.0,26.0,17.076923076923077,1.3333333333333333,0.0,3.6538461538461537,1.7777777777777777,1.2777777777777777,1.0,0.0,0.0,0.0,0.0,1.0,Brasileirão Série A,D,Brazil,33.84615384615385,5.1923076923076925,2213.0,59.96153846153846,1.25,2.0454545454545454,3.260869565217391,4.04,1.1,1.8888888888888888,1.9230769230769231,1.25,1.7222222222222223,0.20611592636997556
João Marcelo,Cruzeiro,95.71688237745336,"R$ 25.560.000,00",0.0,0.0665375,1.0,1.0,0.03864805294117647,0.1,1.0,51.69565217391305,7.221739130434782,0.0,1.25,5.260869565217392,3.3333333333333335,0.0,3.0,1.0,189.0,24.0,5.869565217391305,1.2,1.0,3.45,1.3333333333333333,1.0,1.0,0.0,0.0,0.0,0.0,0.0,Brasileirão Série A,D,Brazil,56.56521739130435,4.7727272727272725,2063.0,69.56521739130434,2.411764705882353,5.434782608695652,1.8333333333333333,1.0,1.9090909090909092,1.625,1.6,1.4,1.7777777777777777,0.8873016725132351
João Pedro,Grêmio,27.2287367402794,"R$ 2.875.500,00",0.0,0.05555555555555555,1.0,1.0,0.09839274347826087,0.09090909090909091,1.2,29.346153846153847,6.846153846153846,0.0,1.0,4.434782608695652,1.5625,1.2,1.6875,1.0,179.0,27.0,13.26923076923077,1.2142857142857142,1.0,4.190476190476191,1.3333333333333333,1.3333333333333333,1.0,0.0,0.0,0.0,0.0,2.0,Brasileirão Série A,D,Brazil,36.5,3.269230769230769,2194.0,58.5,1.5625,2.388888888888889,1.8421052631578947,2.0,1.2222222222222223,2.95,2.0,1.0,1.5555555555555556,-0.3596233292590909
João Victor,Mirassol,72.4887245149255,"R$ 31.950.000,00",1.0,0.0,1.0,1.0,0.0,0.038461538461538464,1.3333333333333333,49.06896551724138,7.093103448275862,0.0,1.3333333333333333,3.619047619047619,2.6315789473684212,1.0,4.035714285714286,1.0,188.0,27.0,6.035714285714286,0.0,0.0,2.25,1.4666666666666666,1.0,0.0,0.0,0.0,0.0,0.0,0.0,Brasileirão Série B,D,Brazil,54.58620689655172,6.620689655172414,2520.0,62.62068965517241,1.5,4.384615384615385,1.375,1.0,1.75,1.0,1.0,1.0,1.2666666666666666,0.46439971605875224
Kaique Rocha,Athletico,79.43383013241204,"R$ 19.170.000,00",0.0,0.14765555555555554,1.25,1.0,0.03281010476190476,0.038461538461538464,1.3846153846153846,37.36666666666667,7.109677419354839,0.0,1.2727272727272727,4.870967741935484,2.888888888888889,1.0,2.5714285714285716,1.0,195.0,23.0,6.766666666666667,1.0,1.0,2.7142857142857144,1.5555555555555556,1.3,1.0,0.0,0.0,0.0,0.0,0.0,Brasileirão Série A,D,Brazil,41.903225806451616,4.862068965517241,2665.0,53.903225806451616,1.7058823529411764,5.172413793103448,1.8333333333333333,1.25,1.2777777777777777,1.3333333333333333,1.2307692307692308,1.0,1.5217391304347827,0.5908453330896347
Kanu,Bahia,55.08803456705616,"R$ 22.365.000,00",0.0,0.0378,1.0,0.0,0.012736969999999999,0.0,1.0,59.22222222222222,6.988888888888888,0.0,1.7142857142857142,3.9615384615384617,2.238095238095238,0.0,3.142857142857143,0.0,186.0,27.0,4.461538461538462,1.0,0.0,2.9583333333333335,1.7058823529411764,1.1428571428571428,0.0,0.0,0.0,0.0,0.0,0.0,Brasileirão Série A,D,Brazil,63.148148148148145,4.478260869565218,2430.0,72.70370370370371,1.8333333333333333,3.9130434782608696,1.8,0.0,1.6153846153846154,1.0,1.0,1.3333333333333333,1.5789473684210527,0.14759517795617902
Kevyn,Paysandu SC,12.863408048924395,"R$ 639.000,00",1.0,0.0,1.3333333333333333,0.0,0.0,0.0,1.0,14.24,6.704,0.0,2.0526315789473686,3.9166666666666665,1.6875,1.0,1.9166666666666667,1.0,178.0,26.0,8.88,1.375,0.0,3.5,1.6428571428571428,1.25,1.0,0.0,0.0,0.0,0.0,0.0,Brasileirão Série B,D,Brazil,18.44,2.857142857142857,1856.0,35.4,1.8823529411764706,2.0,1.5714285714285714,1.75,1.0,1.4285714285714286,1.2,1.0,1.2142857142857142,-0.6211647586156678
Luan Cândido,Red Bull Bragantino,64.05503387413609,"R$ 44.730.000,00",1.0,0.11743846153846155,1.4,0.0,0.013174689285714287,0.0,1.2,30.4,6.912000000000001,0.0,1.125,5.0,2.869565217391304,0.0,2.619047619047619,1.1428571428571428,187.0,23.0,9.36,1.0,0.0,4.12,2.473684210526316,1.4,1.0,0.0,0.0,0.0,0.0,0.0,Brasileirão Série A,D,Brazil,36.6,4.48,2114.0,53.12,1.8823529411764706,4.086956521739131,2.0476190476190474,1.8,1.5555555555555556,1.1111111111111112,1.0,1.2222222222222223,1.9444444444444444,0.31085227190798487
Lucas Esquivel,Athletico,63.33041510574218,"R$ 19.170.000,00",0.0,0.041791666666666664,1.0,1.0,0.142609303,0.2,1.8888888888888888,37.07142857142857,7.110714285714286,0.0,1.4,5.035714285714286,1.5,1.5714285714285714,2.75,1.0,183.0,22.785714285714285,15.178571428571429,1.4666666666666666,0.0,4.071428571428571,1.5555555555555556,1.8235294117647058,0.0,0.0,0.0,0.0,0.0,0.0,Brasileirão Série A,D,Argentina,45.392857142857146,5.642857142857143,2286.0,70.42857142857143,1.5,3.2,2.75,4.5,1.5,2.3125,1.9230769230769231,1.2,1.5,0.2976595470844734
Lucas Esteves,Vitória,42.61892869036708,"R$ 7.668.000,00",1.0,0.06953333333333334,1.0,1.0,0.0793029,0.08333333333333333,1.3888888888888888,27.51851851851852,6.892592592592592,1.0,1.2777777777777777,4.8076923076923075,2.0952380952380953,1.375,1.6,1.0,171.0,24.0,11.518518518518519,1.1666666666666667,0.0,3.8461538461538463,1.8125,1.1818181818181819,1.1666666666666667,0.0,0.0,0.0,0.0,0.0,Brasileirão Série A,D,Brazil,33.55555555555556,3.08,2235.0,55.0,1.6111111111111112,3.0,2.142857142857143,3.4444444444444446,1.2,1.8235294117647058,1.0833333333333333,1.0769230769230769,1.5,-0.0794227931502062
Lucas Halter,Botafogo,43.12701421248097,"R$ 19.170.000,00",1.0,0.03956666666666667,1.0,0.0,0.015000194615384616,0.0,1.0,48.05555555555556,6.838888888888889,0.0,1.2,2.466666666666667,1.7,0.0,3.9375,1.0,187.0,24.0,4.888888888888889,0.0,0.0,3.3333333333333335,1.5384615384615385,1.375,0.0,0.0,0.0,0.0,0.0,1.0,Brasileirão Série A,D,Brazil,52.72222222222222,5.611111111111111,1512.0,60.27777777777778,1.9,4.294117647058823,1.4,0.0,1.25,0.0,0.0,1.0,1.375,-0.07017236689514807
Lucas Maia,Paysandu SC,38.84811551432211,"R$ 5.112.000,00",1.0,0.0,1.0,1.0,0.0,0.0,1.25,37.95652173913044,6.695652173913044,0.0,1.0,2.8,2.210526315789474,0.0,3.2,1.0,190.0,31.0,7.318181818181818,1.0,1.0,2.5454545454545454,1.625,1.2,1.0,0.0,0.0,0.0,0.0,1.0,Brasileirão Série B,D,Brazil,44.30434782608695,6.318181818181818,1922.0,53.43478260869565,1.5333333333333334,3.5652173913043477,1.4285714285714286,0.0,2.0,1.0,1.0,1.0,1.625,-0.14807585978646895
Lucas Piton,Vasco,70.77651277064686,"R$ 51.120.000,00",1.0,0.06748,1.0,1.2,0.20529569090909092,0.2608695652173913,1.88,29.9,7.1066666666666665,0.0,1.375,4.413793103448276,1.8,2.04,2.0833333333333335,2.0,176.0,24.0,13.8,1.1818181818181819,0.0,3.533333333333333,1.4705882352941178,1.3529411764705883,0.0,0.0,0.0,0.0,0.0,0.0,Brasileirão Série A,D,Brazil,36.13333333333333,3.6,2602.0,60.266666666666666,1.625,3.1538461538461537,2.608695652173913,5.827586206896552,1.25,2.0,1.7692307692307692,1.2,1.6666666666666667,0.43322644348133843
Lucas Ramon,Mirassol,38.91061353078168,"R$ 1.597.500,00",1.0,0.0,1.0,1.0,0.0,0.07692307692307693,1.1428571428571428,26.533333333333335,7.016666666666667,0.0,1.68,4.9,1.68,1.2857142857142858,2.0454545454545454,1.0,178.0,30.0,14.4,1.4285714285714286,0.0,3.4444444444444446,1.4666666666666666,1.7,1.0,0.0,0.0,0.0,0.0,0.0,Brasileirão Série B,D,Brazil,35.0,4.3,2559.0,57.3,1.3125,2.72,1.75,2.7037037037037037,1.2,1.75,1.4,1.0,1.9444444444444444,-0.14693799368483063
Lucas Ribeiro,Goiás,28.313479613622093,"R$ 6.390.000,00",0.0,0.0,1.0,0.0,0.0,0.05,1.0,33.92,6.852,0.0,1.2307692307692308,3.260869565217391,1.631578947368421,1.0,4.5,0.0,190.0,25.0,7.5,1.1428571428571428,0.0,3.9,2.2222222222222223,1.0,0.0,0.0,0.0,0.0,0.0,1.0,Brasileirão Série B,D,Brazil,39.92,7.2,2127.0,47.96,1.7,2.7777777777777777,1.5384615384615385,1.3333333333333333,1.5714285714285714,1.5,1.0,1.0,1.5,-0.3398740281693678
Luciano Castan,Sport Recife,49.725980647117325,"R$ 1.917.000,00",1.0,0.0,1.0,1.0,0.0,0.0,1.0,52.35,6.9409090909090905,0.0,1.3333333333333333,3.473684210526316,2.5555555555555554,0.0,5.1,1.0,187.0,35.0,8.181818181818182,1.0,1.0,3.0,1.6363636363636365,1.0,1.0,0.0,0.0,0.0,0.0,0.0,Brasileirão Série B,D,Brazil,54.72727272727273,8.454545454545455,1807.0,64.31818181818181,1.6153846153846154,4.428571428571429,1.25,0.0,1.5,1.4,1.0,1.2,1.5384615384615385,0.049971289450808566
Luciano Juba,Bahia,54.613306621666915,"R$ 15.975.000,00",1.0,0.07924615384615384,1.2,1.0,0.09361689666666667,0.037037037037037035,1.9090909090909092,45.970588235294116,7.085294117647059,0.0,1.1,3.1724137931034484,1.45,1.7058823529411764,2.7857142857142856,1.25,176.0,25.0,11.941176470588236,1.1666666666666667,1.0,2.9285714285714284,1.1111111111111112,1.6842105263157894,1.0,0.0,0.0,0.0,0.0,0.0,Brasileirão Série A,D,Brazil,53.5,5.5,2864.0,71.70588235294117,1.4666666666666666,2.6785714285714284,2.142857142857143,3.8333333333333335,1.0,1.3333333333333333,1.0,1.0,2.12,0.13895207426810724
Luiz Otávio,Mirassol,68.1301157999621,"R$ 5.751.000,00",1.0,0.0,1.0,1.0,0.0,0.09523809523809523,1.2857142857142858,46.2,7.195833333333333,0.0,1.0,4.333333333333333,3.4782608695652173,0.0,7.041666666666667,1.0,194.0,32.0,10.2,1.0,0.0,3.0869565217391304,1.5,1.3333333333333333,1.0,0.0,0.0,0.0,0.0,0.0,Brasileirão Série B,D,Brazil,55.92,12.36,2161.0,65.96,1.9,5.291666666666667,1.2666666666666666,0.0,1.6666666666666667,1.0,0.0,1.375,1.4,0.38504498789276315
Léo,Vasco,52.50966405593364,"R$ 15.975.000,00",0.0,0.1961166666666667,1.0,1.0,0.05584696166666667,0.047619047619047616,1.0,33.464285714285715,6.839285714285714,0.0,1.3333333333333333,3.076923076923077,1.45,1.0,3.0,1.0,183.0,28.0,6.785714285714286,1.0,1.0,2.36,1.2857142857142858,1.2,1.0,0.0,0.0,0.0,0.0,0.0,Brasileirão Série A,D,Brazil,39.714285714285715,6.25,2520.0,49.82142857142857,1.7333333333333334,4.571428571428571,1.6818181818181819,1.25,1.9166666666666667,1.5,2.0,1.0,1.4375,0.1006522417116603
Léo Ortiz,Flamengo,48.99335043786424,"R$ 57.510.000,00",0.0,0.1101,1.0,1.3333333333333333,0.06583062142857143,0.08695652173913043,1.6363636363636365,31.44,7.075,0.0,1.0,3.4782608695652173,1.9523809523809523,1.0,3.625,1.0,185.0,28.0,5.583333333333333,2.0,1.0,2.1578947368421053,1.3333333333333333,1.0,0.0,0.0,0.0,0.0,0.0,0.0,Brasileirão Série A,D,Brazil,35.96,4.25,1753.0,43.16,1.2,2.466666666666667,1.8666666666666667,1.0,1.25,1.1,1.0,1.0,1.5384615384615385,0.03663270484653337
Léo Pereira,Flamengo,50.33580032187827,"R$ 57.510.000,00",0.0,0.0766,0.0,1.0,0.042797968000000006,0.0,1.1666666666666667,41.285714285714285,7.014285714285714,0.0,1.3636363636363635,3.9615384615384617,2.142857142857143,1.0,3.3076923076923075,1.0,189.0,28.0,9.392857142857142,1.0,0.0,2.782608695652174,1.5,1.2,1.0,0.0,0.0,0.0,0.0,1.0,Brasileirão Série A,D,Brazil,49.107142857142854,6.892857142857143,2098.0,59.67857142857143,1.875,3.4583333333333335,1.9444444444444444,1.9166666666666667,1.6666666666666667,1.2222222222222223,1.0,1.25,1.4285714285714286,0.061073931987816674
Maguinho,Atlético Goianiense,29.712871848168092,"R$ 1.917.000,00",0.0,0.04794444444444444,1.0,1.0,0.07699015111111111,0.1,1.6470588235294117,23.0,6.7714285714285705,1.0,1.4,4.473684210526316,1.8666666666666667,1.2307692307692308,1.9230769230769231,2.0,175.0,32.0,12.571428571428571,1.25,0.0,4.578947368421052,2.2857142857142856,1.1666666666666667,1.0,0.0,0.0,0.0,0.0,1.0,Brasileirão Série A,D,Brazil,29.0,3.8,1547.0,48.54545454545455,1.9230769230769231,2.1538461538461537,2.6153846153846154,3.2222222222222223,1.2,1.6428571428571428,1.5,1.1111111111111112,1.4545454545454546,-0.31439608379946876
Maicon,Vasco,69.15562756583267,"R$ 1.597.500,00",1.0,0.1676,1.0,0.0,0.04033039764705883,0.0,1.0,33.733333333333334,7.016129032258065,0.0,1.1,4.419354838709677,3.107142857142857,0.0,6.3,1.0,191.0,36.0,8.866666666666667,1.0,1.0,2.75,1.3,1.4166666666666667,1.0,0.0,0.0,0.0,0.0,0.0,Brasileirão Série A,D,Brazil,41.7,11.0,2524.0,52.38709677419355,1.7916666666666667,5.580645161290323,1.8571428571428572,1.8333333333333333,1.8666666666666667,1.0,1.0,1.0,1.8235294117647058,0.40371590164840804
Mancha,Chapecoense,46.086587447175546,"R$ 3.195.000,00",1.0,0.0,1.1666666666666667,1.0,0.0,0.1,1.9285714285714286,22.52173913043478,7.065217391304348,0.0,1.25,3.409090909090909,1.5,2.0,2.0526315789473686,1.2,178.0,23.0,13.347826086956522,1.0,0.0,2.65,1.2,1.4,0.0,0.0,0.0,0.0,0.0,0.0,Brasileirão Série B,D,Brazil,30.47826086956522,5.0,2042.0,52.391304347826086,1.2352941176470589,3.1578947368421053,1.6875,3.65,1.4,1.4666666666666666,1.1666666666666667,1.2,1.3076923076923077,-0.016289087875343188
Marcelinho,Chapecoense,40.85708353329317,"R$ 2.556.000,00",1.0,0.0,1.6,1.0,0.0,0.11538461538461539,1.6666666666666667,14.214285714285714,6.910344827586207,0.0,1.8571428571428572,4.4,1.7647058823529411,1.5,2.1176470588235294,1.125,169.24137931034483,25.75862068965517,11.03448275862069,1.75,1.0,3.4583333333333335,1.3571428571428572,1.5714285714285714,0.0,0.0,0.0,0.0,0.0,0.0,Brasileirão Série B,D,Brazil,19.103448275862068,4.904761904761905,1830.0,38.03448275862069,1.2666666666666666,3.0555555555555554,1.7777777777777777,3.45,1.0,1.5,1.8,1.8888888888888888,1.6666666666666667,-0.11149971325321614
Marcelo Benevenuto,Coritiba,48.50506529076753,"R$ 12.780.000,00",0.0,0.0,1.0,0.0,0.0,0.0,1.0,33.22222222222222,6.938888888888888,0.0,1.5,4.3125,2.5714285714285716,0.0,4.117647058823529,1.0,180.0,28.0,8.722222222222221,1.0,1.0,2.9411764705882355,2.142857142857143,1.2,0.0,0.0,0.0,0.0,0.0,0.0,Brasileirão Série B,D,Brazil,41.05555555555556,8.38888888888889,1514.0,51.05555555555556,1.6666666666666667,4.277777777777778,2.0,1.0,1.5,1.2,1.0,1.0,1.3333333333333333,0.027742772840862552
Marcelo Hermes,Criciúma,36.66821396045196,"R$ 2.875.500,00",1.0,0.09312000000000001,1.2,1.3333333333333333,0.09963681923076922,0.12,2.2222222222222223,21.5,6.992857142857143,0.0,1.2,3.5357142857142856,1.8125,2.1176470588235294,1.8421052631578947,1.1111111111111112,177.0,29.0,15.25,1.125,1.0,4.0,1.5294117647058822,1.6,1.0,0.0,0.0,0.0,0.0,0.0,Brasileirão Série A,D,Brazil,29.892857142857142,5.230769230769231,2459.0,51.92857142857143,1.6521739130434783,3.3181818181818183,1.9130434782608696,5.607142857142857,1.0,1.3888888888888888,1.1666666666666667,1.1666666666666667,2.0555555555555554,-0.18776409668695343
Marcos Rocha,Palmeiras,21.59740425148744,"R$ 3.195.000,00",0.0,0.10635,0.0,1.0,0.10070545555555556,0.08695652173913043,1.6666666666666667,33.17391304347826,7.073913043478262,0.0,1.25,3.8,1.3333333333333333,1.125,3.8636363636363638,1.0,176.0,35.0,14.818181818181818,1.0,0.0,3.5,1.7692307692307692,1.7272727272727273,1.0,0.0,0.0,0.0,0.0,0.0,Brasileirão Série A,D,Brazil,42.34782608695652,7.478260869565218,1557.0,61.0,2.125,2.375,2.75,2.4444444444444446,1.0,1.3333333333333333,1.2,1.0,1.5333333333333334,-0.4621498206429685
Marllon,Cuiabá,61.12120219851458,"R$ 3.195.000,00",1.0,0.09734,1.0,1.0,0.03720472166666667,0.0,1.0,34.52,7.041666666666667,1.0,1.25,4.565217391304348,2.8636363636363638,0.0,2.9130434782608696,1.0,184.0,32.0,5.5,1.0,1.0,2.9473684210526314,1.5833333333333333,1.0,0.0,0.0,0.0,0.0,0.0,1.0,Brasileirão Série A,D,Brazil,39.36,4.958333333333333,2162.0,50.8,2.1333333333333333,4.6521739130434785,1.8235294117647058,1.0,1.5714285714285714,1.0,1.0,1.0,1.6875,0.25743765492150283
Marlon,Cruzeiro,39.02184668928573,"R$ 31.950.000,00",0.0,0.08030000000000001,1.0,1.0,0.073584291,0.0,1.3571428571428572,33.666666666666664,6.909523809523809,0.0,1.25,4.105263157894737,1.4666666666666666,1.3,3.619047619047619,1.0,178.0,27.0,12.80952380952381,1.1428571428571428,1.0,3.2,1.6666666666666667,1.4,0.0,0.0,0.0,0.0,0.0,0.0,Brasileirão Série A,D,Brazil,42.142857142857146,7.142857142857143,1633.0,62.23809523809524,1.4285714285714286,1.8823529411764706,2.1666666666666665,3.1875,1.2,1.4,1.2857142857142858,1.3333333333333333,1.8,-0.14491283436602545
Mateus Henrique,América Mineiro,66.80425567912329,"R$ 2.875.500,00",0.0,0.0,1.0,1.0,0.0,0.11764705882352941,1.6428571428571428,43.095238095238095,7.085714285714286,0.0,1.5454545454545454,4.7,1.6923076923076923,1.5,3.8947368421052633,1.1666666666666667,178.0,22.0,16.05,1.5,0.0,3.8,1.4615384615384615,1.4285714285714286,0.0,0.0,0.0,0.0,0.0,1.0,Brasileirão Série B,D,Brazil,52.38095238095238,7.05,1707.0,72.54545454545455,1.1666666666666667,1.9444444444444444,3.0625,3.6,1.0,1.3846153846153846,2.0,1.2,1.9090909090909092,0.360905801203652
Mateus Pivô,Brusque,37.32148662429233,"R$ 319.500,00",1.5,0.0,1.25,0.0,0.0,0.0,1.3333333333333333,21.214285714285715,6.910714285714286,0.0,1.3333333333333333,5.285714285714286,2.52,1.25,2.0,1.3333333333333333,185.0,26.0,14.25,1.3,1.0,4.892857142857143,2.2916666666666665,1.1666666666666667,1.0,0.0,0.0,0.0,0.0,1.0,Brasileirão Série B,D,Brazil,28.678571428571427,4.0,2209.0,50.392857142857146,2.0,3.227272727272727,1.9565217391304348,2.2857142857142856,1.2,2.2,1.5384615384615385,1.0,1.4615384615384615,-0.17587033010970746
Mateus Silva,Ponte Preta,46.91363244964402,"R$ 958.500,00",0.0,0.0,1.0,0.0,0.0,0.058823529411764705,1.0,33.411764705882355,6.788235294117648,0.0,1.3333333333333333,3.0588235294117645,1.9,1.0,3.1875,1.0,192.0,29.0,10.352941176470589,1.0,0.0,2.6875,1.6428571428571428,1.4285714285714286,1.0,0.0,0.0,0.0,0.0,0.0,Brasileirão Série B,D,Brazil,43.11764705882353,8.588235294117647,1481.0,54.76470588235294,1.3333333333333333,4.882352941176471,1.5714285714285714,1.0,1.25,1.0,1.0,1.0,1.75,-0.0012315464340542353
Matheus Alexandre,Cuiabá,36.365375595752255,"R$ 9.585.000,00",0.0,0.04316,1.0,0.0,0.0325268425,0.0,1.8,27.695652173913043,6.758333333333333,0.0,1.0,4.545454545454546,2.2222222222222223,1.3333333333333333,1.9285714285714286,1.0,188.0,25.0,11.5,1.1428571428571428,0.0,3.7083333333333335,1.6875,1.5833333333333333,0.0,0.0,0.0,0.0,0.0,1.0,Brasileirão Série A,D,Brazil,32.666666666666664,3.272727272727273,1888.0,53.166666666666664,1.6923076923076923,2.25,2.142857142857143,2.375,1.0,1.1428571428571428,1.3333333333333333,1.0,1.7222222222222223,-0.19327770382183462
Matheus Bahia,Ceará,31.407575481154407,"R$ 7.668.000,00",0.0,0.0,1.0,1.0,0.0,0.16,1.6,22.142857142857142,6.982142857142857,0.0,1.7647058823529411,4.357142857142857,1.5,1.4285714285714286,1.9047619047619047,1.0,181.0,25.0,15.214285714285714,1.4444444444444444,0.0,3.576923076923077,1.619047619047619,1.2727272727272727,1.0,0.0,0.0,0.0,0.0,0.0,Brasileirão Série B,D,Brazil,29.714285714285715,4.538461538461538,2307.0,53.464285714285715,1.1666666666666667,1.5263157894736843,2.3043478260869565,3.730769230769231,1.0,1.8695652173913044,1.411764705882353,1.375,1.3125,-0.28354157151993
Matheus Costa,Botafogo-SP,31.970955102729405,"R$ 1.917.000,00",0.0,0.0,1.0,1.0,0.0,0.058823529411764705,1.5,29.857142857142858,6.714285714285714,0.0,1.2857142857142858,3.8333333333333335,2.6923076923076925,1.3333333333333333,2.375,1.0,188.0,29.0,7.333333333333333,1.0,0.0,3.1,1.7142857142857142,1.7142857142857142,0.0,0.0,0.0,0.0,0.0,0.0,Brasileirão Série B,D,Brazil,36.23809523809524,5.25,1551.0,46.42857142857143,1.6428571428571428,3.4285714285714284,1.4666666666666666,1.3333333333333333,1.125,1.3333333333333333,1.5,1.125,1.1,-0.2732844368129626
Matheus Felipe,Ceará,26.65407463156176,"R$ 7.668.000,00",0.0,0.0,0.0,0.0,0.0,0.0,1.1666666666666667,31.043478260869566,6.6695652173913045,0.0,1.0,2.7,1.8235294117647058,0.0,2.888888888888889,1.0,186.0,25.0,6.681818181818182,1.0,0.0,3.473684210526316,2.230769230769231,1.0,0.0,0.0,0.0,0.0,0.0,0.0,Brasileirão Série B,D,Brazil,36.78260869565217,5.666666666666667,1847.0,43.52173913043478,1.8666666666666667,3.3684210526315788,1.5454545454545454,0.0,1.7777777777777777,1.3333333333333333,1.0,1.0,1.1818181818181819,-0.3700858778397944
Matheuzinho,Corinthians,44.21280460821724,"R$ 25.560.000,00",0.0,0.0679,1.0,1.0,0.054533275238095244,0.0,1.25,23.857142857142858,6.935714285714285,1.0,1.3571428571428572,3.375,2.0,1.25,1.9523809523809523,1.0,171.0,24.0,8.37037037037037,1.0,1.0,2.8333333333333335,1.3846153846153846,1.5,1.0,0.0,0.0,0.0,0.0,0.0,Brasileirão Série A,D,Brazil,28.285714285714285,3.48,1907.0,45.964285714285715,1.1818181818181819,2.272727272727273,2.1363636363636362,3.260869565217391,1.1111111111111112,1.25,1.0,1.125,1.9230769230769231,-0.0504039941565969
Maurício Antônio,Coritiba,57.110559327158334,"R$ 1.917.000,00",0.0,0.0,1.0,0.0,0.0,0.0,1.5,43.63636363636363,6.995652173913044,0.0,1.3333333333333333,3.25,2.3333333333333335,0.0,5.0476190476190474,1.0,183.0,32.0,7.565217391304348,1.0,1.0,1.7222222222222223,1.1,1.0,0.0,0.0,0.0,0.0,0.0,0.0,Brasileirão Série B,D,Brazil,48.82608695652174,8.318181818181818,1781.0,57.30434782608695,1.4166666666666667,4.095238095238095,1.5454545454545454,1.0,1.4285714285714286,1.5,1.0,1.0,1.6666666666666667,0.18441814442157736
Miranda,Amazonas FC,46.9703016639852,"R$ 3.834.000,00",1.0,0.0,1.0,0.0,0.0,0.0,1.0,39.65,6.8950000000000005,0.0,1.1,3.1578947368421053,1.7333333333333334,0.0,3.9,1.0,182.0,24.0,8.2,1.5,0.0,3.3529411764705883,1.6,1.125,0.0,0.0,0.0,0.0,0.0,0.0,Brasileirão Série B,D,Brazil,46.85,8.05,1773.0,57.4,1.8571428571428572,4.2105263157894735,2.3,1.0,1.625,1.0,0.0,1.125,1.3636363636363635,-0.00019980204186182716
Murilo,Palmeiras,58.915515063254695,"R$ 57.510.000,00",1.0,0.12117272727272727,1.0,1.0,0.029887460588235295,0.0,1.0,39.708333333333336,7.083333333333333,0.0,1.0,4.695652173913044,3.15,0.0,3.6818181818181817,1.0,188.0,27.0,8.75,1.3333333333333333,1.0,3.9565217391304346,2.1875,1.0,1.0,0.0,0.0,0.0,0.0,0.0,Brasileirão Série A,D,Brazil,47.083333333333336,6.583333333333333,2115.0,58.166666666666664,2.1666666666666665,4.086956521739131,1.75,1.0,1.1818181818181819,1.375,1.25,1.125,1.6923076923076923,0.21727995449822976
Mário Sergio,Avaí,39.20779119642168,"R$ 639.000,00",0.0,0.0,1.0,0.0,0.0,0.05263157894736842,1.4166666666666667,28.09090909090909,7.013636363636365,0.0,1.0,3.9047619047619047,2.230769230769231,1.0,2.210526315789474,1.25,179.0,30.0,14.181818181818182,1.0,1.5,3.380952380952381,1.588235294117647,1.1666666666666667,1.0,0.0,0.0,0.0,0.0,1.0,Brasileirão Série B,D,Brazil,36.31818181818182,4.545454545454546,1918.0,59.27272727272727,1.9230769230769231,2.8666666666666667,2.0,1.6666666666666667,1.0,1.3846153846153846,1.2222222222222223,1.25,2.1666666666666665,-0.14152744770191064
Natanael,Coritiba,43.664160772469856,"R$ 3.195.000,00",1.0,0.0,1.0,2.0,0.0,0.037037037037037035,1.65,24.344827586206897,7.124137931034483,0.0,2.0625,4.896551724137931,1.9545454545454546,1.7777777777777777,2.5,1.0,172.0,22.0,15.620689655172415,1.4285714285714286,1.0,3.6666666666666665,1.3125,1.0,1.0,0.0,0.0,0.0,0.0,0.0,Brasileirão Série B,D,Brazil,31.82758620689655,4.241379310344827,2527.0,59.44827586206897,1.8421052631578947,2.52,2.111111111111111,4.392857142857143,1.2857142857142858,1.3076923076923077,1.0,1.1428571428571428,1.3125,-0.06039284273027427
Nathan Mendes,Red Bull Bragantino,33.94149110827991,"R$ 6.390.000,00",0.0,0.07674285714285714,1.0,1.3333333333333333,0.03963239769230769,0.0625,2.0,29.105263157894736,6.810526315789474,0.0,1.5454545454545454,4.294117647058823,1.5,2.25,2.230769230769231,1.0,182.0,22.0,14.411764705882353,1.1111111111111112,1.0,4.222222222222222,1.7142857142857142,1.4285714285714286,1.0,0.0,0.0,0.0,0.0,1.0,Brasileirão Série A,D,Brazil,36.31578947368421,4.0,1403.0,57.68421052631579,1.5833333333333333,2.076923076923077,1.8666666666666667,2.8333333333333335,1.2,2.0833333333333335,1.4285714285714286,1.0,1.6666666666666667,-0.23740800025078143
Pará,Operário-PR,26.307599834753763,"R$ 639.000,00",0.0,0.0,1.0,0.0,0.0,0.047619047619047616,1.6,24.043478260869566,6.8999999999999995,0.0,1.2222222222222223,4.555555555555555,1.2307692307692308,1.7,2.4545454545454546,1.0,167.0,29.0,15.08695652173913,1.0,0.0,3.909090909090909,1.4210526315789473,1.1428571428571428,0.0,0.0,0.0,0.0,0.0,0.0,Brasileirão Série B,D,Brazil,32.869565217391305,5.739130434782608,1672.0,55.82608695652174,1.7058823529411764,1.6153846153846154,2.875,4.0,1.0,1.4615384615384615,1.2857142857142858,1.25,1.6153846153846154,-0.3763939488585749
Patrick,Novorizontino,47.60777960540606,"R$ 12.780.000,00",0.0,0.0,0.0,0.0,0.0,0.05555555555555555,1.3333333333333333,21.842105263157894,6.742105263157894,0.0,1.5555555555555556,4.944444444444445,3.4,1.0,3.3333333333333335,1.0,183.0,25.0,11.61111111111111,1.6,0.0,3.736842105263158,2.1666666666666665,1.0,2.0,0.0,0.0,0.0,0.0,0.0,Brasileirão Série B,D,Brazil,31.05263157894737,7.315789473684211,1454.0,42.31578947368421,1.5384615384615385,3.2777777777777777,1.4285714285714286,1.3333333333333333,1.75,1.2857142857142858,1.0,1.0,2.0,0.0114063989414012
Patrick Brey,Botafogo-SP,20.094693396524953,"R$ 798.750,00",1.0,0.0,1.0,1.0,0.0,0.08333333333333333,1.5789473684210527,16.785714285714285,6.846428571428571,0.0,2.217391304347826,4.384615384615385,1.6363636363636365,1.4,2.0555555555555554,1.0,175.0,27.0,13.25,1.6,0.0,4.961538461538462,1.7647058823529411,1.5,1.0,0.0,0.0,0.0,0.0,0.0,Brasileirão Série B,D,Brazil,23.428571428571427,2.9615384615384617,1804.0,41.464285714285715,1.8333333333333333,2.0,2.1333333333333333,2.9047619047619047,1.0,1.7,1.0833333333333333,1.25,1.6,-0.48950882880496416
Paulo Henrique,Vasco,49.393697814124835,"R$ 6.390.000,00",1.0,0.16339230769230773,1.25,0.0,0.07795873409090909,0.0,1.4,20.575757575757574,6.875757575757576,0.0,1.411764705882353,5.71875,1.5384615384615385,1.3333333333333333,2.05,1.25,175.0,28.0,13.303030303030303,1.5333333333333334,1.0,5.483870967741935,1.88,1.5,0.0,0.0,0.0,0.0,0.0,0.0,Brasileirão Série A,D,Brazil,27.303030303030305,4.357142857142857,2431.0,51.39393939393939,1.2941176470588236,2.84,3.3,2.9642857142857144,1.2727272727272727,3.074074074074074,2.0,1.0,1.8571428571428572,0.043921603504965386
Pedro Henrique,Red Bull Bragantino,48.33403874248608,"R$ 5.112.000,00",1.0,0.10445,1.0,0.0,0.021487761666666664,0.0,1.0,38.8,6.852380952380953,0.0,1.4444444444444444,4.55,2.411764705882353,0.0,6.05,1.0,188.0,29.0,10.75,1.0,1.0,3.65,1.4166666666666667,1.4444444444444444,1.0,0.0,0.0,0.0,0.0,1.0,Brasileirão Série A,D,Brazil,48.8,11.55,1779.0,59.3,2.375,3.789473684210526,2.3333333333333335,1.0,1.3333333333333333,1.5,1.0,1.0,1.4545454545454546,0.024628989031490276
Rafael Donato,Novorizontino,55.163395671605336,"R$ 1.278.000,00",1.0,0.0,1.3333333333333333,0.0,0.0,0.0,1.0,21.571428571428573,7.0,0.0,1.1,5.571428571428571,4.05,0.0,3.761904761904762,1.0,193.0,35.0,10.272727272727273,1.0,0.0,2.8823529411764706,1.8333333333333333,1.2,1.0,0.0,0.0,0.0,0.0,1.0,Brasileirão Série B,D,Brazil,30.318181818181817,8.181818181818182,1547.0,40.27272727272727,1.5833333333333333,4.090909090909091,2.0,0.0,1.1111111111111112,2.0,1.0,2.0,1.5625,0.14896723504064688
Rafael Ramos,Ceará,19.66603440851813,"R$ 3.195.000,00",1.0,0.0,1.0,1.0,0.0,0.047619047619047616,2.076923076923077,24.954545454545453,6.827272727272727,0.0,1.125,3.4285714285714284,1.4285714285714286,1.3125,2.1578947368421053,1.5,171.0,29.0,14.363636363636363,1.6666666666666667,0.0,3.590909090909091,1.5,1.3076923076923077,0.0,0.0,0.0,0.0,0.0,0.0,Copa do Brasil,D,Portugal,32.95454545454545,4.7727272727272725,1907.0,55.0,1.5714285714285714,1.9411764705882353,1.8823529411764706,2.9,1.25,1.5714285714285714,1.2222222222222223,1.0,1.4285714285714286,-0.4973131809947833
Rafael Thyere,Sport Recife,36.570588135845504,"R$ 3.834.000,00",1.0,0.0,1.0,0.0,0.0,0.0,1.0,42.94444444444444,6.927777777777778,0.0,1.0,2.611111111111111,1.9375,1.0,4.2,0.0,190.0,31.0,8.222222222222221,1.0,0.0,2.8333333333333335,1.5,1.0,1.0,0.0,0.0,0.0,0.0,0.0,Brasileirão Série B,D,Brazil,50.5,8.055555555555555,1619.0,59.77777777777778,1.6666666666666667,4.588235294117647,1.1428571428571428,1.0,1.3,1.25,1.5,1.0,1.5,-0.18954151495967628
Ramon,Cuiabá,45.298777746725506,"R$ 15.975.000,00",1.0,0.06880833333333333,1.0,1.0,0.05169102882352941,0.047619047619047616,1.8,26.40909090909091,7.036363636363637,0.0,1.7272727272727273,4.428571428571429,1.6,1.6363636363636365,1.8666666666666667,1.2,176.0,23.0,12.681818181818182,1.3636363636363635,0.0,4.157894736842105,1.4705882352941178,1.5,1.0,0.0,0.0,0.0,0.0,0.0,Copa do Brasil,D,Brazil,31.59090909090909,3.210526315789474,1878.0,55.45454545454545,1.5454545454545454,2.55,2.3333333333333335,3.8,1.0,2.125,1.7,1.0,1.5,-0.030632294323565963
Reinaldo,Grêmio,23.336337568733235,"R$ 3.195.000,00",1.0,0.11860000000000001,1.875,0.0,0.0645749,0.0,2.0,33.86363636363637,7.060869565217391,0.0,1.2307692307692308,4.130434782608695,1.4444444444444444,1.1,2.625,1.1,178.0,35.0,16.772727272727273,1.8888888888888888,0.0,3.727272727272727,1.1666666666666667,2.1666666666666665,1.0,0.0,0.0,0.0,0.0,0.0,Brasileirão Série A,D,Brazil,42.09090909090909,4.909090909090909,1986.0,66.56521739130434,1.4,2.8421052631578947,2.388888888888889,3.6818181818181817,1.0,2.263157894736842,1.7142857142857142,1.1666666666666667,1.2857142857142858,-0.4304900434725416
Renzo Saravia,Atlético Mineiro,45.31170171553282,"R$ 15.975.000,00",1.0,0.05163333333333334,1.0,0.0,0.06586322789473684,0.0,2.0,42.111111111111114,6.935714285714285,0.0,1.9375,5.846153846153846,1.4444444444444444,1.3,2.8095238095238093,1.25,178.0,31.0,10.25,1.25,1.0,5.25,2.45,2.0,1.0,0.0,0.0,0.0,0.0,1.0,Brasileirão Série A,D,Argentina,46.642857142857146,5.28,2020.0,64.10714285714286,1.5,2.0625,3.48,2.0952380952380953,1.3333333333333333,1.8333333333333333,1.1428571428571428,1.2,1.8571428571428572,-0.03039699491988034
Reverson,Novorizontino,9.181349355569898,"R$ 1.278.000,00",1.0,0.0,1.4,1.0,0.0,0.047619047619047616,1.5555555555555556,19.391304347826086,6.692,0.0,1.1666666666666667,3.235294117647059,1.7,1.1,2.4210526315789473,1.0,175.0,27.0,11.84,1.5,0.0,4.190476190476191,2.2941176470588234,1.4285714285714286,1.2,0.0,0.0,0.0,0.0,0.0,Brasileirão Série B,D,Brazil,25.47826086956522,4.545454545454546,1731.0,38.96,1.5833333333333333,1.75,1.5,2.888888888888889,1.2,2.6666666666666665,2.0,1.0,1.3636363636363635,-0.6882019224930443
Ricardo Silva,América Mineiro,61.077171256944006,"R$ 1.917.000,00",0.0,0.0,1.0,0.0,0.0,0.0,1.0,50.84615384615385,7.023076923076923,0.0,1.8666666666666667,4.576923076923077,2.375,1.0,4.076923076923077,1.0,190.0,32.0,8.26923076923077,1.0,0.0,2.375,1.625,1.2,1.0,0.0,0.0,0.0,0.0,0.0,Brasileirão Série B,D,Brazil,58.69230769230769,7.769230769230769,2303.0,68.8076923076923,1.5625,4.125,1.55,1.0,1.4285714285714286,1.0,1.0,1.3333333333333333,1.6,0.25663600842654916
Robert Arboleda,São Paulo,50.429681564662026,"R$ 7.668.000,00",1.0,0.08951666666666667,1.0,1.0,0.015640926,0.0,1.3333333333333333,55.86206896551724,7.055172413793104,0.0,1.1818181818181819,4.068965517241379,2.6923076923076925,0.0,3.5,1.0,187.0,32.0,5.586206896551724,0.0,0.0,2.5416666666666665,1.2857142857142858,1.8,1.0,0.0,0.0,0.0,0.0,0.0,Brasileirão Série A,D,Ecuador,61.310344827586206,5.785714285714286,2493.0,69.37931034482759,2.125,3.7037037037037037,1.9444444444444444,0.0,1.0833333333333333,0.0,0.0,1.0,1.3529411764705883,0.06278317477334451
Rodrigo,Coritiba,42.9390004747926,"R$ 958.500,00",1.0,0.0,1.0,0.0,0.0,0.05,1.2,17.3,6.857142857142857,0.0,1.125,4.526315789473684,2.642857142857143,1.5833333333333333,1.4285714285714286,1.0,182.0,21.0,12.761904761904763,1.1111111111111112,0.0,3.388888888888889,1.5384615384615385,1.6666666666666667,1.0,0.0,0.0,0.0,0.0,0.0,Brasileirão Série B,D,Brazil,23.476190476190474,3.3157894736842106,1438.0,43.19047619047619,1.6666666666666667,2.5625,2.25,3.0588235294117645,1.2,1.2222222222222223,1.0,1.2,1.6363636363636365,-0.07359542687172056
Rodrigo Ely,Grêmio,87.86555071064372,"R$ 19.170.000,00",1.0,0.08104545454545455,1.0,0.0,0.010064662857142857,0.0,1.0,29.789473684210527,7.178947368421053,0.0,1.7142857142857142,6.705882352941177,4.3125,0.0,2.2857142857142856,1.0,188.0,30.0,7.684210526315789,0.0,0.0,2.9285714285714284,1.3,1.25,1.0,0.0,0.0,0.0,0.0,1.0,Brasileirão Série A,D,Brazil,37.1578947368421,5.176470588235294,1514.0,48.89473684210526,2.1818181818181817,4.0,2.066666666666667,0.0,1.75,1.25,1.3333333333333333,1.3333333333333333,2.0833333333333335,0.7443569094236369
Rodrigo Soares,Novorizontino,15.921410337363419,"R$ 6.390.000,00",0.0,0.0,1.0,1.0,0.0,0.16666666666666666,2.7857142857142856,14.692307692307692,6.996153846153846,0.0,1.4444444444444444,2.68,1.5,2.5,2.090909090909091,1.0,176.0,31.0,10.692307692307692,1.0,0.0,2.761904761904762,1.0909090909090908,1.375,0.0,0.0,0.0,0.0,0.0,0.0,Brasileirão Série B,D,Brazil,20.384615384615383,4.32,1584.0,37.88461538461539,1.7857142857142858,1.9,1.4,5.2272727272727275,1.0,1.5555555555555556,1.3125,1.2,1.2857142857142858,-0.5654894373836977
Saimon,CRB,43.334987122754875,"R$ 958.500,00",1.0,0.0,1.0,0.0,0.0,0.0,1.2,39.38095238095238,6.876190476190477,0.0,1.5384615384615385,4.095238095238095,2.1052631578947367,2.0,5.190476190476191,1.0,183.0,33.0,11.904761904761905,0.0,1.0,2.75,2.1052631578947367,1.0,0.0,0.0,0.0,0.0,0.0,0.0,Copa do Brasil,D,Brazil,50.714285714285715,10.80952380952381,1852.0,60.0,1.3,3.526315789473684,1.6153846153846154,1.3333333333333333,1.2222222222222223,1.0,1.0,1.0,1.4545454545454546,-0.06638592153151238
Samuel Xavier,Fluminense,27.625008020868474,"R$ 2.556.000,00",0.0,0.054889999999999994,1.0,1.0,0.0614918247368421,0.09523809523809523,1.2,39.91304347826087,6.952173913043478,0.0,2.2777777777777777,4.636363636363637,1.4,1.1428571428571428,1.2352941176470589,1.3333333333333333,166.0,34.0,10.08695652173913,1.3846153846153846,0.0,4.181818181818182,1.7333333333333334,1.625,1.0,0.0,0.0,0.0,0.0,0.0,Brasileirão Série A,D,Brazil,45.34782608695652,3.1052631578947367,1947.0,66.73913043478261,1.4615384615384615,2.0555555555555554,2.2222222222222223,1.9444444444444444,1.1666666666666667,1.8461538461538463,1.75,1.2,1.5833333333333333,-0.3524086417733392
Santiago Arias,Bahia,34.718307667842474,"R$ 15.975.000,00",0.0,0.10076,1.0,1.2,0.14766646470588235,0.16666666666666666,1.6,41.833333333333336,7.195833333333333,0.0,1.8571428571428572,4.333333333333333,1.9285714285714286,1.6111111111111112,1.588235294117647,1.3333333333333333,177.0,32.0,12.166666666666666,1.4444444444444444,1.0,4.041666666666667,1.6111111111111112,1.3076923076923077,1.4,0.0,0.0,0.0,0.0,1.0,Brasileirão Série A,D,Colombia,49.5,2.8636363636363638,2091.0,72.33333333333333,1.875,2.590909090909091,2.0952380952380953,3.6818181818181817,1.2,1.2666666666666666,1.0,1.0,1.4666666666666666,-0.22326493971238118
Thiago Heleno,Athletico,65.99054987201283,"R$ 2.556.000,00",0.0,0.1320333333333333,1.0,0.0,0.014131251000000001,0.0,1.0,38.476190476190474,6.980952380952381,0.0,1.0,4.368421052631579,3.5625,0.0,4.0,2.0,185.0,36.0,7.285714285714286,0.0,0.0,3.1,1.5,1.1666666666666667,0.0,0.0,0.0,0.0,0.0,0.0,Brasileirão Série A,D,Brazil,45.476190476190474,7.761904761904762,1802.0,55.95238095238095,2.1875,4.555555555555555,1.5384615384615385,0.0,2.272727272727273,1.0,0.0,1.25,1.6470588235294117,0.3460911189614357
Thiago Santos,Fluminense,52.6667569339554,"R$ 1.597.500,00",1.0,0.10903750000000001,1.0,0.0,0.009985787777777777,0.0,1.0,46.9,7.01,0.0,1.7,6.176470588235294,3.235294117647059,0.0,3.3333333333333335,1.0,181.0,35.0,9.05,1.25,1.0,4.5,1.6666666666666667,1.5,0.0,0.0,0.0,0.0,0.0,1.0,Brasileirão Série A,D,Brazil,54.8,7.25,1527.0,66.7,2.3529411764705883,3.473684210526316,2.5454545454545454,1.0,1.1818181818181819,1.2,1.0,1.25,1.8571428571428572,0.10351234305304317
Tiago Pagnussat,Avaí,65.4354531505505,"R$ 1.597.500,00",1.0,0.0,1.3333333333333333,1.0,0.0,0.08333333333333333,1.2857142857142858,41.67857142857143,7.178571428571429,0.0,1.2307692307692308,4.821428571428571,3.1785714285714284,0.0,3.7857142857142856,1.0,191.0,34.0,9.892857142857142,0.0,1.0,2.84,1.5,1.1,1.0,0.0,0.0,0.0,0.0,1.0,Brasileirão Série B,D,Brazil,50.75,8.892857142857142,2368.0,61.464285714285715,1.619047619047619,4.285714285714286,1.1904761904761905,1.5,1.2666666666666666,1.0,1.0,1.1818181818181819,1.875,0.33598478634060425
Titi,Fortaleza,10.264068555393795,"R$ 958.500,00",1.0,0.066,1.0,1.0,0.008223322,0.0,1.0,31.352941176470587,6.764705882352941,0.0,1.4,3.375,1.9,1.0,2.2142857142857144,0.0,187.0,36.0,7.176470588235294,1.6666666666666667,0.0,4.0588235294117645,1.6666666666666667,1.375,1.0,0.0,0.0,0.0,0.0,0.0,Brasileirão Série A,D,Brazil,37.529411764705884,5.647058823529412,1476.0,47.411764705882355,2.0,3.125,1.8181818181818181,1.0,1.375,1.0,1.0,1.3333333333333333,1.5,-0.6684894652845876
Vitão,Internacional,55.899648683162354,"R$ 51.120.000,00",0.0,0.08757000000000001,1.3333333333333333,0.0,0.01732927769230769,0.0,1.0,41.476190476190474,6.925,0.0,1.0,3.238095238095238,2.176470588235294,1.0,3.235294117647059,1.0,185.0,24.0,7.35,1.0,0.0,2.5714285714285716,1.25,1.1428571428571428,1.0,0.0,0.0,0.0,0.0,1.0,Brasileirão Série A,D,Brazil,47.80952380952381,6.7,1710.0,56.904761904761905,1.8823529411764706,3.5789473684210527,1.2666666666666666,1.3333333333333333,1.3333333333333333,1.25,1.25,1.0,2.0,0.16237177796117097
Wagner Leonardo,Vitória,63.837586655193725,"R$ 12.780.000,00",1.0,0.28670666666666667,1.0,0.0,0.024191194117647058,0.0,1.25,40.53333333333333,6.943333333333333,0.0,1.0,4.0,2.5,0.0,3.642857142857143,1.0,186.0,25.0,7.793103448275862,1.25,1.0,3.2758620689655173,1.25,1.2857142857142858,1.0,0.0,0.0,0.0,0.0,0.0,Brasileirão Série A,D,Brazil,47.03333333333333,6.7,2617.0,59.2,2.5833333333333335,5.392857142857143,1.3043478260869565,1.0,1.368421052631579,1.2727272727272727,1.25,1.1,1.96,0.3068933331552628
Wanderson,Paysandu SC,44.018149960254306,"R$ 51.120.000,00",0.0,0.0,1.0,0.0,0.0,0.0,1.0,29.823529411764707,6.741176470588235,0.0,1.375,4.0,2.857142857142857,1.0,3.4285714285714284,1.0,187.0,29.0,8.647058823529411,1.0,1.0,3.764705882352941,1.875,1.0,1.0,0.0,0.0,0.0,0.0,1.0,Brasileirão Série B,D,Brazil,37.76470588235294,7.533333333333333,1401.0,47.529411764705884,1.6428571428571428,3.6,1.3333333333333333,1.0,1.5,1.0,1.0,1.25,2.0,-0.05394796143732927
Welington,São Paulo,38.519313635779184,"R$ 22.365.000,00",0.0,0.041389999999999996,1.0,1.0,0.06138285500000001,0.043478260869565216,1.5833333333333333,30.6,6.958333333333333,0.0,1.7222222222222223,5.625,1.8,1.4615384615384615,2.0,1.1428571428571428,170.0,23.0,11.791666666666666,1.8,1.0,4.333333333333333,2.0,1.4444444444444444,1.0,0.0,0.0,0.0,0.0,1.0,Brasileirão Série A,D,Brazil,35.52,3.5,2024.0,54.88461538461539,1.6470588235294117,1.8823529411764706,2.45,3.1739130434782608,1.0,1.7,1.9,1.0,1.6,-0.1540621699598656
Willean Lepo,Vitória,64.45827282402666,"R$ 2.875.500,00",0.0,0.083775,1.3333333333333333,1.0,0.09595489294117647,0.0,1.3333333333333333,26.545454545454547,6.9363636363636365,0.0,1.6153846153846154,7.2727272727272725,2.066666666666667,1.0909090909090908,2.3636363636363638,1.3333333333333333,180.0,27.0,15.0,1.5,0.0,5.590909090909091,1.6,2.0,2.0,0.0,0.0,0.0,0.0,0.0,Brasileirão Série A,D,Brazil,33.59090909090909,4.2631578947368425,1699.0,60.81818181818182,1.7222222222222223,3.4375,2.9047619047619047,3.1176470588235294,1.2857142857142858,4.277777777777778,2.823529411764706,1.0,1.8666666666666667,0.3181938158150236
William,Cruzeiro,58.10252005958361,"R$ 25.560.000,00",1.25,0.21503684210526317,1.2,1.1666666666666667,0.09062341884615385,0.22727272727272727,1.631578947368421,31.384615384615383,7.361538461538462,0.0,1.1428571428571428,5.846153846153846,1.368421052631579,1.5714285714285714,2.85,1.2,176.0,29.0,17.5,1.5,1.0,5.615384615384615,1.7894736842105263,1.8181818181818181,0.0,0.0,0.0,0.0,0.0,0.0,Brasileirão Série A,D,Brazil,39.80769230769231,4.043478260869565,2289.0,71.8076923076923,1.5,2.217391304347826,3.608695652173913,5.5,1.0,2.739130434782609,1.588235294117647,1.3636363636363635,1.894736842105263,0.20247821345294129
Willian Machado,Operário-PR,75.09672124338718,"R$ 639.000,00",1.0,0.0,1.0,1.0,0.0,0.0,1.0,55.96666666666667,7.17,0.0,1.4761904761904763,4.8,3.0357142857142856,0.0,5.466666666666667,1.0,185.0,27.0,11.266666666666667,1.0,0.0,2.409090909090909,1.6363636363636365,1.1428571428571428,0.0,0.0,0.0,0.0,0.0,0.0,Brasileirão Série B,D,Brazil,66.26666666666667,10.133333333333333,2700.0,77.4,1.5625,4.642857142857143,1.6428571428571428,1.0,1.3333333333333333,1.0,1.0,1.1666666666666667,1.4,0.5118820401165116
Zé Ivaldo,Cruzeiro,52.733469257611915,"R$ 22.365.000,00",1.0,0.07158823529411765,1.1111111111111112,1.0,0.032140140000000005,0.0,1.0,39.666666666666664,6.958333333333333,0.0,1.3571428571428572,4.590909090909091,2.4210526315789473,1.0,4.791666666666667,1.0,185.0,27.0,11.75,1.0,1.0,2.652173913043478,1.6428571428571428,1.25,1.0,0.0,0.0,0.0,0.0,1.0,Brasileirão Série A,D,Brazil,49.958333333333336,10.833333333333334,2086.0,62.333333333333336,1.9,4.363636363636363,1.8666666666666667,1.5,1.4444444444444444,1.1,1.0,1.0909090909090908,1.25,0.1047269366665763
Zé Marcos,Juventude,64.96007018501064,"R$ 3.834.000,00",0.0,0.083275,1.0,0.0,0.009927361428571427,0.0,1.25,36.73913043478261,6.813043478260869,0.0,1.5294117647058822,5.173913043478261,3.1578947368421053,0.0,2.95,1.0,188.0,26.0,8.565217391304348,1.2857142857142858,0.0,3.772727272727273,1.6428571428571428,1.5,0.0,0.0,0.0,0.0,0.0,0.0,Brasileirão Série A,D,Brazil,44.34782608695652,6.304347826086956,2014.0,57.56521739130435,2.1176470588235294,5.090909090909091,1.7222222222222223,1.0,1.4615384615384615,1.0,1.0,1.3,1.8888888888888888,0.3273297570704498
Abel Luciatti,Lanús,59.18106165097175,"R$ 9.585.000,00",0.0,0.0,1.0,1.0,0.0,0.2,1.0,27.0,7.1,0.0,1.3333333333333333,4.25,3.2857142857142856,0.0,2.3333333333333335,1.0,180.0,31.0,5.5,0.0,0.0,2.857142857142857,1.75,1.0,0.0,0.0,0.0,0.0,0.0,0.0,"Copa Sudamericana, Group G",D,Argentina,31.75,3.375,687.0,42.375,1.8,4.625,1.4,0.0,1.0,1.0,0.0,1.6666666666666667,1.5714285714285714,0.11243627867955078
Adrián Jusino,The Strongest,51.25253453237473,"R$ 3.514.500,00",0.0,0.08735,0.0,0.0,0.017966223333333333,0.0,2.0,25.375,6.75,0.0,1.0,2.875,2.2,0.0,2.0,1.0,185.0,32.0,6.625,0.0,1.0,2.3333333333333335,1.0,1.3333333333333333,1.0,0.0,0.0,0.0,0.0,0.0,"Copa Libertadores, Group C",D,Bolivia,31.25,5.5,720.0,42.5,1.6,5.25,1.6666666666666667,1.0,1.3333333333333333,1.0,1.0,1.0,1.4,-0.013157269628776499
Agustín García Basso,Racing Club,61.384319806044154,"R$ 7.668.000,00",0.0,0.0,0.0,0.0,0.0,0.0,1.0,44.833333333333336,7.116666666666667,0.0,1.0,3.6666666666666665,1.5,1.0,6.5,1.0,178.0,32.0,13.0,0.0,0.0,2.0,1.0,1.5,0.0,0.0,0.0,0.0,0.0,0.0,"Copa Sudamericana, Group H",D,Argentina,55.666666666666664,14.666666666666666,540.0,68.5,1.0,2.8333333333333335,2.0,1.0,2.0,1.3333333333333333,1.0,1.0,1.6,0.14733746592348973
Agustín Sández,Rosario Central,68.70044697273816,"R$ 9.585.000,00",1.0,0.0392,1.0,1.0,0.0350255,0.0,1.0,27.125,7.1625,0.0,1.0,5.625,1.75,1.0,2.5,1.0,184.0,23.0,10.75,2.0,0.0,3.5,1.5,1.4,0.0,0.0,0.0,0.0,0.0,0.0,"Copa Libertadores, Group G",D,Paraguay,34.375,4.125,720.0,58.0,1.6666666666666667,2.3333333333333335,2.875,2.0,1.0,1.0,1.0,1.0,2.0,0.2632301603666719
Alan Benítez,Cerro Porteño,23.67222538311271,"R$ 3.195.000,00",0.0,0.0102,0.0,1.0,0.26164689999999996,0.0,2.0,18.166666666666668,6.8500000000000005,0.0,1.0,3.1666666666666665,1.0,1.0,1.5,0.0,177.0,30.0,11.333333333333334,1.0,0.0,4.0,1.8,1.2,0.0,0.0,0.0,0.0,0.0,0.0,"Copa Libertadores, Group A",D,Paraguay,24.666666666666668,3.3333333333333335,540.0,44.333333333333336,1.0,3.3333333333333335,3.2,1.0,0.0,2.0,1.0,1.0,1.0,-0.4500491207484575
Alan Franco,São Paulo,39.31937520447642,"R$ 19.170.000,00",0.0,0.0,0.0,1.0,0.101969175,0.0,1.0,57.5,6.95,0.0,1.0,3.4285714285714284,1.7142857142857142,0.0,2.875,0.0,183.0,28.0,8.75,1.75,0.0,4.375,1.6666666666666667,1.0,0.0,0.0,0.0,0.0,0.0,0.0,"Copa Libertadores, Group B",D,Argentina,63.625,5.875,699.0,75.375,1.8333333333333333,3.5,1.2,1.0,1.75,1.4285714285714286,1.0,0.0,1.0,-0.20218706042106285
Alan Saldivia,Colo Colo,55.24379347516845,"R$ 12.780.000,00",0.0,0.177,0.0,0.0,0.0235416025,0.0,3.0,48.875,6.8125,0.0,1.0,4.25,2.0,1.0,2.7142857142857144,1.0,180.0,22.0,12.875,1.0,0.0,4.625,2.0,1.2,0.0,0.0,0.0,0.0,0.0,0.0,"Copa Libertadores, Group A",D,Uruguay,58.75,5.875,675.0,71.25,2.875,3.5714285714285716,2.3333333333333335,2.0,1.3333333333333333,1.0,1.0,1.0,1.3333333333333333,0.05006713073519789
Albert Barboza,Rayo Zuliano,28.54851093106244,"R$ 639.000,00",0.0,0.0,1.0,0.0,0.0,0.0,1.0,17.833333333333332,6.466666666666666,0.0,1.0,3.3333333333333335,1.6,1.0,2.1666666666666665,0.0,180.0,24.0,12.0,1.0,0.0,5.0,1.0,1.5,1.0,0.0,0.0,0.0,0.0,0.0,"Copa Sudamericana, Group E",D,Venezuela,25.833333333333332,6.333333333333333,436.0,41.666666666666664,2.4,3.3333333333333335,2.0,3.3333333333333335,0.0,1.6666666666666667,2.0,1.0,1.8,-0.37280526506495765
Aldair Cantillo,CD Real Tomayapo,71.78333070657692,"R$ 2.236.500,00",0.0,0.0,0.0,0.0,0.0,0.0,1.0,16.333333333333332,6.783333333333334,0.0,0.0,5.0,2.1666666666666665,0.0,2.3333333333333335,0.0,187.0,28.0,7.0,1.0,0.0,2.6666666666666665,1.0,1.4,0.0,0.0,0.0,0.0,0.0,1.0,"Copa Sudamericana, Group C",D,Colombia,22.833333333333332,6.333333333333333,483.0,36.666666666666664,1.5,6.2,2.6666666666666665,0.0,1.6666666666666667,1.0,1.0,0.0,2.5,0.31206524680367853
Aldo Corzo,Universitario,40.51387024374608,"R$ 2.396.250,00",1.0,0.27025,1.0,0.0,0.008531066666666667,0.0,1.0,20.5,6.733333333333333,0.0,1.25,4.5,3.0,0.0,2.0,1.0,173.0,35.0,8.833333333333334,1.0,0.0,3.0,1.2,0.0,0.0,0.0,0.0,0.0,0.0,0.0,"Copa Libertadores, Group D",D,Peru,28.166666666666668,5.333333333333333,495.0,39.5,2.2,3.8333333333333335,1.8,0.0,1.0,1.0,1.0,0.0,1.6666666666666667,-0.18326540345066733
Alec Deneumostier,Universidad César Vallejo,68.21202619999634,"R$ 3.834.000,00",1.0,0.0,1.0,0.0,0.0,0.0,1.0,34.166666666666664,6.866666666666667,0.0,1.0,5.5,2.0,0.0,3.5,0.0,184.0,25.0,9.333333333333334,1.0,0.0,4.666666666666667,2.25,1.75,1.0,0.0,0.0,0.0,0.0,0.0,"Copa Sudamericana, Group A",D,Peru,42.166666666666664,6.166666666666667,502.0,57.833333333333336,2.25,4.4,3.8,0.0,1.25,2.0,1.3333333333333333,1.0,1.8333333333333333,0.25549322549862363
Alexander Barboza,Botafogo,88.94473427578458,"R$ 15.975.000,00",0.0,0.10585,0.0,1.0,0.1061048,0.0,2.5,39.5,7.1,0.0,1.0,6.0,3.625,1.0,3.5,1.3333333333333333,193.0,29.0,11.5,0.0,1.0,3.625,1.75,1.2,0.0,0.0,0.0,0.0,0.0,1.0,"Copa Libertadores, Group D",D,Argentina,50.125,9.875,645.0,64.625,2.8333333333333335,5.75,3.0,3.0,1.6666666666666667,1.0,1.0,1.0,1.6,0.5839141710701294
Alexis Soto,Defensa y Justicia,31.456721499322363,"R$ 10.863.000,00",0.0,0.0,0.0,1.0,0.0,0.0,1.4,39.2,6.88,0.0,2.0,3.5,2.0,1.6666666666666667,5.4,1.0,177.0,30.0,13.0,1.0,0.0,4.0,2.0,1.0,0.0,0.0,0.0,0.0,0.0,0.0,"Copa Sudamericana, Group A",D,Argentina,47.8,7.4,422.0,61.8,2.0,1.0,2.3333333333333335,3.8,1.0,1.5,1.0,1.0,1.0,-0.3267371266791015
Alexis Villalba,Sportivo Luqueño,59.13089621839543,"R$ 2.236.500,00",0.0,0.0,0.0,0.0,0.0,0.0,0.0,25.166666666666668,6.6499999999999995,0.0,1.0,4.0,3.0,0.0,4.0,0.0,180.0,26.0,8.166666666666666,0.0,0.0,3.5,1.5,1.0,0.0,0.0,0.0,0.0,0.0,0.0,"Copa Sudamericana, Group H",D,Paraguay,33.0,8.6,470.0,42.0,2.0,3.8333333333333335,2.0,0.0,1.5,2.0,1.0,1.0,2.3333333333333335,0.1116416222969164
Anibal Chalá,Barcelona SC,11.716884075434791,"R$ 5.431.500,00",0.0,0.023850000000000003,0.0,1.0,0.07792223200000001,0.0,1.3333333333333333,24.666666666666668,6.466666666666666,0.0,1.0,2.8,2.0,1.5,2.0,1.0,178.0,28.0,14.666666666666666,1.0,0.0,5.0,1.75,2.0,0.0,0.0,0.0,0.0,0.0,0.0,"Copa Libertadores, Group B",D,Ecuador,31.166666666666668,2.5,538.0,56.5,1.8,1.8333333333333333,1.0,4.666666666666667,1.0,1.5,1.0,0.0,1.8,-0.6394302899881341
Antonio Castillo,Huachipato,42.04687319703648,"R$ 1.917.000,00",0.0,0.0519,1.0,0.0,0.00832443,0.0,2.0,18.875,6.385714285714286,0.0,0.0,5.166666666666667,2.3333333333333335,1.0,1.8,0.0,175.0,25.0,11.0,1.0,1.0,3.5714285714285716,1.4,1.75,1.0,0.0,0.0,0.0,0.0,1.0,"Copa Libertadores, Group C",D,Chile,24.5,5.5,522.0,39.875,1.3333333333333333,3.6666666666666665,2.1666666666666665,2.5,0.0,2.5,1.8333333333333333,1.0,3.0,-0.15898153866835738
Ayrton Lucas,Flamengo,37.03322307486836,"R$ 51.120.000,00",1.0,0.13332000000000002,1.0,1.0,0.16790937833333333,0.0,2.0,19.77777777777778,6.988888888888889,0.0,1.5,3.0,1.3333333333333333,1.75,1.2,1.0,180.0,27.0,6.444444444444445,1.6,1.0,2.5555555555555554,1.0,1.5,1.0,0.0,0.0,0.0,0.0,0.0,"Copa Libertadores, Group E",D,Brazil,21.88888888888889,1.4285714285714286,470.0,35.111111111111114,1.5,1.2,2.2,2.5714285714285716,1.0,1.75,1.0,1.5,1.3333333333333333,-0.23840134759385156
Bastos,Botafogo,65.62630376976574,"R$ 6.390.000,00",0.0,0.06845,0.0,1.0,0.009323986666666667,0.0,1.5,33.125,7.1,0.0,1.5,5.428571428571429,3.1666666666666665,0.0,2.75,0.0,184.0,33.0,7.125,1.0,1.0,3.857142857142857,1.4,1.0,0.0,0.0,0.0,0.0,0.0,0.0,"Copa Libertadores, Group D",D,Angola,39.25,6.375,675.0,50.625,2.6666666666666665,3.25,2.8,1.0,1.1666666666666667,1.3333333333333333,1.0,1.0,2.857142857142857,0.21453353019893004
Benjamín Gazzolo,Huachipato,95.2931959860278,"R$ 6.390.000,00",0.0,0.0,1.0,0.0,0.015134167499999998,0.0,1.0,34.55555555555556,7.111111111111111,0.0,1.0,6.444444444444445,3.75,0.0,4.625,1.0,181.0,27.0,6.777777777777778,0.0,1.0,3.111111111111111,1.5,1.25,1.0,0.0,0.0,0.0,0.0,0.0,"Copa Libertadores, Group C",D,Chile,40.888888888888886,6.75,810.0,55.44444444444444,1.4444444444444444,5.444444444444445,2.5555555555555554,0.0,1.0,1.0,1.0,1.0,2.25,0.6844783515998023
Benjamín Rojas,Palestino,39.983341636051826,"R$ 4.473.000,00",0.0,0.0,0.0,1.0,0.0190777575,0.3333333333333333,1.25,13.142857142857142,6.457142857142857,0.0,1.0,3.5714285714285716,1.25,1.0,1.75,2.0,178.0,23.0,9.0,1.0,0.0,5.0,1.6,2.0,0.0,0.0,0.0,0.0,0.0,0.0,"Copa Libertadores, Group E",D,Chile,16.285714285714285,3.1666666666666665,617.0,36.142857142857146,2.0,2.4285714285714284,2.6666666666666665,1.6,1.0,2.2,1.0,0.0,1.6666666666666667,-0.19166935658379208
Bruno Fuchs,Atlético Mineiro,80.28769091707761,"R$ 12.780.000,00",1.0,0.14105,1.0,1.0,0.04120691666666667,0.0,1.5,74.0,7.383333333333333,0.0,2.3333333333333335,4.5,1.6,0.0,3.4,0.0,190.0,25.0,10.333333333333334,1.0,0.0,2.6666666666666665,1.25,1.0,0.0,0.0,0.0,0.0,0.0,0.0,"Copa Libertadores, Group G",D,Brazil,82.33333333333333,5.166666666666667,512.0,95.0,1.6666666666666667,2.6,2.25,2.0,1.0,1.3333333333333333,1.5,0.0,1.6666666666666667,0.44678040372401406
Cacá,Corinthians,56.170475210856125,"R$ 12.780.000,00",0.0,0.0,1.0,0.0,0.0,0.0,1.0,20.125,6.925,0.0,1.3333333333333333,4.285714285714286,3.1666666666666665,0.0,1.8,0.0,185.0,25.0,5.857142857142857,0.0,1.0,4.0,1.75,1.0,0.0,0.0,0.0,0.0,0.0,0.0,"Copa Sudamericana, Group F",D,Brazil,24.5,4.285714285714286,581.0,34.625,2.0,6.0,1.1666666666666667,0.0,1.25,1.0,0.0,2.0,1.25,0.06474643315752839
Carlos Quintana,Rosario Central,45.09972734356026,"R$ 798.750,00",0.0,0.042,0.0,0.0,0.038331095,0.0,1.0,24.22222222222222,6.733333333333333,0.0,1.0,4.333333333333333,2.375,0.0,2.2857142857142856,0.0,191.0,36.0,7.888888888888889,0.0,0.0,3.142857142857143,1.0,1.0,0.0,0.0,0.0,0.0,0.0,0.0,"Copa Libertadores, Group G",D,Argentina,31.77777777777778,5.888888888888889,776.0,41.111111111111114,2.5,4.285714285714286,2.2857142857142856,0.0,1.25,1.0,1.0,1.0,1.5,-0.11062214240289353
Carlos Vivas,Deportivo Táchira,69.3953306220761,"R$ 3.195.000,00",0.0,0.1059,0.0,0.0,0.00791944,0.0,1.0,25.8,6.859999999999999,0.0,1.0,8.0,2.6,0.0,3.6,0.0,182.0,22.0,11.4,1.0,1.0,6.8,1.0,2.25,0.0,0.0,0.0,0.0,0.0,0.0,"Copa Libertadores, Group H",D,Venezuela,33.8,7.6,450.0,54.6,4.25,4.2,3.6,1.0,1.6666666666666667,2.0,1.4,2.0,1.8,0.2742376150775334
Carlos Zambrano,Alianza Lima,29.849313915132385,"R$ 2.396.250,00",0.0,0.0154,0.0,0.0,0.009526453333333334,0.0,0.0,26.0,6.633333333333333,0.0,2.2,4.0,2.3333333333333335,0.0,2.6666666666666665,1.0,185.0,35.0,7.833333333333333,0.0,0.0,2.3333333333333335,2.0,2.0,0.0,0.0,0.0,0.0,0.0,0.0,"Copa Libertadores, Group A",D,Peru,33.166666666666664,7.0,540.0,43.833333333333336,1.0,4.5,1.4,1.0,0.0,1.0,0.0,0.0,1.3333333333333333,-0.35219961410663514
Cesar Benitez,Sportivo Trinidense,1.627848291104921,"R$ 319.500,00",0.0,0.0,0.0,0.0,0.0,0.0,0.0,12.4,6.56,0.0,1.0,2.6,1.6,0.0,2.0,0.0,176.0,34.0,6.8,1.0,0.0,3.5,1.5,2.0,0.0,0.0,0.0,0.0,0.0,0.0,"Copa Sudamericana, Group D",D,Paraguay,17.2,3.6,450.0,30.0,1.6666666666666667,5.8,1.3333333333333333,0.0,1.0,0.0,0.0,1.0,0.0,-0.7992478430102518
Cristián Suárez,Palestino,34.520799762648636,"R$ 319.500,00",0.0,0.0335,1.0,0.0,0.0190323975,0.0,0.0,33.25,6.6,0.0,1.0,3.5714285714285716,2.3333333333333335,0.0,5.125,0.0,180.0,37.0,8.375,1.0,1.0,3.875,1.5,1.4285714285714286,0.0,0.0,0.0,0.0,0.0,0.0,"Copa Libertadores, Group E",D,Chile,40.875,9.0,720.0,53.625,2.2857142857142856,6.5,1.75,1.0,1.4,0.0,0.0,1.0,1.4,-0.2781999323642941
Daniel Lino,The Strongest,54.29994310467906,"R$ 3.195.000,00",0.0,0.0238,1.0,1.0,0.0473348725,0.5,1.5,15.2,6.94,0.0,1.0,3.0,2.5,1.3333333333333333,2.6,1.0,184.0,22.0,11.6,1.0,0.0,3.4,1.5,2.0,0.0,0.0,0.0,0.0,0.0,0.0,"Copa Libertadores, Group C",D,Bolivia,22.2,5.2,428.0,41.6,1.6666666666666667,3.4,2.0,2.8,0.0,1.0,1.0,1.0,2.0,0.03511586484069866
Daniel Mancilla,Nacional Potosí,14.593683720789363,"R$ 1.118.250,00",0.0,0.0,0.0,0.0,0.0,0.0,2.0,25.333333333333332,6.583333333333333,0.0,2.6666666666666665,3.5,2.0,1.3333333333333333,2.3333333333333335,1.0,178.0,33.0,13.833333333333334,1.5,0.0,3.5,1.3333333333333333,2.5,0.0,0.0,0.0,0.0,0.0,0.0,"Copa Sudamericana, Group D",D,Bolivia,31.5,3.2,440.0,54.666666666666664,1.0,2.0,1.5,3.6666666666666665,1.0,1.4,1.5,1.0,1.0,-0.5938597231189433
Darío Aimar,The Strongest,39.26308674828806,"R$ 2.556.000,00",0.0,0.0,0.0,0.0,0.009006495,0.0,3.0,28.0,6.7,0.0,1.0,2.6666666666666665,2.5,0.0,2.0,0.0,186.0,29.0,5.571428571428571,1.0,0.0,2.5,1.3333333333333333,1.0,0.0,0.0,0.0,0.0,0.0,0.0,"Copa Libertadores, Group C",D,Ecuador,33.0,4.428571428571429,584.0,40.714285714285715,1.5,3.7142857142857144,2.0,0.0,1.0,0.0,0.0,0.0,1.3333333333333333,-0.20307870988328297
Darío Cáceres,Defensa y Justicia,53.39998978330125,"R$ 3.195.000,00",0.0,0.0,0.0,1.0,0.0,0.0,2.75,29.2,7.040000000000001,0.0,1.0,4.666666666666667,2.5,3.5,2.5,0.0,176.0,26.0,12.8,1.0,0.0,3.6666666666666665,1.0,2.0,0.0,0.0,0.0,0.0,0.0,0.0,"Copa Sudamericana, Group A",D,Paraguay,35.8,3.6,449.0,59.2,1.0,2.0,2.0,5.0,1.0,1.6666666666666667,2.0,0.0,2.2,0.020859959645068253
Diego Melean,Rayo Zuliano,38.08059768074409,"R$ 958.500,00",0.0,0.0,0.0,0.0,0.0,0.0,1.0,33.0,6.6,0.0,0.0,4.0,1.25,0.0,3.6,0.0,176.0,32.0,13.2,1.0,0.0,4.0,1.6666666666666667,1.5,0.0,0.0,0.0,0.0,0.0,1.0,"Copa Sudamericana, Group E",D,Venezuela,42.4,7.6,424.0,63.8,1.5,5.0,2.75,1.5,1.75,2.6666666666666665,2.0,1.5,1.5,-0.22181018366235383
Diego Polenta,Club Nacional,25.863533452724113,"R$ 3.834.000,00",0.0,0.3669,1.0,0.0,0.0445739,0.0,1.0,32.5,6.8,0.0,1.0,2.6,1.25,0.0,5.0,0.0,185.0,32.0,9.166666666666666,1.0,1.0,2.8333333333333335,1.25,1.0,0.0,0.0,0.0,0.0,0.0,0.0,"Copa Libertadores, Group H",D,Uruguay,40.833333333333336,11.666666666666666,473.0,47.833333333333336,3.0,2.5,1.5,1.0,1.25,1.0,1.0,0.0,1.5,-0.41533723141738244
Diego Viera,Libertad,57.30708520957498,"R$ 2.556.000,00",0.0,0.0438,0.0,0.0,0.02288309666666667,0.0,1.0,49.25,6.925,0.0,1.0,4.25,2.625,0.0,4.375,1.0,189.0,33.0,9.5,1.0,1.0,2.7142857142857144,2.0,1.0,0.0,0.0,0.0,0.0,0.0,0.0,"Copa Libertadores, Group H",D,Paraguay,57.75,9.25,720.0,70.5,2.0,4.0,1.7142857142857142,1.0,1.0,0.0,0.0,1.0,2.25,0.08275114962586078
Dilan Zúñiga,Palestino,10.435328257162153,"R$ 4.792.500,00",0.0,0.0205,1.0,0.0,0.0252897625,0.0,1.25,26.666666666666668,6.566666666666666,0.0,2.0,4.333333333333333,2.0,1.5,1.5,0.0,170.0,28.0,12.5,2.3333333333333335,0.0,4.333333333333333,1.3333333333333333,1.0,0.0,0.0,0.0,0.0,0.0,1.0,"Copa Libertadores, Group E",D,Chile,34.833333333333336,3.3333333333333335,498.0,51.833333333333336,1.6,1.6666666666666667,1.5,2.2,1.0,2.0,1.4,0.0,1.5,-0.6597310520545852
Dylan Escobar,Coquimbo Unido,14.348254033961137,"R$ 5.431.500,00",0.0,0.0,1.0,1.0,0.0,0.3333333333333333,1.4,21.666666666666668,6.75,0.0,1.4,5.0,1.3333333333333333,1.0,2.5,0.0,183.0,23.0,22.5,2.0,0.0,7.166666666666667,2.0,2.0,1.0,0.0,0.0,0.0,0.0,0.0,"Copa Sudamericana, Group H",D,Chile,32.333333333333336,5.5,540.0,62.166666666666664,2.5,2.3333333333333335,2.0,3.0,0.0,3.0,2.0,0.0,1.5,-0.5977475051455264
Edisson Restrepo,Nacional Potosí,65.66211124420721,"R$ 2.556.000,00",0.0,0.0,0.0,0.0,0.0,0.0,1.5,47.666666666666664,6.8,0.0,1.6666666666666667,3.4,1.3333333333333333,0.0,5.333333333333333,1.0,174.0,27.0,5.666666666666667,1.0,0.0,2.0,1.0,1.0,0.0,0.0,0.0,0.0,0.0,1.0,"Copa Sudamericana, Group D",D,Colombia,52.333333333333336,8.166666666666666,540.0,63.166666666666664,1.25,3.2,2.0,1.0,1.25,1.5,2.0,1.0,2.0,0.21510074624092532
Eduardo Brock,Cerro Porteño,47.003979867436485,"R$ 1.597.500,00",0.0,0.0,0.0,0.0,0.030201585,0.0,1.0,26.571428571428573,6.857142857142857,0.0,1.0,3.8333333333333335,1.6666666666666667,1.0,3.857142857142857,0.0,186.0,33.0,9.714285714285714,0.0,0.0,3.1666666666666665,1.0,1.0,0.0,0.0,0.0,0.0,0.0,0.0,"Copa Libertadores, Group A",D,Brazil,36.0,10.285714285714286,630.0,47.57142857142857,2.2,5.285714285714286,2.5,1.5,1.25,0.0,0.0,0.0,1.2,-0.0804574185177056
Eduardo Santos,Red Bull Bragantino,70.93624215406284,"R$ 5.751.000,00",0.0,0.0,1.0,0.0,0.0,0.0,1.0,39.5,6.8,0.0,1.0,3.3333333333333335,1.6,0.0,2.8333333333333335,0.0,196.0,26.0,6.833333333333333,1.0,0.0,3.3333333333333335,2.0,1.0,0.0,0.0,0.0,0.0,0.0,0.0,"Copa Sudamericana, Group H",D,Brazil,45.666666666666664,5.833333333333333,540.0,57.666666666666664,2.0,4.8,2.5,0.0,2.0,1.0,1.0,1.0,2.0,0.2986467574108549
Emanuel Coronel,Rosario Central,45.749380471437426,"R$ 15.975.000,00",0.0,0.0553,0.0,0.0,0.0316749,0.0,1.0,14.666666666666666,6.666666666666667,0.0,1.0,6.833333333333333,2.6,1.0,1.0,1.0,174.0,27.0,13.833333333333334,1.3333333333333333,0.0,4.166666666666667,1.3333333333333333,1.25,0.0,0.0,0.0,0.0,0.0,0.0,"Copa Libertadores, Group G",D,Argentina,21.833333333333332,3.8,461.0,47.166666666666664,1.6666666666666667,3.0,4.5,2.25,1.0,1.4,0.0,1.0,1.0,-0.10033117154800214
Emanuel Olivera,Junior Barranquilla,42.36220483157116,"R$ 3.195.000,00",0.0,0.04013333333333333,0.0,0.0,0.0104322,0.0,0.0,29.2,6.859999999999999,0.0,1.0,3.4,1.8,0.0,2.75,0.0,180.0,34.0,7.4,0.0,0.0,2.25,1.0,1.0,0.0,0.0,0.0,0.0,0.0,0.0,"Copa Libertadores, Group D",D,Argentina,36.4,6.4,450.0,45.6,1.5,3.4,1.5,0.0,1.5,1.0,1.0,1.0,2.0,-0.15398645972334365
Emiliano Ancheta,Danubio,54.7533347595273,"R$ 3.514.500,00",1.0,0.0,1.0,1.0,0.0,0.6666666666666666,1.4,21.666666666666668,7.233333333333333,0.0,1.0,6.0,2.1666666666666665,1.25,2.75,1.25,179.0,25.0,19.333333333333332,1.75,0.0,7.0,1.3333333333333333,3.3333333333333335,0.0,0.0,0.0,0.0,0.0,0.0,"Copa Sudamericana, Group E",D,Uruguay,31.5,7.0,540.0,63.5,2.3333333333333335,2.4,3.2,4.0,1.0,2.4,1.6666666666666667,1.4,2.0,0.04229791339196236
Enzo Díaz,River Plate,49.22869183498094,"R$ 19.170.000,00",0.0,0.08075,1.0,0.0,0.11297754285714287,0.0,1.0,30.285714285714285,7.171428571428572,0.0,2.0,7.0,1.2,1.3333333333333333,1.6,1.0,175.0,28.0,17.0,1.5,0.0,5.285714285714286,2.2,2.0,0.0,0.0,0.0,0.0,0.0,1.0,"Copa Libertadores, Group H",D,Argentina,39.285714285714285,2.857142857142857,630.0,68.57142857142857,1.3333333333333333,3.0,3.4285714285714284,4.0,2.0,2.2857142857142856,1.4,2.0,1.25,-0.04521638751807246
Erick Wiemberg,Colo Colo,35.80588559789268,"R$ 5.112.000,00",0.0,0.105125,1.0,0.0,0.019872400000000002,0.2,1.25,41.666666666666664,6.777777777777778,0.0,1.0,4.0,1.125,1.0,2.7777777777777777,1.0,178.0,30.0,15.333333333333334,1.4,1.0,4.888888888888889,1.8571428571428572,1.625,0.0,0.0,0.0,0.0,0.0,0.0,"Copa Libertadores, Group A",D,Chile,50.55555555555556,6.444444444444445,802.0,75.88888888888889,1.6,3.25,2.2222222222222223,2.0,1.3333333333333333,1.8,1.25,2.0,1.5,-0.25784325230066696
Fabricio Bustos,Internacional,30.667496363327725,"R$ 44.730.000,00",0.0,0.0,1.5,1.0,0.0,0.0,2.0,44.25,7.0625,0.0,1.1666666666666667,4.625,1.2,1.6,2.5,1.0,167.0,28.0,15.0,2.5,0.0,3.75,1.4,1.3333333333333333,0.0,0.0,0.0,0.0,0.0,0.0,"Copa Sudamericana, Group C",D,Argentina,51.75,4.25,602.0,77.75,1.2,1.8,2.857142857142857,4.375,0.0,1.8571428571428572,1.0,1.0,1.0,-0.3392390181100069
Fabrício Bruno,Flamengo,71.6295683748852,"R$ 38.340.000,00",0.0,0.0188,0.0,0.0,0.052068118,0.0,1.0,43.125,6.9875,0.0,1.0,3.3333333333333335,2.2,1.0,3.875,1.0,192.0,28.0,7.125,0.0,0.0,2.0,1.0,0.0,0.0,0.0,0.0,0.0,0.0,0.0,"Copa Libertadores, Group E",D,Brazil,49.25,6.875,713.0,57.375,1.6666666666666667,3.125,1.75,2.0,1.1666666666666667,0.0,0.0,0.0,2.0,0.3096295413385324
Facundo Mallo,Rosario Central,65.4664455841704,"R$ 11.502.000,00",1.0,0.14129999999999998,1.0,1.0,0.0055260150000000004,0.3333333333333333,2.0,25.444444444444443,7.088888888888889,0.0,1.0,3.888888888888889,2.2857142857142856,1.0,3.5555555555555554,1.0,185.0,29.0,10.222222222222221,1.0,1.0,2.3333333333333335,1.3333333333333333,1.0,1.0,0.0,0.0,0.0,0.0,0.0,"Copa Libertadores, Group G",D,Uruguay,34.77777777777778,9.666666666666666,761.0,47.77777777777778,1.8333333333333333,3.7777777777777777,2.0,1.0,1.6,1.0,1.0,1.1666666666666667,1.75,0.21200126204183967
Facundo Mura,Racing Club,30.61796024259388,"R$ 12.780.000,00",0.0,0.0,0.0,0.0,0.0,0.4,1.1428571428571428,22.666666666666668,6.788888888888888,0.0,1.0,3.2857142857142856,1.0,1.25,1.8571428571428572,1.0,171.0,25.0,12.222222222222221,0.0,1.0,2.5714285714285716,1.5,1.6666666666666667,0.0,0.0,0.0,0.0,0.0,0.0,"Copa Sudamericana, Group H",D,Argentina,29.88888888888889,5.25,687.0,46.666666666666664,1.25,2.3333333333333335,1.8571428571428572,2.125,1.0,1.5,1.4,1.0,1.0,-0.34002370574231633
Facundo Rodríguez,LDU,33.40928288291033,"R$ 5.112.000,00",0.0,0.0413,0.0,0.0,0.038201903333333335,0.0,1.0,28.0,6.540000000000001,0.0,1.0,2.5,1.0,2.0,5.0,0.0,188.0,24.0,7.0,0.0,0.0,3.8,1.3333333333333333,1.0,0.0,0.0,0.0,0.0,0.0,0.0,"Copa Libertadores, Group D",D,Argentina,34.0,8.4,450.0,42.0,2.4,2.8,1.0,2.0,1.0,3.0,1.0,1.0,1.0,-0.295807155855211
Fagner,Corinthians,12.223007244033933,"R$ 2.556.000,00",0.0,0.0,1.0,1.3333333333333333,0.0,0.25,2.5,22.625,6.875,0.0,1.3333333333333333,2.7142857142857144,1.0,3.0,2.0,1.0,168.0,35.0,14.5,1.0,0.0,3.75,1.2857142857142858,1.6,0.0,0.0,0.0,0.0,0.0,0.0,"Copa Sudamericana, Group F",D,Brazil,30.125,4.25,560.0,52.875,1.0,1.4,2.25,4.25,2.0,1.6666666666666667,0.0,1.0,1.0,-0.6314129364904938
Fainer Torijano,Independiente Medellín,65.15985016101018,"R$ 1.278.000,00",0.0,0.0,0.0,1.0,0.0,0.0,2.0,33.888888888888886,6.933333333333334,0.0,1.0,4.222222222222222,3.857142857142857,0.0,3.0,1.0,182.0,36.0,6.111111111111111,0.0,0.0,2.75,1.4,1.0,0.0,0.0,0.0,0.0,0.0,0.0,"Copa Sudamericana, Group A",D,Colombia,39.22222222222222,6.222222222222222,796.0,50.888888888888886,1.5,5.111111111111111,1.4,1.0,2.0,1.0,1.0,1.0,1.5,0.20714457094224514
Fernando Meza,Argentinos Juniors,29.383537209473243,"R$ 1.278.000,00",0.0,0.0,0.0,1.0,0.0,0.0,1.25,34.0,6.540000000000001,0.0,0.0,5.0,4.75,0.0,2.0,0.0,176.0,34.0,12.8,0.0,0.0,2.8,1.25,1.0,0.0,0.0,0.0,0.0,0.0,1.0,"Copa Sudamericana, Group F",D,Argentina,42.8,5.0,428.0,57.8,2.0,3.0,1.2,5.0,1.0,0.0,0.0,0.0,2.3333333333333335,-0.35957785073344584
Francisco Alarcón,Cobresal,54.25688326105824,"R$ 1.278.000,00",0.0,0.2357,0.0,0.0,0.0101001,0.0,1.0,23.0,6.859999999999999,0.0,1.0,4.2,3.0,0.0,2.5,0.0,189.0,34.0,7.0,1.0,1.0,2.6,1.5,2.0,0.0,0.0,0.0,0.0,0.0,0.0,"Copa Libertadores, Group B",D,Chile,28.4,4.6,450.0,43.0,1.75,5.8,2.0,0.0,1.3333333333333333,0.0,0.0,2.0,2.25,0.03443376607644576
Francisco Báez,Sportivo Ameliano,36.02512372225274,"R$ 1.278.000,00",0.0,0.0,0.0,0.0,0.0,0.0,0.0,27.666666666666668,6.766666666666667,0.0,1.0,4.2,3.0,0.0,4.0,0.0,184.0,33.0,6.5,0.0,0.0,3.6,1.5,1.0,0.0,0.0,0.0,0.0,0.0,0.0,"Copa Sudamericana, Group E",D,Paraguay,33.666666666666664,5.4,465.0,42.333333333333336,2.5,3.8333333333333335,2.0,1.0,1.3333333333333333,0.0,0.0,0.0,1.0,-0.2543703633830954
Franco Bechtholdt,Cobresal,54.346970205694085,"R$ 3.195.000,00",0.0,0.0788,0.0,0.0,0.0,0.0,2.0,22.166666666666668,6.783333333333334,0.0,1.0,6.0,2.25,0.0,1.8,0.0,179.0,31.0,5.0,0.0,0.0,2.3333333333333335,2.0,1.0,1.0,0.0,0.0,0.0,0.0,1.0,"Copa Libertadores, Group B",D,Argentina,27.166666666666668,3.1666666666666665,486.0,36.833333333333336,1.3333333333333333,3.0,3.8,0.0,1.6666666666666667,1.0,1.0,1.0,1.5,0.03586080780359494
Félix Torres,Corinthians,64.95261049097087,"R$ 28.755.000,00",0.0,0.0,0.0,0.0,0.0,0.0,0.0,41.333333333333336,7.066666666666666,0.0,1.2,4.0,3.0,0.0,4.125,0.0,187.0,27.0,8.777777777777779,1.0,0.0,2.5555555555555554,1.0,0.0,0.0,0.0,0.0,0.0,0.0,0.0,"Copa Sudamericana, Group F",D,Ecuador,48.22222222222222,6.111111111111111,720.0,59.22222222222222,1.5,4.0,1.5714285714285714,0.0,1.25,1.0,0.0,1.0,1.6666666666666667,0.20386174613491959
Gabriel Báez,Club Nacional,28.56950390065159,"R$ 8.307.000,00",0.0,0.04202,0.0,1.5,0.1349721875,0.5,1.6666666666666667,29.125,7.0874999999999995,0.0,1.25,2.375,1.0,1.5,2.625,0.0,178.0,29.0,12.375,1.0,0.0,3.0,1.8,1.0,1.0,0.0,0.0,0.0,0.0,0.0,"Copa Libertadores, Group H",D,Argentina,35.625,6.125,720.0,57.5,1.75,2.25,2.0,3.875,1.0,1.3333333333333333,1.0,1.2,1.4,-0.3724727213906041
Gabriel Fuentes,Junior Barranquilla,44.800962518263894,"R$ 11.502.000,00",1.0,0.26185,1.0,1.0,0.11704706000000001,0.25,1.0,32.75,7.1125,0.0,1.4,5.5,2.2,1.5,2.2,0.0,180.0,27.0,12.75,1.0,1.0,4.714285714285714,1.4,2.25,1.0,0.0,0.0,0.0,0.0,0.0,"Copa Libertadores, Group D",D,Colombia,41.5,4.571428571428571,720.0,61.25,1.8571428571428572,2.375,2.75,2.8333333333333335,1.0,2.3333333333333335,1.3333333333333333,1.0,1.2857142857142858,-0.1153547912237161
Gabriel Rojas,Racing Club,39.32520207721983,"R$ 17.253.000,00",0.0,0.0,1.0,1.0,0.0,0.0,1.25,25.285714285714285,7.057142857142857,0.0,1.25,4.142857142857143,1.25,2.25,1.6,1.0,178.0,27.0,14.571428571428571,1.5,0.0,3.142857142857143,1.0,1.0,0.0,0.0,0.0,0.0,0.0,0.0,"Copa Sudamericana, Group H",D,Argentina,31.857142857142858,4.0,589.0,53.857142857142854,1.6666666666666667,2.3333333333333335,2.3333333333333335,5.857142857142857,1.0,1.3333333333333333,1.0,1.0,1.0,-0.20209475858335219
Gastón Benavídez,Talleres,44.6498800306163,"R$ 19.170.000,00",0.0,0.0423,0.0,0.0,0.03156357571428571,0.0,1.5,21.428571428571427,6.971428571428571,0.0,1.1428571428571428,4.714285714285714,1.0,2.0,1.25,0.0,175.0,28.0,10.142857142857142,1.0,0.0,3.142857142857143,1.5,2.0,0.0,0.0,0.0,0.0,0.0,0.0,"Copa Libertadores, Group B",D,Argentina,26.857142857142858,3.0,630.0,52.57142857142857,1.3333333333333333,2.4,3.0,2.5,1.5,1.6666666666666667,1.0,1.0,2.2,-0.11774804603978425
Gastón Campi,San Lorenzo,69.36831838831421,"R$ 1.597.500,00",1.0,0.0324,1.0,1.0,0.05376683166666666,0.0,1.0,24.0,7.0375,0.0,1.0,5.428571428571429,3.857142857142857,0.0,2.2857142857142856,0.0,192.0,33.0,9.25,0.0,0.0,1.5714285714285714,1.4,1.0,0.0,0.0,0.0,0.0,0.0,0.0,"Copa Libertadores, Group F",D,Argentina,32.5,6.875,720.0,42.75,1.0,4.625,1.8,0.0,1.0,0.0,0.0,1.5,2.0,0.2738097219474295
Gonzalo Luján,San Lorenzo,34.60420859977824,"R$ 19.170.000,00",0.0,0.13369999999999999,0.0,0.0,0.00900651,0.0,0.0,16.571428571428573,6.6000000000000005,0.0,1.0,1.8571428571428572,1.25,1.0,3.0,0.0,182.0,23.0,11.571428571428571,1.0,1.0,2.25,1.0,1.0,0.0,0.0,0.0,0.0,0.0,0.0,"Copa Libertadores, Group F",D,Argentina,25.142857142857142,7.857142857142857,471.0,35.42857142857143,1.0,4.0,2.0,2.25,1.0,1.0,1.0,1.0,1.0,-0.27687867664318955
Guilherme Arana,Atlético Mineiro,60.72403222479988,"R$ 76.680.000,00",1.0,0.06259999999999999,1.0,1.0,0.130466413,0.2857142857142857,1.8571428571428572,48.5,7.31,0.0,1.75,3.5,2.1666666666666665,2.2,1.5555555555555556,2.0,176.0,27.0,11.9,1.5,1.0,2.6666666666666665,1.6666666666666667,1.0,1.0,0.0,0.0,0.0,0.0,0.0,"Copa Libertadores, Group G",D,Brazil,55.1,3.0,886.0,76.8,1.1666666666666667,2.375,1.8333333333333333,4.0,2.0,1.1666666666666667,1.0,2.0,1.0,0.13687803771041368
Guillermo Varela,Flamengo,23.91550650304449,"R$ 10.863.000,00",0.0,0.03165,0.0,0.0,0.097680454,0.0,1.75,22.555555555555557,6.855555555555556,0.0,1.5,3.857142857142857,2.2,2.0,1.1428571428571428,1.0,171.0,31.0,8.555555555555555,1.0,0.0,2.6666666666666665,1.3333333333333333,1.4,0.0,0.0,0.0,0.0,0.0,0.0,"Copa Libertadores, Group E",D,Uruguay,26.444444444444443,2.3333333333333335,642.0,42.333333333333336,1.5,1.6666666666666667,1.3333333333333333,3.2857142857142856,1.0,1.2857142857142858,1.0,0.0,1.4,-0.4461953735604094
Gustavo Gómez,Palmeiras,77.59418831749606,"R$ 44.730.000,00",1.0,0.4977,1.0,0.0,0.10898284,0.0,1.0,32.375,7.1375,0.0,1.5,9.125,7.125,0.0,3.7142857142857144,0.0,185.0,31.0,7.375,0.0,1.0,4.428571428571429,1.1428571428571428,1.0,1.6666666666666667,0.0,0.0,0.0,0.0,0.0,"Copa Libertadores, Group F",D,Paraguay,39.625,5.75,711.0,52.125,3.142857142857143,4.875,1.3333333333333333,0.0,1.0,1.0,0.0,1.5,1.5714285714285714,0.404113393345041
Guzmán Rodríguez,Peñarol,63.42828330582552,"R$ 12.780.000,00",1.0,0.06705,1.0,0.0,0.0070337,0.0,0.0,22.444444444444443,7.088888888888889,0.0,1.25,4.444444444444445,2.3333333333333335,0.0,2.25,0.0,185.0,24.0,7.444444444444445,1.0,0.0,2.857142857142857,1.5,1.3333333333333333,1.0,0.0,0.0,0.0,0.0,0.0,"Copa Libertadores, Group G",D,Uruguay,29.0,6.333333333333333,810.0,42.111111111111114,1.5,5.333333333333333,2.1666666666666665,0.0,1.4,1.0,1.0,1.0,1.0,0.17971531173398303
Hermes Rodríguez,Rayo Zuliano,84.02703131821963,"R$ 1.757.250,00",0.0,0.0,0.0,0.0,0.0,0.0,0.0,26.666666666666668,6.616666666666667,0.0,1.0,5.166666666666667,3.6666666666666665,0.0,2.6,1.0,180.0,25.0,8.666666666666666,0.0,0.0,3.5,1.0,1.0,0.0,0.0,0.0,0.0,0.0,0.0,"Copa Sudamericana, Group E",D,Venezuela,35.0,7.166666666666667,540.0,50.0,3.6,8.666666666666666,1.6666666666666667,1.0,2.3333333333333335,1.0,1.0,1.0,1.5,0.5060142339534067
Hugo,Botafogo,49.048681201238175,"R$ 25.560.000,00",1.0,0.12323333333333335,1.5,1.0,0.06120342000000001,0.0,1.3333333333333333,23.0,7.071428571428571,0.0,1.75,4.857142857142857,1.4,1.6666666666666667,1.6666666666666667,1.0,175.0,23.0,11.857142857142858,1.0,0.0,2.857142857142857,1.5,1.25,0.0,0.0,0.0,0.0,0.0,1.0,"Copa Libertadores, Group D",D,Brazil,28.857142857142858,3.4285714285714284,546.0,51.142857142857146,1.5,2.0,2.2857142857142856,3.3333333333333335,0.0,1.2,1.3333333333333333,0.0,2.0,-0.04806788488786216
Hugo,Corinthians,66.62844231673073,"R$ 25.560.000,00",0.0,0.0,0.0,0.0,0.0,0.2,1.0,34.375,7.1125,0.0,1.6,6.142857142857143,2.5,1.0,1.8333333333333333,0.0,179.0,27.0,10.375,1.6666666666666667,1.0,4.25,1.8571428571428572,1.6666666666666667,1.0,0.0,0.0,0.0,0.0,0.0,"Copa Sudamericana, Group F",D,Brazil,41.25,3.0,675.0,62.25,1.8333333333333333,3.5714285714285716,4.0,1.3333333333333333,1.0,1.0,0.0,2.0,2.75,0.23040812255728418
Igor Vinícius,São Paulo,42.3476761709962,"R$ 15.975.000,00",0.0,0.1217,0.0,0.0,0.08480529142857142,0.3333333333333333,1.6666666666666667,43.57142857142857,7.114285714285714,0.0,1.2,5.428571428571429,1.75,2.0,2.8,0.0,173.0,27.0,9.714285714285714,1.2,0.0,4.714285714285714,1.0,3.3333333333333335,1.0,0.0,0.0,0.0,0.0,0.0,"Copa Libertadores, Group B",D,Brazil,48.285714285714285,3.8333333333333335,508.0,69.57142857142857,1.75,2.2,2.8333333333333335,3.6666666666666665,1.0,2.0,1.3333333333333333,1.0,1.25,-0.15421660411289834
Iván Ramírez,Libertad,62.417220160576136,"R$ 7.668.000,00",0.0,0.0467,1.0,3.0,0.14684534999999999,0.3333333333333333,3.5,30.142857142857142,7.114285714285714,0.0,2.0,5.833333333333333,1.0,3.5,2.857142857142857,1.0,180.0,29.0,20.714285714285715,1.2,0.0,4.571428571428571,1.25,1.7142857142857142,0.0,0.0,0.0,0.0,0.0,0.0,"Copa Libertadores, Group H",D,Paraguay,39.714285714285715,5.714285714285714,608.0,73.71428571428571,1.0,2.4,3.2,9.857142857142858,1.0,3.0,2.0,1.0,1.8,0.1636993473466255
Iván Román,Palestino,40.293075299653665,"R$ 9.585.000,00",1.0,0.0,1.0,0.0,0.013776189999999999,0.0,1.0,14.0,6.371428571428572,0.0,1.0,3.1666666666666665,1.5,0.0,3.5,0.0,184.0,18.0,10.285714285714286,0.0,0.0,2.857142857142857,1.25,1.1666666666666667,0.0,0.0,0.0,0.0,0.0,1.0,"Copa Libertadores, Group E",D,Chile,22.571428571428573,8.0,518.0,32.0,1.75,3.6666666666666665,1.8333333333333333,0.0,1.0,2.0,1.0,0.0,1.0,-0.18676295350786032
Javier Méndez,Peñarol,53.51270174518859,"R$ 3.834.000,00",1.0,0.0897,1.0,0.0,0.00532067,0.0,0.0,19.75,6.9375,0.0,0.0,4.25,2.6666666666666665,0.0,3.0,1.0,184.0,29.0,8.5,1.0,0.0,3.0,1.2,1.25,0.0,0.0,0.0,0.0,0.0,0.0,"Copa Libertadores, Group G",D,Uruguay,26.75,5.75,679.0,38.75,1.4285714285714286,4.5,2.5714285714285716,0.0,1.0,0.0,0.0,1.0,1.0,0.02264539785048486
Jermein Peña,Junior Barranquilla,94.5446837874175,"R$ 5.431.500,00",0.0,0.0626,0.0,0.0,0.01097776,0.0,0.0,30.857142857142858,7.071428571428571,0.0,2.5,4.571428571428571,3.25,0.0,3.5714285714285716,1.0,185.0,24.0,7.142857142857143,0.0,0.0,4.0,1.25,1.3333333333333333,0.0,0.0,0.0,0.0,0.0,0.0,"Copa Libertadores, Group D",D,Colombia,37.142857142857146,8.0,562.0,52.0,2.6666666666666665,5.0,2.1666666666666665,1.0,1.75,1.0,1.0,1.0,3.0,0.6726213822574094
Jesús Sagredo,Bolívar,8.052647559512145,"R$ 2.556.000,00",0.0,0.016050000000000002,0.0,0.0,0.0966143,0.0,1.3333333333333333,33.285714285714285,6.528571428571429,0.0,0.0,1.8571428571428572,1.0,0.0,2.5714285714285716,0.0,180.0,30.0,9.0,1.0,0.0,3.0,2.0,1.0,0.0,0.0,0.0,0.0,0.0,1.0,"Copa Libertadores, Group E",D,Bolivia,40.42857142857143,6.285714285714286,543.0,50.57142857142857,2.0,2.8333333333333335,1.6,1.5,2.0,1.3333333333333333,0.0,1.0,1.0,-0.6974744208830415
Joaquín Piquerez,Palmeiras,37.044983609827504,"R$ 83.070.000,00",1.0,0.049166666666666664,1.0,1.0,0.04327408333333333,0.0,1.3333333333333333,26.5,7.1000000000000005,0.0,1.3333333333333333,3.3333333333333335,1.3333333333333333,2.0,3.6666666666666665,0.0,183.0,26.0,12.666666666666666,1.3333333333333333,0.0,3.0,1.0,1.6666666666666667,0.0,0.0,0.0,0.0,0.0,0.0,"Copa Libertadores, Group F",D,Uruguay,33.666666666666664,7.666666666666667,482.0,58.166666666666664,1.5,2.4,2.4,3.1666666666666665,0.0,1.0,0.0,1.0,1.3333333333333333,-0.23821505229670123
Johan Madrid,Universidad César Vallejo,42.14728170743207,"R$ 1.917.000,00",0.0,0.0,0.0,1.0,0.0,0.0,1.25,25.333333333333332,6.583333333333333,0.0,1.6666666666666667,4.0,1.0,1.3333333333333333,2.4,0.0,179.0,27.0,11.5,1.0,0.0,3.3333333333333335,1.0,1.5,0.0,0.0,0.0,0.0,0.0,0.0,"Copa Sudamericana, Group A",D,Peru,32.833333333333336,5.6,473.0,53.5,1.3333333333333333,3.0,2.5,2.8,2.0,2.0,1.5,1.5,1.25,-0.15739099594682784
Josué Cuero,Delfín,51.72122444015287,"R$ 1.597.500,00",0.0,0.0,0.0,0.0,0.0,0.0,1.6666666666666667,15.5,6.8999999999999995,0.0,1.6,5.833333333333333,1.75,1.5,1.5,1.0,176.0,23.0,12.333333333333334,1.0,0.0,3.1666666666666665,1.5,1.0,1.0,0.0,0.0,0.0,0.0,0.0,"Copa Sudamericana, Group C",D,Ecuador,20.333333333333332,2.75,460.0,44.0,2.0,3.2,2.8,2.8333333333333335,1.0,1.5,1.5,1.0,1.0,-0.0057328857938410945
José Ortiz,Independiente Medellín,78.79280659239772,"R$ 6.390.000,00",0.0,0.0,1.0,0.0,0.0,0.0,1.0,39.25,6.9875,0.0,0.0,3.625,3.5,0.0,4.375,1.0,181.0,25.0,5.75,0.0,0.0,1.5,1.2,1.6666666666666667,0.0,0.0,0.0,0.0,0.0,0.0,"Copa Sudamericana, Group A",D,Colombia,44.0,6.5,720.0,55.375,1.0,4.25,2.0,0.0,1.3333333333333333,1.0,1.0,1.0,1.4,0.42310036532108464
José Quintero,LDU,34.339587091132024,"R$ 2.556.000,00",0.0,0.05845,1.5,1.0,0.234498765,0.0,2.8333333333333335,18.875,7.175,0.0,1.8,4.0,1.4,2.3333333333333335,2.5714285714285716,1.0,176.0,34.0,17.375,1.0,0.0,2.5,1.2,1.25,0.0,0.0,0.0,0.0,0.0,0.0,"Copa Libertadores, Group D",D,Ecuador,28.125,5.5,643.0,52.0,1.5,2.75,1.8,4.875,1.25,1.4,1.0,1.0,1.3333333333333333,-0.2810704708733721
José Sagredo,Bolívar,61.05166148125104,"R$ 3.834.000,00",1.0,0.30155,1.0,1.0,0.07858137625,0.0,1.1666666666666667,39.5,7.1125,0.0,1.0,3.75,1.25,1.3333333333333333,2.4285714285714284,1.0,180.0,30.0,11.25,1.0,1.0,2.25,1.25,1.3333333333333333,1.0,0.0,0.0,0.0,0.0,0.0,"Copa Libertadores, Group E",D,Bolivia,46.125,4.375,720.0,70.0,1.6666666666666667,4.142857142857143,2.4285714285714284,2.0,1.5,1.0,1.0,1.0,1.8,0.14206791979466663
João Pedro,Grêmio,28.869785187934855,"R$ 2.875.500,00",1.0,0.036250000000000004,1.5,1.0,0.02907929,0.0,1.25,25.714285714285715,7.085714285714286,0.0,1.2,4.0,1.0,1.0,1.8,0.0,179.0,27.0,15.571428571428571,1.4,0.0,4.285714285714286,1.0,1.0,0.0,0.0,0.0,0.0,0.0,0.0,"Copa Libertadores, Group C",D,Brazil,34.0,4.714285714285714,630.0,59.0,2.3333333333333335,1.5,1.8571428571428572,2.1666666666666665,1.25,3.0,1.75,0.0,1.3333333333333333,-0.3677160507257542
Juan Barinaga,Belgrano,32.69197380568802,"R$ 25.560.000,00",0.0,0.0,1.0,0.0,0.0,0.5,1.0,11.333333333333334,6.733333333333333,0.0,0.0,3.3333333333333335,1.8,1.3333333333333333,2.2,1.0,176.0,24.0,17.833333333333332,1.4,0.0,4.333333333333333,1.0,1.0,0.0,0.0,0.0,0.0,0.0,0.0,"Copa Sudamericana, Group C",D,Argentina,19.166666666666668,4.333333333333333,424.0,44.333333333333336,1.25,2.25,1.75,2.4,1.0,2.8,2.0,1.6666666666666667,1.3333333333333333,-0.30716984540580994
Juan Pablo Vargas,Millonarios,76.64662956713421,"R$ 12.780.000,00",0.0,0.1357,1.0,0.0,0.027608693333333333,0.0,1.0,34.5,6.8,0.0,1.0,4.833333333333333,2.4,1.0,2.5,1.0,192.0,29.0,8.166666666666666,2.0,0.0,2.2,1.0,0.0,0.0,0.0,0.0,0.0,0.0,0.0,"Copa Libertadores, Group E",D,Costa Rica,41.666666666666664,6.333333333333333,540.0,54.333333333333336,1.75,4.0,2.0,1.0,1.0,1.5,1.5,1.0,2.4,0.3891033840572621
Juan Rioja,CD Real Tomayapo,19.18002816016902,"R$ 479.250,00",1.0,0.0,1.0,0.0,0.0,0.0,1.0,15.0,6.8,0.0,1.3333333333333333,3.0,1.5,0.0,1.6,0.0,182.0,36.0,7.2,0.0,0.0,3.2,1.5,1.6666666666666667,0.0,0.0,0.0,0.0,0.0,0.0,"Copa Sudamericana, Group C",D,Bolivia,22.2,6.2,450.0,33.0,2.0,3.8,1.0,0.0,2.25,0.0,0.0,0.0,1.3333333333333333,-0.5212087422633989
Julio Gonzalez,Sportivo Ameliano,39.688481361772475,"R$ 1.597.500,00",1.0,0.0,1.0,0.0,0.0,0.0,1.0,17.166666666666668,7.133333333333333,0.0,1.0,5.5,1.6,1.5,1.5,0.0,176.0,32.0,12.833333333333334,1.6666666666666667,0.0,5.0,1.8,1.6,0.0,0.0,0.0,0.0,0.0,0.0,"Copa Sudamericana, Group E",D,Paraguay,23.833333333333332,3.5,540.0,46.166666666666664,1.5,2.8333333333333335,3.5,1.8,1.0,1.0,1.0,1.0,2.0,-0.19634015451989892
Julio Soler,Lanús,65.33458678419804,"R$ 38.340.000,00",0.0,0.0,1.0,1.0,0.0,0.2,1.0,21.444444444444443,7.222222222222222,0.0,2.375,5.777777777777778,1.0,1.0,1.75,1.0,170.0,19.0,11.0,1.3333333333333333,0.0,2.7777777777777777,1.5714285714285714,1.0,0.0,0.0,0.0,0.0,0.0,0.0,"Copa Sudamericana, Group G",D,Argentina,25.77777777777778,2.5714285714285716,720.0,49.333333333333336,1.0,2.1666666666666665,2.875,2.5,1.0,1.4285714285714286,1.5,1.3333333333333333,1.25,0.20991252420737314
Jímer Fory,Independiente Medellín,43.65090687384182,"R$ 5.112.000,00",0.0,0.0,1.0,2.0,0.0,0.2,1.6666666666666667,26.444444444444443,6.977777777777778,0.0,1.3333333333333333,4.0,1.75,1.25,4.333333333333333,0.0,187.0,22.0,12.0,1.5,0.0,3.4444444444444446,3.2,1.2,1.0,0.0,0.0,0.0,0.0,1.0,"Copa Sudamericana, Group A",D,Colombia,32.77777777777778,4.0,753.0,51.888888888888886,1.3333333333333333,3.0,2.0,2.5714285714285716,1.4,1.5,1.3333333333333333,1.0,1.0,-0.1335724963503332
Kaique Rocha,Athletico,85.13509877972174,"R$ 19.170.000,00",0.0,0.0,0.0,1.0,0.0,0.0,1.0,49.2,6.92,0.0,1.0,5.8,3.8,0.0,4.0,1.0,195.0,23.0,10.8,2.0,0.0,2.8,1.25,1.0,1.0,0.0,0.0,0.0,0.0,0.0,"Copa Sudamericana, Group E",D,Brazil,58.2,7.6,450.0,70.0,1.5,4.2,1.5,1.0,1.5,1.0,1.0,1.0,1.6666666666666667,0.5235668161888422
Leandro Díaz,Huachipato,28.80597087079828,"R$ 6.390.000,00",0.0,0.01385,0.0,1.0,0.16375545000000002,0.0,1.5,19.375,6.8125,0.0,1.25,2.7142857142857144,1.5,1.8,2.5,1.0,173.0,25.0,12.625,1.0,0.0,3.1666666666666665,1.3333333333333333,2.0,0.0,0.0,0.0,0.0,0.0,0.0,"Copa Libertadores, Group C",D,Chile,27.375,4.75,524.0,45.625,1.0,1.8333333333333333,1.6,3.142857142857143,1.0,1.0,1.0,1.0,1.5,-0.368726915215737
Leandro González Pírez,River Plate,40.16288416189766,"R$ 6.390.000,00",0.0,0.0099,0.0,0.0,0.013243405,0.3333333333333333,1.0,33.0,7.1499999999999995,0.0,1.3333333333333333,4.5,2.8333333333333335,0.0,5.166666666666667,0.0,186.0,32.0,10.5,1.0,0.0,5.2,2.5,1.0,0.0,0.0,0.0,0.0,0.0,0.0,"Copa Libertadores, Group H",D,Argentina,40.714285714285715,9.666666666666666,541.0,52.42857142857143,4.75,5.0,1.75,0.0,1.5,0.0,0.0,1.0,1.4,-0.18882527437836882
Leandro Lozano,Club Nacional,39.981621038383416,"R$ 15.975.000,00",1.0,0.202275,1.0,1.0,0.0690231875,0.25,1.4,33.625,7.1375,0.0,1.5714285714285714,5.25,1.5714285714285714,1.5,2.0,1.0,169.0,25.0,13.375,1.0,1.0,3.5,2.0,1.3333333333333333,0.0,0.0,0.0,0.0,0.0,0.0,"Copa Libertadores, Group H",D,Uruguay,40.375,4.428571428571429,720.0,65.25,1.5,1.5,2.0,3.857142857142857,1.0,2.1666666666666665,1.4,1.3333333333333333,1.0,-0.1916966120832252
Leonel Quiñónez,LDU,55.47140012669491,"R$ 4.153.500,00",1.0,0.059625,1.0,1.0,0.09597741666666666,0.5,2.5,38.125,7.1875,0.0,1.3333333333333333,3.2857142857142856,1.5,2.2,4.625,1.0,178.0,31.0,17.375,0.0,0.0,2.125,1.3333333333333333,1.3333333333333333,0.0,0.0,0.0,0.0,0.0,1.0,"Copa Libertadores, Group D",D,Ecuador,48.375,10.0,715.0,71.25,1.75,2.0,2.0,4.125,1.0,1.0,1.0,1.6666666666666667,2.5714285714285716,0.053672583116981885
Luan Cândido,Red Bull Bragantino,100.0,"R$ 44.730.000,00",1.0,0.0,1.5,0.0,0.0,0.0,1.0,31.555555555555557,7.133333333333334,0.0,1.25,5.333333333333333,2.75,0.0,2.0,2.0,187.0,23.0,11.666666666666666,0.0,0.0,3.625,1.8,1.4,1.0,0.0,0.0,0.0,0.0,0.0,"Copa Sudamericana, Group H",D,Brazil,40.22222222222222,5.444444444444445,810.0,61.55555555555556,2.0,5.0,2.25,1.0,2.0,2.0,1.5,1.8,2.5555555555555554,0.759037498395185
Luca Sosa,Barcelona SC,77.40407563018039,"R$ 7.668.000,00",0.0,0.02665,0.0,1.0,0.05670226199999999,0.5,1.0,46.142857142857146,7.171428571428572,0.0,1.2,6.0,2.2,1.0,4.285714285714286,1.0,187.0,30.0,11.428571428571429,1.0,0.0,3.142857142857143,1.5,1.0,0.0,0.0,0.0,0.0,0.0,0.0,"Copa Libertadores, Group B",D,Argentina,56.285714285714285,8.714285714285714,630.0,68.85714285714286,2.2,2.5,3.0,1.0,1.25,2.0,2.0,0.0,1.8,0.40110187221113436
Lucas Esquivel,Athletico,96.88632156390717,"R$ 19.170.000,00",1.0,0.0,1.5,1.0,0.0,0.25,2.25,44.166666666666664,7.233333333333333,0.0,1.8,7.333333333333333,2.0,1.5,2.75,1.0,183.0,22.333333333333332,15.166666666666666,1.4,1.0,4.333333333333333,1.4,0.0,0.0,0.0,0.0,0.0,0.0,0.0,"Copa Sudamericana, Group E",D,Argentina,50.833333333333336,4.166666666666667,495.0,77.16666666666667,1.0,2.2,2.3333333333333335,4.0,0.0,4.4,3.25,1.0,3.0,0.7097146018179931
Lucas Ferreira,Danubio,80.87222464574577,"R$ 3.195.000,00",0.0,0.0,1.0,0.0,0.0,0.0,1.0,31.666666666666668,7.133333333333333,0.0,2.0,8.5,5.2,0.0,4.166666666666667,0.0,186.0,24.0,15.333333333333334,1.0,1.0,5.166666666666667,1.4,2.0,0.0,0.0,0.0,0.0,0.0,0.0,"Copa Sudamericana, Group E",D,Uruguay,44.0,10.5,495.0,62.333333333333336,2.1666666666666665,3.6666666666666665,3.2,0.0,1.0,2.25,1.5,1.5,1.5,0.4560398366541397
Lucas Halter,Botafogo,56.89297569404834,"R$ 19.170.000,00",0.0,0.07023333333333333,1.0,0.0,0.010513026666666666,0.0,0.0,50.8,6.76,0.0,2.0,3.4,2.2,0.0,4.0,1.0,187.0,24.0,7.0,0.0,1.0,3.2,2.4,0.0,0.0,0.0,0.0,0.0,0.0,0.0,"Copa Libertadores, Group D",D,Brazil,57.2,6.4,450.0,66.0,1.3333333333333333,3.6,1.3333333333333333,0.0,1.0,0.0,0.0,1.3333333333333333,1.0,0.07619135829699715
Luis Caicedo,Club Always Ready,73.84359186628693,"R$ 4.792.500,00",1.0,0.0,1.0,0.0,0.0,0.0,1.0,24.833333333333332,7.1499999999999995,0.0,1.0,2.8,2.0,0.0,2.5,0.0,185.0,27.0,4.833333333333333,0.0,0.0,1.5,1.0,1.0,0.0,0.0,0.0,0.0,0.0,0.0,"Copa Sudamericana, Group A",D,Ecuador,29.166666666666668,3.6666666666666665,511.0,38.166666666666664,1.0,3.0,1.25,0.0,1.8,1.0,1.0,2.0,3.0,0.34470125922052175
Luis Cardozo,Libertad,44.92100850994848,"R$ 319.500,00",0.0,0.0918,0.0,0.0,0.0355308,0.0,1.0,33.75,6.7625,0.0,1.0,3.375,2.1666666666666665,0.0,4.142857142857143,1.0,180.0,36.0,7.75,1.0,0.0,2.857142857142857,1.3333333333333333,1.0,0.0,0.0,0.0,0.0,0.0,0.0,"Copa Libertadores, Group H",D,Paraguay,40.875,9.857142857142858,647.0,49.375,2.0,4.142857142857143,2.4,1.0,1.0,1.0,1.0,0.0,1.6666666666666667,-0.11345317673336569
Léo Ortiz,Flamengo,50.75608066203486,"R$ 57.510.000,00",1.0,0.31885,2.0,0.0,0.031146260000000002,0.0,1.0,39.333333333333336,7.1000000000000005,0.0,1.0,4.0,2.0,0.0,1.6,1.0,185.0,28.0,7.666666666666667,1.0,1.0,3.2,2.5,2.0,0.0,0.0,0.0,0.0,0.0,0.0,"Copa Libertadores, Group E",D,Brazil,46.0,2.6666666666666665,444.0,54.833333333333336,1.6666666666666667,1.8,3.3333333333333335,0.0,0.0,1.25,1.5,1.5,1.6666666666666667,-0.021021454516425564
Léo Pereira,Flamengo,96.75045925772164,"R$ 57.510.000,00",1.0,0.19886666666666666,2.0,0.0,0.06471999333333332,0.0,1.3333333333333333,52.285714285714285,7.314285714285715,0.0,1.0,4.571428571428571,2.4285714285714284,1.5,4.142857142857143,1.0,189.0,28.0,9.857142857142858,0.0,1.0,2.857142857142857,1.3333333333333333,1.0,0.0,0.0,0.0,0.0,0.0,0.0,"Copa Libertadores, Group E",D,Brazil,60.0,8.142857142857142,577.0,71.57142857142857,2.5,3.1666666666666665,2.0,3.6666666666666665,1.6666666666666667,2.0,2.0,1.5,3.0,0.7075624455776278
Manuel Fernández,Coquimbo Unido,55.57641360056859,"R$ 639.000,00",0.0,0.0,0.0,0.0,0.0,0.0,1.0,21.6,6.76,0.0,1.4,7.2,4.25,0.0,4.0,0.0,181.0,35.0,8.2,0.0,1.0,3.8,2.0,2.0,0.0,0.0,0.0,0.0,0.0,1.0,"Copa Sudamericana, Group H",D,Uruguay,29.4,7.25,429.0,42.6,2.5,4.6,3.0,0.0,1.3333333333333333,0.0,0.0,2.0,2.3333333333333335,0.05533607175827627
Marcelo,Fluminense,18.646656906591794,"R$ 8.307.000,00",1.0,0.07461428571428572,1.0,1.0,0.07210770875,0.16666666666666666,1.3333333333333333,38.0,7.033333333333333,0.0,1.0,3.5555555555555554,1.0,1.5,4.0,1.0,174.0,36.0,14.222222222222221,2.0,0.0,3.875,1.5,1.2,0.0,0.0,0.0,0.0,0.0,0.0,"Copa Libertadores, Group A",D,Brazil,46.666666666666664,7.5,654.0,65.55555555555556,1.25,1.8,1.8333333333333333,3.0,0.0,2.0,1.7142857142857142,1.4,1.0,-0.5296577249433342
Marcelo Suárez,Club Always Ready,62.01168610385689,"R$ 5.112.000,00",0.0,0.0,1.5,1.0,0.0,0.0,1.0,33.666666666666664,7.016666666666667,0.0,1.3333333333333333,3.6,1.5,1.0,3.8333333333333335,1.0,178.0,22.0,11.5,1.0,0.0,2.2,1.0,1.5,0.0,0.0,0.0,0.0,0.0,0.0,"Copa Sudamericana, Group A",D,Bolivia,42.666666666666664,9.166666666666666,540.0,56.0,1.3333333333333333,3.5,1.75,2.5,1.0,2.0,2.0,1.0,1.0,0.15727539742738086
Marco Di Cesare,Racing Club,82.26371203833783,"R$ 38.340.000,00",1.0,0.0,1.0,1.0,0.0,0.0,1.0,28.444444444444443,7.011111111111111,0.0,1.3333333333333333,4.875,2.375,0.0,3.111111111111111,2.0,186.0,22.0,10.444444444444445,0.0,0.0,3.2222222222222223,1.8333333333333333,1.5,0.0,0.0,0.0,0.0,0.0,1.0,"Copa Sudamericana, Group H",D,Argentina,37.888888888888886,8.222222222222221,731.0,49.666666666666664,1.625,4.25,1.6666666666666667,0.0,1.0,2.25,1.5,1.0,2.2,0.4780819935954991
Marcos Rocha,Palmeiras,42.2538760072709,"R$ 3.195.000,00",0.0,0.0083,1.0,1.0,0.0767447,0.16666666666666666,1.75,44.5,7.216666666666666,0.0,1.0,4.833333333333333,2.0,1.3333333333333333,5.0,0.0,176.0,35.0,15.333333333333334,1.0,0.0,2.8,1.6666666666666667,1.3333333333333333,0.0,0.0,0.0,0.0,0.0,0.0,"Copa Libertadores, Group F",D,Brazil,54.666666666666664,10.166666666666666,511.0,78.66666666666667,1.0,2.6,2.6666666666666665,1.3333333333333333,1.0,1.0,1.0,0.0,1.2,-0.15570246588999062
Marllon,Cuiabá,43.09069715733572,"R$ 3.195.000,00",0.0,0.0,2.0,0.0,0.0,0.0,0.0,38.0,7.033333333333334,0.0,0.0,3.3333333333333335,2.6666666666666665,0.0,3.5,0.0,184.0,32.0,4.5,0.0,0.0,2.4,1.0,0.0,0.0,0.0,0.0,0.0,0.0,0.0,"Copa Sudamericana, Group G",D,Brazil,42.333333333333336,5.166666666666667,461.0,48.333333333333336,2.5,2.5,1.3333333333333333,1.0,1.3333333333333333,0.0,0.0,1.0,1.25,-0.14244661950591544
Marlon,Cruzeiro,86.65583929750375,"R$ 31.950.000,00",0.0,0.0,0.0,1.0,0.0,0.25,1.2,33.25,7.2375,0.0,2.0,5.857142857142857,1.8,1.0,4.5,1.0,178.0,27.0,10.625,1.0,1.0,2.142857142857143,1.3333333333333333,1.0,2.0,0.0,0.0,0.0,0.0,0.0,"Copa Sudamericana, Group B",D,Brazil,40.125,6.714285714285714,629.0,59.625,1.5,4.333333333333333,2.5714285714285716,2.142857142857143,1.0,1.8,1.6,1.0,2.6666666666666665,0.5476564352098185
Mateo Carabajal,Independiente Del Valle,72.99764729964242,"R$ 8.946.000,00",0.0,0.04766666666666667,0.0,0.0,0.005570406666666666,0.0,1.0,61.714285714285715,6.985714285714286,0.0,2.0,5.857142857142857,1.8571428571428572,0.0,2.7142857142857144,1.0,180.0,27.0,6.142857142857143,2.0,1.0,3.0,1.0,2.0,0.0,0.0,0.0,0.0,0.0,0.0,"Copa Libertadores, Group F",D,Argentina,66.28571428571429,5.0,630.0,78.28571428571429,1.8333333333333333,4.25,2.5,0.0,1.0,1.0,1.0,1.0,1.75,0.3313008913832436
Matías Catalán,Talleres,66.94522330485836,"R$ 11.502.000,00",1.0,0.0811,1.0,0.0,0.028297468000000003,0.3333333333333333,1.3333333333333333,30.5,6.983333333333333,0.0,1.0,4.333333333333333,2.6,1.0,5.5,2.0,182.0,32.0,11.0,1.0,1.0,3.0,1.6,1.5,1.0,0.0,0.0,0.0,0.0,0.0,"Copa Libertadores, Group B",D,Chile,40.333333333333336,11.5,540.0,52.0,1.3333333333333333,4.0,2.5,1.0,1.3333333333333333,1.0,1.0,1.3333333333333333,1.5,0.2354261603012993
Matías Espinoza,Libertad,41.46970484634807,"R$ 12.780.000,00",1.0,0.45916666666666667,1.5,1.0,0.022174633333333332,0.0,1.0,24.0,7.014285714285714,0.0,1.8,6.714285714285714,2.857142857142857,1.0,1.4,1.0,173.0,27.0,12.285714285714286,1.0,1.0,4.666666666666667,2.6666666666666665,1.3333333333333333,1.0,0.0,0.0,0.0,0.0,0.0,"Copa Libertadores, Group H",D,Paraguay,28.142857142857142,3.6,481.0,47.714285714285715,2.0,1.6,2.6,2.6,0.0,1.2,1.25,2.5,1.8,-0.16812429873588566
Matías Fracchia,Danubio,86.09677826760988,"R$ 2.556.000,00",0.0,0.0,1.6666666666666667,1.0,0.0,0.0,2.0,29.0,7.4,0.0,1.0,4.6,2.5,1.0,6.6,1.0,188.0,29.0,15.6,0.0,0.0,3.4,2.0,2.0,0.0,0.0,0.0,0.0,0.0,0.0,"Copa Sudamericana, Group E",D,Chile,43.4,16.6,450.0,62.2,2.0,7.6,1.5,1.0,1.0,2.5,2.5,1.0,1.3333333333333333,0.5388005080729124
Maximiliano Caire,The Strongest,71.66979301960237,"R$ 639.000,00",0.0,0.0336,0.0,1.0,0.12286901428571428,0.0,1.3333333333333333,24.75,7.1125,0.0,1.75,6.125,2.2,1.0,1.375,0.0,177.0,36.0,14.5,1.0,0.0,3.375,1.0,2.25,0.0,0.0,0.0,0.0,0.0,0.0,"Copa Libertadores, Group C",D,Argentina,33.5,4.75,690.0,61.125,1.4,5.857142857142857,4.0,2.8,2.0,1.4,1.3333333333333333,1.5,2.4,0.31026672852146076
Maximiliano Falcón,Colo Colo,74.07346131795492,"R$ 4.792.500,00",1.0,0.26420000000000005,1.0,0.0,0.06111353333333333,0.0,2.0,38.111111111111114,7.077777777777778,0.0,1.6666666666666667,5.888888888888889,3.25,0.0,2.4,0.0,177.0,27.0,8.0,1.0,0.0,1.8888888888888888,1.3333333333333333,1.0,0.0,0.0,0.0,0.0,0.0,0.0,"Copa Libertadores, Group A",D,Uruguay,44.888888888888886,4.5,775.0,56.44444444444444,1.2,2.888888888888889,2.0,0.0,1.6666666666666667,2.0,2.0,1.0,1.8333333333333333,0.3483425559772618
Maximiliano Olivera,Peñarol,21.401207409344238,"R$ 3.834.000,00",1.0,0.09244999999999999,1.0,1.0,0.051941537999999995,0.2,1.25,12.625,6.925,0.0,1.6666666666666667,3.625,1.8333333333333333,1.0,2.2,0.0,182.0,32.0,13.25,1.0,0.0,3.25,1.2857142857142858,2.0,0.0,0.0,0.0,0.0,0.0,0.0,"Copa Libertadores, Group G",D,Uruguay,21.625,4.875,681.0,42.625,2.0,3.25,1.625,2.2,1.0,1.6666666666666667,0.0,1.0,1.3333333333333333,-0.48602367205301833
Maximiliano Ortíz,Nacional Potosí,34.13592266657304,"R$ 958.500,00",0.0,0.0,1.0,1.0,0.0,0.0,1.0,41.0,6.683333333333334,0.0,1.75,3.5,1.0,0.0,7.333333333333333,0.0,179.0,35.0,10.333333333333334,1.0,0.0,2.3333333333333335,1.0,1.6666666666666667,0.0,0.0,0.0,0.0,0.0,0.0,"Copa Sudamericana, Group D",D,Bolivia,50.166666666666664,12.666666666666666,512.0,59.666666666666664,1.5,2.6,1.3333333333333333,1.0,2.0,1.25,1.0,1.0,1.3333333333333333,-0.28429666123154596
Miguel Navarro,Talleres,18.929391904781777,"R$ 12.780.000,00",0.0,0.0071,0.0,0.0,0.048795105,0.0,2.5,21.0,6.8,0.0,2.0,3.6,2.0,1.0,1.3333333333333333,0.0,175.0,25.0,8.2,1.5,0.0,3.6,2.0,1.0,0.0,0.0,0.0,0.0,0.0,0.0,"Copa Libertadores, Group B",D,Venezuela,24.6,2.4,450.0,46.2,1.5,2.4,1.5,1.6666666666666667,0.0,0.0,0.0,1.0,1.3333333333333333,-0.5251790000651235
Murilo,Palmeiras,96.2620991745368,"R$ 57.510.000,00",0.0,0.1318,1.3333333333333333,0.0,0.015445320000000002,0.0,1.3333333333333333,40.0,7.42,0.0,1.0,7.2,4.4,0.0,3.6,1.0,188.0,27.0,10.8,0.0,0.0,2.0,2.0,1.0,0.0,0.0,0.0,0.0,0.0,0.0,"Copa Libertadores, Group F",D,Brazil,49.8,6.8,450.0,61.8,1.0,2.6,2.2,0.0,1.5,1.0,1.0,3.0,2.0,0.6998264720756303
Nathan Mendes,Red Bull Bragantino,49.05654437631564,"R$ 6.390.000,00",0.0,0.0,1.0,1.0,0.0,0.16666666666666666,1.3333333333333333,21.88888888888889,6.688888888888889,0.0,1.5714285714285714,4.0,2.5,1.1666666666666667,2.0,0.0,182.0,22.0,13.11111111111111,1.0,1.0,3.5,1.4,1.0,1.0,0.0,0.0,0.0,0.0,0.0,"Copa Sudamericana, Group H",D,Brazil,28.77777777777778,3.4444444444444446,590.0,48.22222222222222,1.5,1.8333333333333333,4.333333333333333,2.142857142857143,0.0,1.5,1.0,1.0,1.6,-0.04794332656269325
Nery Domínguez,Lanús,47.486753224435,"R$ 2.556.000,00",0.0,0.0,0.0,1.0,0.0,0.25,1.0,41.0,7.1571428571428575,0.0,2.0,4.142857142857143,2.0,0.0,4.333333333333333,0.0,184.0,34.0,10.142857142857142,1.0,0.0,1.8571428571428572,1.0,1.0,0.0,0.0,0.0,0.0,0.0,0.0,"Copa Sudamericana, Group G",D,Argentina,48.857142857142854,8.142857142857142,566.0,59.42857142857143,1.75,1.3333333333333333,2.6,2.0,1.0,1.0,0.0,1.0,2.0,-0.07280994275995156
Nicolás Goitea,Delfín,49.483289063748636,"R$ 2.875.500,00",0.0,0.0,0.0,0.0,0.0,0.0,1.0,20.666666666666668,6.733333333333333,0.0,1.3333333333333333,4.666666666666667,1.6666666666666667,0.0,2.6,1.0,185.0,27.0,10.5,1.5,0.0,1.6666666666666667,1.0,1.0,0.0,0.0,0.0,0.0,0.0,1.0,"Copa Sudamericana, Group C",D,Argentina,29.666666666666668,7.166666666666667,540.0,41.166666666666664,1.0,3.8333333333333335,1.5,1.0,2.0,1.25,1.25,1.0,1.0,-0.04118338506098322
Nicolás Morgantini,Lanús,10.420787019329088,"R$ 3.834.000,00",0.0,0.0,1.0,0.0,0.0,0.0,1.5,20.4,6.68,0.0,1.0,2.8,1.0,1.0,3.0,1.0,175.0,30.0,10.4,1.6666666666666667,0.0,5.8,2.3333333333333335,1.75,0.0,0.0,0.0,0.0,0.0,0.0,"Copa Sudamericana, Group G",D,Argentina,23.8,3.6,450.0,47.0,1.5,2.0,2.0,1.8,1.0,1.8,1.0,0.0,1.3333333333333333,-0.6599613956769165
Nicolás Ramírez,Barcelona SC,36.911992264579816,"R$ 6.390.000,00",0.0,0.0,0.0,0.0,0.0,0.0,0.0,41.857142857142854,6.742857142857143,0.0,1.0,2.5714285714285716,1.4,0.0,3.3333333333333335,0.0,183.0,27.0,5.0,1.0,0.0,3.6666666666666665,1.0,1.5,0.0,0.0,0.0,0.0,0.0,0.0,"Copa Libertadores, Group B",D,Chile,46.0,5.857142857142857,630.0,55.714285714285715,2.4,3.0,1.8,0.0,1.2,1.0,1.0,1.0,1.25,-0.24032173045950625
Nicolás Tripichio,Defensa y Justicia,76.55520274021399,"R$ 9.585.000,00",0.0,0.0,1.0,1.0,0.0,0.3333333333333333,2.0,29.333333333333332,7.216666666666666,0.0,1.6666666666666667,6.833333333333333,1.75,0.0,2.75,1.0,175.0,28.0,14.166666666666666,1.0,0.0,3.8333333333333335,1.5,2.3333333333333335,1.0,0.0,0.0,0.0,0.0,0.0,"Copa Sudamericana, Group A",D,Argentina,37.166666666666664,4.5,539.0,61.333333333333336,1.5,2.3333333333333335,3.8333333333333335,2.6666666666666665,2.0,2.0,1.5,2.0,2.5,0.3876551176350471
Néstor Giménez,Libertad,45.17070085251145,"R$ 10.863.000,00",0.0,0.019,0.0,1.0,0.16379475,0.25,2.2,39.142857142857146,6.985714285714286,0.0,1.0,4.571428571428571,2.0,1.5,2.3333333333333335,1.0,174.0,27.0,15.0,1.0,0.0,4.571428571428571,2.0,1.3333333333333333,0.0,0.0,0.0,0.0,0.0,0.0,"Copa Libertadores, Group H",D,Paraguay,50.285714285714285,5.142857142857143,630.0,70.85714285714286,2.25,3.0,2.6,3.0,1.5,2.0,1.5,1.0,1.0,-0.1094978711868482
Oscar Baldomar,Nacional Potosí,31.76851725274614,"R$ 2.875.500,00",0.0,0.0,0.0,0.0,0.0,0.0,1.0,34.5,6.516666666666667,0.0,1.0,3.0,1.0,2.0,2.0,0.0,180.0,28.0,11.5,1.5,0.0,3.6666666666666665,1.6666666666666667,2.3333333333333335,0.0,0.0,0.0,0.0,0.0,0.0,"Copa Sudamericana, Group D",D,Bolivia,40.833333333333336,3.8,540.0,60.666666666666664,1.25,3.5,1.75,3.8,1.0,2.5,1.75,0.0,2.3333333333333335,-0.32179805862343347
Pablo Vaca,Club Always Ready,46.82379717039086,"R$ 4.792.500,00",0.0,0.0,0.0,0.0,0.0,0.5,2.0,29.833333333333332,6.833333333333333,0.0,1.0,4.6,1.0,1.0,2.0,0.0,181.0,22.0,6.166666666666667,1.3333333333333333,0.0,3.3333333333333335,2.3333333333333335,1.0,0.0,0.0,0.0,0.0,0.0,0.0,"Copa Sudamericana, Group A",D,Bolivia,34.166666666666664,3.1666666666666665,427.0,44.5,1.0,2.3333333333333335,2.4,1.0,1.0,2.0,1.6666666666666667,0.0,1.0,-0.08331164149345152
Paulo Díaz,River Plate,92.83929220020717,"R$ 35.145.000,00",1.0,0.07202,2.0,0.0,0.03209532714285714,0.0,1.3333333333333333,51.44444444444444,7.322222222222223,0.0,1.0,5.444444444444445,3.888888888888889,0.0,4.333333333333333,2.0,180.0,30.0,8.777777777777779,1.0,1.0,2.6666666666666665,1.0,1.0,0.0,0.0,0.0,0.0,0.0,0.0,"Copa Libertadores, Group H",D,Chile,59.55555555555556,7.444444444444445,810.0,72.11111111111111,2.2857142857142856,5.222222222222222,1.4285714285714286,1.0,1.0,0.0,0.0,1.3333333333333333,2.5714285714285716,0.6456067580417059
Pedro Milans,Peñarol,35.60644212404807,"R$ 7.668.000,00",0.0,0.03245,0.0,1.0,0.031848098000000005,0.2,1.0,14.625,6.95,0.0,1.6666666666666667,3.75,1.0,1.0,1.5,0.0,171.0,22.0,8.625,1.2,0.0,5.142857142857143,1.5,1.4,1.0,0.0,0.0,0.0,0.0,0.0,"Copa Libertadores, Group G",D,Uruguay,18.0,2.142857142857143,622.0,40.875,1.3333333333333333,1.8333333333333333,2.2857142857142856,1.8333333333333333,1.5,1.1666666666666667,1.0,1.0,1.875,-0.26100257977629987
Reinaldo,Grêmio,60.44674633527353,"R$ 3.195.000,00",2.0,0.247075,1.5,2.0,0.14558474,0.0,1.6,22.6,7.5200000000000005,0.0,2.0,5.2,1.6666666666666667,1.4,1.6,1.0,178.0,35.0,13.6,1.0,0.0,4.0,1.3333333333333333,1.0,0.0,0.0,0.0,0.0,0.0,0.0,"Copa Libertadores, Group C",D,Brazil,29.4,4.8,450.0,57.4,1.0,3.0,3.5,3.6,2.0,1.8,1.0,1.0,1.0,0.1324856306163193
Renzo Garces,Alianza Lima,59.531504445987096,"R$ 5.112.000,00",0.0,0.0991,1.0,1.0,0.13827213333333335,0.0,1.3333333333333333,23.0,7.066666666666666,0.0,2.0,5.333333333333333,2.25,1.0,1.8,0.0,185.0,28.0,5.5,1.0,0.0,3.8333333333333335,2.6,2.5,0.0,0.0,0.0,0.0,0.0,0.0,"Copa Libertadores, Group A",D,Peru,27.5,4.5,535.0,43.333333333333336,1.5,4.0,1.6,1.0,2.0,1.0,1.0,1.0,2.3333333333333335,0.11798754355469104
Renzo Malanca,Huachipato,78.1127954095285,"R$ 3.195.000,00",0.0,0.0289,1.0,1.0,0.02675775,0.0,1.0,22.0,6.871428571428572,0.0,0.0,3.75,2.75,0.0,3.8,1.0,188.0,21.0,8.5,0.0,0.0,2.5,1.25,1.0,0.0,0.0,0.0,0.0,0.0,0.0,"Copa Libertadores, Group C",D,Argentina,30.0,7.333333333333333,464.0,34.857142857142854,1.6,4.857142857142857,2.0,0.0,1.75,0.0,0.0,1.0,1.5,0.4123285011313841
Renzo Orihuela,Bolívar,71.90177359933827,"R$ 4.792.500,00",0.0,0.016366666666666665,1.0,0.0,0.015610245,0.0,2.0,39.5,6.8875,0.0,2.2857142857142856,6.875,2.875,0.0,5.333333333333333,0.0,183.0,23.0,9.375,1.0,0.0,4.125,1.5,1.6,0.0,0.0,0.0,0.0,0.0,0.0,"Copa Libertadores, Group E",D,Uruguay,47.625,7.375,720.0,61.5,1.7142857142857142,3.375,1.8333333333333333,0.0,1.75,1.4,1.25,1.0,1.3333333333333333,0.3139414670588766
Renzo Saravia,Atlético Mineiro,51.46548706382962,"R$ 15.975.000,00",0.0,0.0112,0.0,0.0,0.01798335,0.0,0.0,63.166666666666664,6.857142857142857,0.0,1.0,4.857142857142857,1.0,1.0,2.0,1.0,178.0,31.0,10.0,1.0,0.0,3.857142857142857,1.5,1.75,1.0,0.0,0.0,0.0,0.0,0.0,"Copa Libertadores, Group G",D,Argentina,60.57142857142857,5.166666666666667,529.0,77.57142857142857,2.3333333333333335,2.75,3.8333333333333335,1.25,1.0,1.3333333333333333,1.0,1.0,1.6666666666666667,-0.009783949004832773
Renê,Internacional,48.339863464085724,"R$ 5.751.000,00",0.0,0.0,0.0,1.0,0.0,0.16666666666666666,2.5,54.857142857142854,7.314285714285714,0.0,1.0,4.285714285714286,2.6666666666666665,1.6666666666666667,4.714285714285714,0.0,174.0,32.0,18.0,1.75,0.0,2.7142857142857144,1.0,1.0,0.0,0.0,0.0,0.0,0.0,0.0,"Copa Sudamericana, Group C",D,Brazil,65.71428571428571,8.571428571428571,585.0,89.28571428571429,1.0,2.4,2.75,3.2857142857142856,1.0,1.0,0.0,1.0,1.5,-0.05929606552989393
Ricardo Adé,LDU,55.06803224370185,"R$ 3.195.000,00",0.0,0.0,0.0,0.0,0.019468505,0.0,1.0,38.714285714285715,6.871428571428572,0.0,2.0,3.4285714285714284,2.0,1.0,4.142857142857143,0.0,190.0,34.0,6.714285714285714,1.0,0.0,1.6,1.0,1.0,0.0,0.0,0.0,0.0,0.0,0.0,"Copa Libertadores, Group D",D,Haiti,45.0,8.142857142857142,630.0,54.42857142857143,1.0,3.5714285714285716,1.3333333333333333,1.5,1.3333333333333333,2.0,2.0,0.0,1.6,0.047282946941066176
Richard Schunke,Independiente Del Valle,87.19768975192673,"R$ 6.390.000,00",0.0,0.08080000000000001,0.0,0.0,0.009870002,0.25,1.0,63.0,7.042857142857143,0.0,1.6666666666666667,5.428571428571429,2.6666666666666665,0.0,8.571428571428571,1.5,185.0,32.0,15.0,1.0,0.0,3.0,1.5,1.25,0.0,0.0,0.0,0.0,0.0,0.0,"Copa Libertadores, Group F",D,Argentina,76.42857142857143,15.714285714285714,630.0,89.85714285714286,1.5,3.7142857142857144,2.5,0.0,1.0,1.25,1.0,2.0,2.4,0.5562397345043169
Robert Arboleda,São Paulo,73.01237605751112,"R$ 7.668.000,00",0.0,0.22075,0.0,0.0,0.0971024075,0.0,1.0,54.9,7.2299999999999995,0.0,1.6,5.2,3.888888888888889,0.0,3.0,0.0,187.0,32.0,6.4,1.0,1.0,3.6,1.2,1.5,1.0,0.0,0.0,0.0,0.0,0.0,"Copa Libertadores, Group B",D,Ecuador,60.8,5.6,900.0,73.0,2.6,5.1,1.8,1.0,1.8333333333333333,1.0,1.0,1.5,1.8333333333333333,0.33153420545724926
Rodrigo Ely,Grêmio,88.38001548869023,"R$ 19.170.000,00",0.0,0.02835,0.0,0.0,0.013797369999999998,0.0,1.0,28.333333333333332,7.216666666666666,0.0,0.0,8.2,6.2,0.0,3.0,1.0,188.0,30.0,6.666666666666667,0.0,0.0,4.75,1.5,1.0,0.0,0.0,0.0,0.0,0.0,0.0,"Copa Libertadores, Group C",D,Brazil,34.833333333333336,6.0,499.0,45.833333333333336,2.5,4.666666666666667,1.8,0.0,1.25,1.0,1.0,1.0,1.75,0.5749686210068405
Samuel Xavier,Fluminense,0.5856820701519461,"R$ 2.556.000,00",0.0,0.028,0.0,1.0,0.043870951428571434,0.0,1.0,40.142857142857146,6.8,0.0,2.0,2.5714285714285716,1.0,1.5,1.3333333333333333,0.0,166.0,34.0,7.714285714285714,1.75,0.0,3.857142857142857,2.0,1.25,0.0,0.0,0.0,0.0,0.0,0.0,"Copa Libertadores, Group A",D,Brazil,43.57142857142857,2.5,614.0,60.714285714285715,1.3333333333333333,1.6666666666666667,1.5,2.6,1.0,1.3333333333333333,1.0,1.0,1.0,-0.8157565023941054
Santiago Arzamendia,Cerro Porteño,23.234518140838503,"R$ 7.668.000,00",0.0,0.07485,1.0,0.0,0.027643185714285718,0.0,2.0,19.857142857142858,6.642857142857143,0.0,1.0,3.857142857142857,1.0,1.3333333333333333,2.2857142857142856,1.6666666666666667,172.0,26.0,15.714285714285714,1.0,0.0,5.0,1.7142857142857142,2.142857142857143,0.0,0.0,0.0,0.0,0.0,0.0,"Copa Libertadores, Group A",D,Paraguay,29.285714285714285,7.714285714285714,630.0,53.0,1.0,2.0,2.4285714285714284,3.25,0.0,2.0,1.25,1.25,1.4,-0.45698271697070236
Santiago Sosa,Racing Club,91.30506311375377,"R$ 38.340.000,00",0.0,0.0,1.0,0.0,0.0,0.0,1.5,42.2,7.26,0.0,1.1428571428571428,7.0,4.666666666666667,0.0,5.8,1.0,179.0,25.0,12.9,1.0,0.0,3.3,1.4,1.5,0.0,0.0,0.0,0.0,0.0,0.0,"Copa Sudamericana, Group H",D,Argentina,53.8,9.3,861.0,67.3,2.125,4.555555555555555,2.111111111111111,1.0,1.5,1.5,1.0,0.0,1.8888888888888888,0.6213034704318849
Segundo Portocarrero,Universitario,22.60951935899946,"R$ 3.195.000,00",0.0,0.06505,0.0,0.0,0.02414393,0.0,1.0,10.666666666666666,6.7,0.0,2.6,6.2,1.25,1.0,1.3333333333333333,1.0,182.0,27.0,12.0,1.25,0.0,4.666666666666667,3.0,1.0,0.0,0.0,0.0,0.0,0.0,0.0,"Copa Libertadores, Group D",D,Ecuador,15.0,2.0,513.0,37.166666666666664,2.5,1.75,2.0,3.6666666666666665,1.0,1.5,1.25,2.0,1.0,-0.4668831453258542
Thiago Heleno,Athletico,93.2301377726886,"R$ 2.556.000,00",0.0,0.0,0.0,1.0,0.0,0.25,1.5,50.8,7.340000000000001,0.0,2.0,6.6,5.0,0.0,6.4,3.0,185.0,36.0,11.0,0.0,0.0,1.5,1.0,0.0,0.0,0.0,0.0,0.0,0.0,0.0,"Copa Sudamericana, Group E",D,Brazil,61.0,10.8,450.0,70.6,2.0,2.8,1.25,0.0,1.6666666666666667,1.0,1.0,2.0,1.0,0.6517980318501035
Thomas Gutiérrez,Sportivo Ameliano,80.69520075659105,"R$ 2.556.000,00",0.0,0.0,0.0,0.0,0.0,0.0,0.0,39.6,6.9799999999999995,0.0,1.0,4.75,3.5,0.0,3.0,0.0,185.0,24.0,8.4,1.0,0.0,2.0,1.5,1.0,0.0,0.0,0.0,0.0,0.0,0.0,"Copa Sudamericana, Group E",D,Colombia,47.8,7.0,450.0,56.2,1.0,4.4,1.5,0.0,1.0,1.0,1.0,0.0,3.0,0.45323565145785916
Welington,São Paulo,56.94621273700525,"R$ 22.365.000,00",0.0,0.092,0.0,1.5,0.0788850875,0.0,1.6666666666666667,31.875,7.125,0.0,2.125,5.625,1.4,2.0,1.5,0.0,170.0,23.0,11.0,1.5,0.0,4.375,1.8571428571428572,1.4,0.0,0.0,0.0,0.0,0.0,0.0,"Copa Libertadores, Group B",D,Brazil,38.0,3.375,705.0,59.875,1.75,2.3333333333333335,2.0,4.166666666666667,1.5,2.2,2.0,1.0,2.5,0.07703467118807857
Wildo Alonso,Sportivo Trinidense,0.0,"R$ 479.250,00",0.0,0.0,0.0,1.0,0.0,0.0,1.0,9.6,6.62,0.0,1.0,2.75,1.3333333333333333,2.2,1.8,0.0,178.0,34.0,14.8,2.0,0.0,5.666666666666667,1.6666666666666667,2.0,0.0,0.0,0.0,0.0,0.0,0.0,"Copa Sudamericana, Group D",D,Paraguay,18.0,6.4,432.0,38.4,1.0,2.8,1.3333333333333333,4.2,2.0,1.5,1.0,0.0,1.5,-0.8250341258758254
William,Cruzeiro,34.59623174247472,"R$ 25.560.000,00",0.0,0.0,1.0,1.0,0.0,0.5,1.8,31.375,7.225,0.0,1.25,4.375,1.25,1.4,2.1666666666666665,0.0,176.0,29.0,13.25,2.0,0.0,5.0,1.6666666666666667,1.6,0.0,0.0,0.0,0.0,0.0,0.0,"Copa Sudamericana, Group B",D,Brazil,37.5,3.375,625.0,63.5,2.6,2.0,2.2857142857142856,4.25,1.0,1.75,1.8,1.0,1.8333333333333333,-0.27700503577624325
Williams Riveros,Universitario,51.5168278473555,"R$ 3.195.000,00",0.0,0.048375,0.0,0.0,0.0449021,0.0,1.0,24.0,6.8,0.0,1.25,4.833333333333333,2.4,0.0,1.8,1.0,186.0,31.0,7.333333333333333,1.0,0.0,3.2,1.0,1.0,0.0,0.0,0.0,0.0,0.0,0.0,"Copa Libertadores, Group D",D,Paraguay,29.833333333333332,4.5,540.0,41.666666666666664,1.6,2.6666666666666665,2.6,0.0,1.3333333333333333,1.0,0.0,1.0,1.8,-0.008970674221320994
Zé Ivaldo,Cruzeiro,89.65111095398764,"R$ 22.365.000,00",1.0,0.0,1.0,0.0,0.0,0.0,2.0,47.25,7.325,0.0,1.1666666666666667,6.5,3.857142857142857,1.0,7.375,1.0,185.0,27.0,14.75,0.0,1.0,3.2857142857142856,1.0,1.5,0.0,0.0,0.0,0.0,0.0,0.0,"Copa Sudamericana, Group B",D,Brazil,60.0,14.375,708.0,73.375,2.0,3.875,2.142857142857143,2.0,1.0,1.1666666666666667,1.0,1.0,1.5,0.5951036835900121
Leonardo Fernández,Peñarol,100.0,"R$ 47.925.000,00",1.5,0.3124,2.0,2.5,0.2359974,0.625,3.4285714285714284,29.77777777777778,7.677777777777777,0.0,3.0,5.444444444444445,0.0,2.25,4.333333333333333,1.2,166.0,25.0,22.444444444444443,2.125,1.0,6.333333333333333,1.4285714285714286,1.2,2.0,,,,,0.0,,,,,,,,1.0,,1.6,,1.0,,2.3333333333333335,,1.3333333333333333,
Kendry Páez,Independiente Del Valle,90.80726539515419,"R$ 76.680.000,00",1.0,0.16119999999999998,1.25,1.0,0.16678001666666664,0.5,2.75,40.285714285714285,7.328571428571429,1.0,1.25,3.857142857142857,1.0,1.5,3.857142857142857,1.0,177.0,17.0,14.571428571428571,1.0,0.0,5.285714285714286,1.75,1.8,1.0,,,,,0.0,,,,,,,,1.25,,1.6666666666666667,,1.0,,1.6666666666666667,,1.0,
Ramiro Vaca,Bolívar,84.14959879872241,"R$ 5.112.000,00",1.0,0.2632428571428571,2.0,1.0,0.19314081249999998,0.3333333333333333,3.857142857142857,36.875,7.4750000000000005,1.0,1.4,3.5,1.0,2.3333333333333335,2.5,1.25,177.0,25.0,14.75,1.5,1.0,5.125,1.4,2.3333333333333335,0.0,,,,,0.0,,,,,,,,1.6,,2.0,,1.0,,1.5,,1.0,
Lucas Sanabria,Libertad,78.06547453501743,"R$ 15.975.000,00",1.0,0.03203333333333333,2.0,1.5,0.20346260000000002,0.3333333333333333,2.3333333333333335,37.0,7.3428571428571425,0.0,1.0,2.0,0.0,2.3333333333333335,3.8,1.0,175.0,25.0,11.571428571428571,1.0,0.0,1.8333333333333333,1.0,1.0,0.0,,,,,0.0,,,,,,,,1.0,,1.3333333333333333,,1.0,,1.0,,1.0,
Vicente Pizarro,Colo Colo,77.41698439404695,"R$ 19.170.000,00",1.0,0.09826,1.0,1.0,0.196516725,0.0,3.0,35.0,7.266666666666667,0.0,1.2,4.166666666666667,2.0,1.0,1.8,2.5,172.0,21.0,10.0,1.6,0.0,4.0,1.5,1.5,0.0,,,,,0.0,,,,,,,,1.5,,3.0,,1.0,,1.3333333333333333,,1.5,
Gustavo Scarpa,Atlético Mineiro,77.11794425230669,"R$ 51.120.000,00",1.5,0.14096666666666666,1.3333333333333333,1.0,0.22513922222222224,0.6666666666666666,2.0,31.11111111111111,7.577777777777778,0.0,1.3333333333333333,3.5555555555555554,1.6666666666666667,2.6666666666666665,4.125,1.0,177.0,30.0,17.11111111111111,1.0,0.0,4.857142857142857,1.0,1.5,1.0,,,,,0.0,,,,,,,,1.75,,1.4,,1.0,,1.6,,1.3333333333333333,
Raphael Veiga,Palmeiras,75.83212767588516,"R$ 95.850.000,00",2.0,0.0952,2.0,1.3333333333333333,0.25353828714285714,0.42857142857142855,2.857142857142857,19.571428571428573,7.557142857142857,0.0,1.4,2.6666666666666665,1.0,3.0,1.5,1.0,176.0,29.0,10.142857142857142,1.0,0.0,3.1666666666666665,1.25,1.25,1.0,,,,,0.0,,,,,,,,1.3333333333333333,,1.3333333333333333,,0.0,,1.3333333333333333,,1.0,
Héctor Cuellar,Club Always Ready,74.0033800491118,"R$ 5.112.000,00",1.0,0.0,1.0,1.0,0.0,0.0,2.0,41.0,7.6000000000000005,0.0,1.0,7.166666666666667,1.3333333333333333,0.0,3.0,0.0,180.0,24.0,10.833333333333334,1.25,0.0,4.833333333333333,1.25,1.75,0.0,,,,,0.0,,,,,,,,1.5,,4.0,,2.0,,2.0,,3.0,
Gonzalo Montes,Huachipato,73.01798060625687,"R$ 6.390.000,00",1.0,0.06442,1.2,3.0,0.16829376000000001,0.0,2.25,47.111111111111114,7.222222222222222,0.0,1.8,5.5,3.0,1.7142857142857142,5.625,1.5,179.0,29.0,23.333333333333332,1.75,0.0,4.0,1.5,2.2,0.0,,,,,1.0,,,,,,,,1.0,,2.5714285714285716,,1.3333333333333333,,2.0,,1.4,
Gerson,Flamengo,67.05014120214486,"R$ 89.460.000,00",1.0,0.1424375,1.0,1.0,0.1753696125,0.14285714285714285,1.8333333333333333,38.0,7.5875,0.0,2.0,5.75,1.1666666666666667,1.0,2.0,1.25,185.0,27.0,12.125,2.0,0.0,4.25,1.6666666666666667,1.25,1.0,,,,,0.0,,,,,,,,2.0,,2.0,,1.0,,1.8571428571428572,,1.0,
Santiago Ascacíbar,Estudiantes de La Plata,66.00424158309326,"R$ 38.340.000,00",1.0,0.128,1.5,1.0,0.05890508,0.0,2.0,58.2,7.3,0.0,1.6666666666666667,5.2,1.0,0.0,2.2,1.0,168.0,27.0,9.0,1.0,0.0,4.2,1.3333333333333333,1.75,0.0,,,,,0.0,,,,,,,,1.5,,3.4,,0.0,,1.0,,1.0,
Ezequiel Piovi,LDU,63.59239242947992,"R$ 7.668.000,00",0.0,0.07133333333333333,1.0,0.0,0.19696328333333335,0.0,1.875,48.875,7.3375,0.0,1.3333333333333333,5.0,2.5,2.25,5.0,1.3333333333333333,170.0,32.0,16.25,1.25,0.0,3.375,1.0,1.4,0.0,,,,,0.0,,,,,,,,1.75,,2.857142857142857,,1.0,,1.75,,1.8,
Sebastián Rodríguez,Alianza Lima,62.2804879009506,"R$ 7.668.000,00",0.0,0.064275,1.0,0.0,0.12680600000000003,1.0,2.25,30.6,7.26,0.0,2.3333333333333335,5.6,2.0,3.0,2.75,1.0,181.0,32.0,16.0,1.6666666666666667,0.0,4.4,1.6666666666666667,1.5,0.0,,,,,0.0,,,,,,,,1.0,,3.6,,1.0,,1.0,,1.3333333333333333,
Didier Moreno,Junior Barranquilla,61.81846078013478,"R$ 3.195.000,00",0.0,0.08195,0.0,2.0,0.12336556166666666,0.3333333333333333,2.0,40.75,7.2,0.0,1.6,6.375,2.857142857142857,0.0,3.25,0.0,177.0,33.0,7.875,1.0,0.0,5.125,1.8333333333333333,1.2,0.0,,,,,1.0,,,,,,,,2.5,,2.5,,1.6,,1.0,,2.2,
Franco Cristaldo,Grêmio,61.76993991331178,"R$ 63.900.000,00",1.0,0.22456666666666666,1.25,2.0,0.11998647142857143,0.2,1.6,26.0,7.228571428571429,0.0,2.3333333333333335,5.0,1.0,2.6666666666666665,1.75,1.0,175.0,28.0,12.142857142857142,2.0,1.5,4.428571428571429,1.0,1.0,1.0,,,,,0.0,,,,,,,,1.5,,2.3333333333333335,,1.0,,1.1666666666666667,,2.0,
Alisson,São Paulo,61.044972038391734,"R$ 639.000,00",1.0,0.057133333333333335,1.0,1.0,0.07700093333333334,0.0,1.75,64.33333333333333,7.383333333333333,0.0,1.1666666666666667,4.333333333333333,1.0,1.5,4.333333333333333,1.0,174.0,31.0,8.166666666666666,1.0,0.0,4.833333333333333,2.3333333333333335,2.2,0.0,,,,,0.0,,,,,,,,2.0,,2.4,,1.0,,1.6666666666666667,,1.2,
Rubén Botta,Talleres,60.34840552511682,"R$ 5.112.000,00",1.0,0.11423999999999998,1.5,1.6666666666666667,0.2146289857142857,0.3333333333333333,2.5714285714285716,18.428571428571427,7.314285714285715,0.0,1.5,5.0,1.0,1.3333333333333333,3.0,1.0,173.0,34.0,13.428571428571429,1.2857142857142858,0.0,4.571428571428571,2.0,1.5,1.0,,,,,0.0,,,,,,,,1.0,,2.3333333333333335,,0.0,,2.6,,1.0,
Tomás Cuello,Athletico,60.01811931696923,"R$ 19.170.000,00",0.0,0.0,1.3333333333333333,1.75,0.0,0.25,2.5,22.571428571428573,7.387499999999999,0.0,2.5,5.857142857142857,1.0,2.25,1.5,1.75,176.0,24.0,12.75,1.75,0.0,3.125,1.0,1.0,1.0,,,,,0.0,,,,,,,,1.75,,2.5,,0.0,,2.1666666666666665,,1.25,
Agustín Almendra,Racing Club,59.238582156778016,"R$ 10.863.000,00",1.0,0.0,1.0,1.0,0.0,0.16666666666666666,1.8571428571428572,23.11111111111111,7.25,0.0,1.0,2.75,1.0,1.3333333333333333,4.25,2.0,182.0,24.0,9.875,1.0,0.0,3.375,1.5,2.0,0.0,,,,,0.0,,,,,,,,1.0,,2.2,,1.0,,1.25,,2.3333333333333335,
Edwuin Cetré,Estudiantes de La Plata,59.13541805885555,"R$ 22.365.000,00",1.0,0.09184,1.25,1.0,0.092827202,0.6666666666666666,2.25,21.0,7.340000000000001,0.0,2.0,4.0,1.0,1.75,1.3333333333333333,1.3333333333333333,170.0,26.0,16.4,1.0,0.0,4.6,1.3333333333333333,1.5,0.0,,,,,0.0,,,,,,,,1.75,,1.75,,1.0,,2.0,,1.0,
Jaminton Campaz,Rosario Central,59.11505275467953,"R$ 41.535.000,00",1.0,0.11608,1.75,2.0,0.34114678,0.2,2.5,23.25,7.1375,0.0,2.142857142857143,7.625,3.25,1.2857142857142858,1.1666666666666667,1.0,168.0,24.0,18.25,2.875,0.0,10.0,2.0,2.3333333333333335,1.0,,,,,0.0,,,,,,,,2.0,,1.5,,0.0,,3.0,,1.1666666666666667,
Robson Matheus,Club Always Ready,58.55326093583226,"R$ 3.195.000,00",0.0,0.0,1.0,1.0,0.0,0.0,2.6,36.0,7.283333333333334,0.0,3.0,6.166666666666667,1.3333333333333333,1.25,2.6666666666666665,1.0,174.0,22.0,10.666666666666666,1.6666666666666667,0.0,4.8,1.0,1.2,1.0,,,,,0.0,,,,,,,,2.0,,2.0,,0.0,,2.1666666666666665,,1.0,
Jaime Alvarado,Independiente Medellín,58.33870416972462,"R$ 10.224.000,00",1.0,0.0,1.0,1.0,0.0,0.2857142857142857,1.0,40.6,7.029999999999999,0.0,1.5714285714285714,4.3,1.5,1.0,3.888888888888889,0.0,181.0,25.0,10.3,1.2,0.0,2.5555555555555554,1.3333333333333333,1.375,0.0,,,,,0.0,,,,,,,,1.0,,2.625,,1.6666666666666667,,1.5,,1.5,
Joao Ortíz,Independiente Del Valle,56.2037889344076,"R$ 12.780.000,00",1.0,0.05946,1.0,0.0,0.030733033333333337,0.0,1.6666666666666667,59.142857142857146,7.042857142857143,0.0,1.5,4.5,1.6666666666666667,1.0,4.857142857142857,1.0,177.0,28.0,9.0,1.5,0.0,4.0,2.3333333333333335,1.2,0.0,,,,,0.0,,,,,,,,1.0,,1.75,,0.0,,1.8,,1.5,
Jefferson Savarino,Botafogo,56.186083942722924,"R$ 38.340.000,00",1.0,0.15715714285714286,1.0,1.25,0.1217447,0.5,1.7142857142857142,20.0,7.25,0.0,1.0,1.8333333333333333,1.0,1.0,1.5,1.5,169.0,27.0,9.5,1.6666666666666667,0.0,3.142857142857143,0.0,1.3333333333333333,1.3333333333333333,,,,,0.0,,,,,,,,1.0,,1.25,,1.5,,1.0,,1.0,
Wesley,Corinthians,56.010415222081534,"R$ 38.340.000,00",1.0,0.0,3.0,1.0,0.0,0.0,1.6666666666666667,12.571428571428571,7.228571428571429,0.0,2.6666666666666665,7.833333333333333,1.0,1.3333333333333333,1.6666666666666667,1.0,180.0,19.0,12.0,2.3333333333333335,0.0,4.857142857142857,1.5,1.0,1.0,,,,,0.0,,,,,,,,1.3333333333333333,,2.5,,0.0,,4.0,,1.0,
Jhon Arias,Fluminense,55.93117259205749,"R$ 95.850.000,00",1.0,0.2366875,1.6666666666666667,1.0,0.1671652090909091,0.375,2.2222222222222223,38.54545454545455,7.154545454545455,0.0,1.6666666666666667,5.363636363636363,1.0,2.1666666666666665,1.1666666666666667,1.6666666666666667,170.0,27.0,14.090909090909092,2.3,1.0,5.545454545454546,1.4444444444444444,1.8,1.25,,,,,1.0,,,,,,,,1.6666666666666667,,1.8571428571428572,,1.0,,2.272727272727273,,1.0,
Antonio Galeano,Club Nacional,54.7479144281567,"R$ 9.585.000,00",0.0,0.18422857142857144,1.0,1.0,0.1853672,0.5,2.0,18.625,7.0375,0.0,2.0,5.0,1.5,1.25,1.75,1.0,169.0,24.0,14.625,1.6666666666666667,1.5,5.125,1.2857142857142858,1.0,1.25,,,,,0.0,,,,,,,,2.4285714285714284,,1.6666666666666667,,0.0,,2.6666666666666665,,1.5,
César Pérez,Unión La Calera,53.62733801138835,"R$ 12.780.000,00",0.0,0.0,1.5,0.0,0.0,0.0,1.6,41.333333333333336,7.383333333333333,0.0,2.0,7.5,1.8,2.25,4.0,1.25,176.0,21.0,17.166666666666668,2.0,0.0,5.333333333333333,2.0,1.3333333333333333,0.0,,,,,0.0,,,,,,,,2.75,,2.8333333333333335,,1.0,,1.4,,1.6,
Marlon Freitas,Botafogo,53.60424854683759,"R$ 25.560.000,00",0.0,0.06318750000000001,1.0,1.0,0.063285961,0.2,1.3333333333333333,44.2,7.06,0.0,1.0,1.5714285714285714,1.4,1.0,5.9,1.0,185.0,29.0,7.9,1.0,1.0,2.2857142857142856,1.5,1.5,0.0,,,,,0.0,,,,,,,,1.0,,1.5,,1.25,,0.0,,1.0,
Franco Ibarra,Rosario Central,53.21636714739376,"R$ 11.502.000,00",0.0,0.0673,1.0,1.0,0.00634466,0.2,1.0,18.333333333333332,7.1499999999999995,0.0,2.6,8.833333333333334,1.25,0.0,1.5,1.0,175.0,23.0,10.833333333333334,1.0,0.0,5.0,2.0,2.25,0.0,,,,,0.0,,,,,,,,1.0,,5.333333333333333,,1.25,,1.5,,1.3333333333333333,
Damián Bobadilla,São Paulo,51.453267697045014,"R$ 15.975.000,00",1.0,0.041825,1.0,0.0,0.031260995,0.0,2.0,38.166666666666664,6.883333333333333,0.0,1.0,3.1666666666666665,0.0,1.0,2.6,1.3333333333333333,181.0,23.0,6.833333333333333,0.0,0.0,4.0,1.75,2.75,0.0,,,,,0.0,,,,,,,,1.0,,2.8333333333333335,,1.0,,1.0,,2.0,
Claudio Echeverri,River Plate,50.589961057215206,"R$ 115.020.000,00",1.0,0.12078749999999999,2.0,1.0,0.09129280000000001,0.0,1.8333333333333333,20.77777777777778,7.111111111111111,0.0,2.0,4.777777777777778,0.0,1.5,1.6666666666666667,1.6666666666666667,171.0,18.0,12.0,2.8,1.0,4.444444444444445,2.0,1.0,1.0,,,,,0.0,,,,,,,,1.0,,1.3333333333333333,,0.0,,2.3333333333333335,,1.0,
Piris da Motta,Cerro Porteño,50.362917317347225,"R$ 6.390.000,00",0.0,0.15322,1.25,1.0,0.094651726,1.0,1.0,15.0,6.985714285714286,0.0,1.0,3.5714285714285716,1.6666666666666667,1.0,1.0,0.0,178.0,30.0,4.714285714285714,1.0,1.0,4.0,1.0,1.2,1.0,,,,,0.0,,,,,,,,1.5,,2.0,,1.0,,2.0,,1.5,
Rodrigo Battaglia,Atlético Mineiro,48.79860666372557,"R$ 7.668.000,00",1.0,0.08751666666666667,1.0,0.0,0.031878142857142855,0.0,1.5,65.5,7.029999999999999,0.0,1.25,4.4,2.5,0.0,2.25,1.3333333333333333,187.0,33.0,8.8,1.0,0.0,3.857142857142857,1.25,1.3333333333333333,1.0,,,,,0.0,,,,,,,,1.8571428571428572,,2.3333333333333335,,2.0,,1.0,,1.6666666666666667,
Lucas Romero,Cruzeiro,47.446977113843765,"R$ 20.448.000,00",1.0,0.0,1.0,1.0,0.0,0.0,1.1666666666666667,41.5,7.125,0.0,2.0,5.0,1.8,0.0,3.3333333333333335,1.0,167.0,30.0,8.375,1.0,0.0,3.5,2.0,1.6666666666666667,0.0,,,,,0.0,,,,,,,,1.2857142857142858,,2.8333333333333335,,0.0,,1.6666666666666667,,1.75,
Richard Ríos,Palmeiras,47.17414951813059,"R$ 83.070.000,00",1.0,0.04075,1.0,1.0,0.154047296,0.0,1.6666666666666667,28.5,6.866666666666667,0.0,1.8,5.166666666666667,2.0,1.0,3.0,1.3333333333333333,185.0,24.0,11.166666666666666,2.25,0.0,7.666666666666667,2.1666666666666665,1.6,0.0,,,,,0.0,,,,,,,,2.0,,2.0,,0.0,,2.0,,2.0,
Ignacio Malcorra,Rosario Central,46.87420806874097,"R$ 2.875.500,00",1.0,0.1287,1.0,1.0,0.22244463999999997,0.2,3.0,23.25,7.175,0.0,1.6666666666666667,2.5,1.0,2.5714285714285716,2.6,1.8,170.0,37.0,15.0,2.0,0.0,2.0,0.0,1.6666666666666667,1.0,,,,,0.0,,,,,,,,1.5,,1.0,,0.0,,1.5,,1.0,
Javier Cabrera,Peñarol,46.306723540940446,"R$ 4.473.000,00",1.0,0.11465,1.0,1.5,0.21378266666666665,0.3333333333333333,1.6,15.5,7.066666666666666,0.0,1.75,4.0,2.0,1.5,2.0,1.0,168.0,32.0,11.666666666666666,1.0,0.0,4.5,1.5,2.0,0.0,,,,,0.0,,,,,,,,2.0,,1.8,,0.0,,1.5,,1.0,
Wesley,Internacional,46.245884538957874,"R$ 38.340.000,00",1.0,0.0,1.0,1.0,0.0,0.2,2.8333333333333335,21.75,7.1375,0.0,2.0,6.5,2.2,2.2,1.8333333333333333,1.25,175.0,25.0,15.5,1.8333333333333333,1.0,6.25,1.0,2.0,2.0,,,,,0.0,,,,,,,,1.4,,1.8333333333333333,,0.0,,2.5714285714285716,,2.0,
Marcelino Moreno,Lanús,45.88332567077753,"R$ 25.560.000,00",1.0,0.0,2.0,1.0,0.0,0.5,3.4,21.0,7.57,0.0,2.2857142857142856,5.3,1.5,2.5,2.0,2.0,175.0,29.0,17.8,2.6,2.0,7.1,1.875,1.5,1.0,,,,,0.0,,,,,,,,1.8,,1.6,,0.0,,2.888888888888889,,1.0,
Nicolás de la Cruz,Flamengo,45.4400764597902,"R$ 115.020.000,00",0.0,0.06657500000000001,1.0,0.0,0.1597519888888889,0.0,2.111111111111111,41.888888888888886,7.1,0.0,2.5,4.888888888888889,1.75,1.0,2.0,1.25,167.0,27.0,15.88888888888889,1.5714285714285714,0.0,4.666666666666667,1.4285714285714286,1.25,0.0,,,,,0.0,,,,,,,,1.75,,1.6666666666666667,,1.0,,1.4,,1.0,
Cristian Zabala,Independiente Del Valle,45.386534035845294,"R$ 3.195.000,00",0.0,0.04265,0.0,0.0,0.07944382,0.3333333333333333,1.2,40.0,6.8999999999999995,0.0,1.0,2.8333333333333335,1.3333333333333333,1.3333333333333333,4.333333333333333,0.0,187.0,25.0,8.333333333333334,1.5,0.0,3.8333333333333335,1.3333333333333333,1.5,0.0,,,,,0.0,,,,,,,,1.0,,1.6666666666666667,,0.0,,1.0,,1.0,
Catriel Cabellos,Alianza Lima,44.93073664591291,"R$ 5.751.000,00",0.0,0.040475,1.0,1.5,0.1287726725,0.0,3.0,12.833333333333334,6.7,0.0,2.0,3.0,1.0,1.5,2.0,1.0,172.0,20.0,11.166666666666666,1.6666666666666667,0.0,4.333333333333333,1.4,2.0,1.0,,,,,0.0,,,,,,,,2.0,,1.0,,0.0,,1.75,,2.0,
Aníbal Moreno,Palmeiras,44.69684962773158,"R$ 63.900.000,00",1.0,0.0403,1.0,1.0,0.041664775,0.14285714285714285,1.6666666666666667,28.0,6.914285714285714,0.0,1.0,3.5714285714285716,1.0,1.0,1.8,1.0,177.0,25.0,8.0,1.6666666666666667,0.0,3.3333333333333335,1.0,2.3333333333333335,0.0,,,,,0.0,,,,,,,,1.0,,3.1666666666666665,,1.0,,1.5,,1.0,
Eduardo Darías,Peñarol,44.41629274398097,"R$ 9.585.000,00",1.0,0.16877499999999998,1.0,0.0,0.03479094,0.16666666666666666,1.5,10.625,7.025,0.0,3.4285714285714284,6.625,1.5,1.0,1.0,1.3333333333333333,172.0,26.0,9.375,1.4,0.0,4.75,1.5,1.6666666666666667,1.0,,,,,0.0,,,,,,,,1.6,,3.0,,1.0,,1.25,,1.5,
Raniele,Corinthians,44.41284462709082,"R$ 22.365.000,00",0.0,0.0,1.0,0.0,0.0,0.0,2.0,29.333333333333332,7.166666666666667,0.0,1.5,7.0,2.4,0.0,2.75,1.0,184.0,27.0,11.0,1.5,1.0,4.5,1.6,1.0,0.0,,,,,0.0,,,,,,,,2.0,,3.6666666666666665,,1.0,,1.0,,1.75,
Alexis Castro,Club Nacional,43.82953372272683,"R$ 11.502.000,00",1.0,0.24703333333333333,1.0,1.0,0.10600025,0.0,1.2,22.714285714285715,7.071428571428571,0.0,2.0,5.0,2.4,1.0,2.25,1.0,182.0,29.0,12.0,2.0,1.0,5.333333333333333,2.0,2.0,0.0,,,,,0.0,,,,,,,,1.5,,2.4,,0.0,,1.25,,1.8,
Maximiliano Gutiérrez,Huachipato,43.7545943798742,"R$ 7.668.000,00",1.0,0.09345,1.0,1.0,0.041889625,0.0,1.25,9.88888888888889,6.866666666666666,0.0,1.0,4.428571428571429,1.3333333333333333,1.3333333333333333,1.75,1.0,183.0,20.0,11.777777777777779,1.3333333333333333,0.0,3.25,1.6666666666666667,1.0,1.0,,,,,0.0,,,,,,,,1.0,,1.3333333333333333,,1.0,,2.8333333333333335,,1.0,
Agustín Canobbio,Athletico,43.28289787291033,"R$ 31.950.000,00",2.0,0.0,2.0,1.0,0.0,0.75,1.8,17.857142857142858,7.014285714285714,1.0,2.1666666666666665,4.833333333333333,1.0,1.0,1.0,1.4,175.0,26.0,9.714285714285714,1.6,2.3333333333333335,5.285714285714286,1.25,1.2,1.0,,,,,0.0,,,,,,,,1.5,,1.3333333333333333,,1.0,,2.0,,0.0,
Lima,Fluminense,43.18147936754931,"R$ 19.170.000,00",1.0,0.12011666666666665,1.3333333333333333,0.0,0.033647541249999996,0.0,1.2,34.0,6.9818181818181815,0.0,2.0,4.454545454545454,1.6666666666666667,1.0,1.6666666666666667,0.0,181.0,28.0,6.2727272727272725,1.5,0.0,3.4545454545454546,1.3333333333333333,1.625,1.0,,,,,0.0,,,,,,,,1.125,,2.3333333333333335,,1.0,,1.5714285714285714,,1.5,
Lucas Moura,São Paulo,42.71054560618786,"R$ 31.950.000,00",1.0,0.47565,1.0,0.0,0.09951999500000001,0.0,2.0,19.142857142857142,6.8428571428571425,0.0,1.5,4.714285714285714,2.1666666666666665,1.5,1.3333333333333333,1.0,172.0,32.0,12.285714285714286,1.6,1.0,4.285714285714286,2.0,1.0,0.0,,,,,0.0,,,,,,,,2.25,,1.5,,1.0,,1.8333333333333333,,2.0,
Victor Cantillo,Junior Barranquilla,42.62649929268712,"R$ 5.751.000,00",0.0,0.08145,1.0,0.0,0.052968524999999995,0.0,1.0,38.5,6.95,0.0,2.4,5.714285714285714,1.8333333333333333,0.0,2.875,0.0,182.0,30.0,8.75,1.0,0.0,2.7142857142857144,1.3333333333333333,1.3333333333333333,0.0,,,,,0.0,,,,,,,,1.25,,2.3333333333333335,,1.0,,1.0,,1.3333333333333333,
Rodrigo Aliendro,River Plate,41.990247126747235,"R$ 7.668.000,00",0.0,0.17628000000000002,1.0,1.0,0.10013704285714287,0.6666666666666666,1.1666666666666667,25.714285714285715,7.071428571428571,0.0,2.0,4.571428571428571,1.0,0.0,2.0,1.0,180.0,33.0,11.714285714285714,1.6,1.0,4.571428571428571,2.0,1.75,0.0,,,,,0.0,,,,,,,,1.6,,2.6666666666666665,,1.0,,1.25,,1.5,
Andy Polo,Universitario,41.77401856836561,"R$ 6.390.000,00",0.0,0.03176,0.0,1.0,0.09655521666666667,0.5,2.4,24.5,6.966666666666666,0.0,1.0,3.8,1.0,2.0,2.6666666666666665,1.0,175.0,30.0,13.0,1.75,0.0,3.6666666666666665,1.0,2.0,0.0,,,,,0.0,,,,,,,,1.25,,1.6666666666666667,,0.0,,3.0,,1.0,
Alan Patrick,Internacional,41.06236763195667,"R$ 25.560.000,00",1.0,0.0,1.3333333333333333,1.0,0.0,0.0,2.8333333333333335,39.857142857142854,7.414285714285714,0.0,1.75,4.857142857142857,1.0,1.8571428571428572,2.0,1.0,177.0,33.0,14.0,2.0,0.0,6.0,1.4,1.0,0.0,,,,,0.0,,,,,,,,2.2,,1.4,,1.0,,2.4285714285714284,,1.0,
Luciano,São Paulo,40.59083294961659,"R$ 15.975.000,00",1.0,0.2955,2.0,0.0,0.09127451125,0.0,1.8571428571428572,23.2,7.13,0.0,1.0,3.7,1.2857142857142858,0.0,1.6,1.75,181.0,31.0,6.0,1.4,1.0,4.0,1.4285714285714286,1.25,1.0,,,,,0.0,,,,,,,,1.8333333333333333,,1.375,,1.0,,1.4285714285714286,,0.0,
Leonel Justiniano,Bolívar,40.58118236443682,"R$ 1.757.250,00",0.0,0.049671428571428575,1.0,0.0,0.04541464,0.0,1.8,44.0,6.9125000000000005,0.0,2.0,5.125,1.8333333333333333,1.0,3.6666666666666665,1.0,172.0,32.0,8.875,1.4,0.0,4.875,1.3333333333333333,1.8571428571428572,0.0,,,,,0.0,,,,,,,,1.4,,2.5714285714285716,,2.0,,1.0,,1.5,
Agustín Giay,San Lorenzo,40.32747758159361,"R$ 51.120.000,00",0.0,0.0471,0.0,0.0,0.05635272499999999,0.0,1.6666666666666667,19.166666666666668,6.55,0.0,1.75,3.8333333333333335,1.0,1.0,2.25,1.0,180.0,20.0,14.333333333333334,1.0,0.0,4.166666666666667,1.4,1.3333333333333333,1.0,,,,,0.0,,,,,,,,1.25,,2.5,,1.0,,3.0,,3.0,
Bruno Zapelli,Athletico,40.13704962177263,"R$ 38.340.000,00",1.0,0.0,1.0,1.0,0.0,0.5,2.0,26.571428571428573,6.8999999999999995,0.0,1.2,3.5,2.3333333333333335,1.5,1.25,1.0,181.0,22.0,12.285714285714286,2.0,1.0,4.857142857142857,2.0,1.5,0.0,,,,,0.0,,,,,,,,1.0,,1.0,,0.0,,1.75,,1.0,
Rodrigo Garro,Corinthians,40.060218269621025,"R$ 57.510.000,00",1.0,0.0,1.3333333333333333,1.5,0.0,0.14285714285714285,2.142857142857143,23.555555555555557,7.111111111111111,0.0,2.75,4.0,1.0,2.2,2.7142857142857144,1.0,174.0,26.0,16.333333333333332,2.8,0.0,4.555555555555555,1.75,1.75,0.0,,,,,0.0,,,,,,,,2.0,,1.7142857142857142,,0.0,,2.0,,2.0,
Damián García,Peñarol,39.92058957054009,"R$ 19.170.000,00",0.0,0.02765,1.0,0.0,0.01738996285714286,0.0,2.0,22.555555555555557,6.866666666666666,0.0,1.5,4.111111111111111,2.142857142857143,0.0,2.875,0.0,177.0,21.0,9.11111111111111,2.0,0.0,4.571428571428571,1.25,2.0,0.0,,,,,0.0,,,,,,,,1.7142857142857142,,2.142857142857143,,1.5,,1.0,,2.142857142857143,
Ganso,Fluminense,39.6477941446155,"R$ 3.834.000,00",1.0,0.0853,1.0,1.0,0.066139094,0.14285714285714285,1.0,37.1,7.06,0.0,1.6666666666666667,4.222222222222222,1.0,1.4,1.5,1.0,184.0,35.0,9.1,1.7142857142857142,0.0,3.3,1.1666666666666667,1.3333333333333333,0.0,,,,,0.0,,,,,,,,1.0,,2.3333333333333335,,1.5,,1.6,,1.4,
Alan Franco,Atlético Mineiro,38.90146763947518,"R$ 19.170.000,00",0.0,0.027933333333333334,0.0,0.0,0.05928109375,0.0,1.5,44.22222222222222,6.811111111111111,0.0,1.3333333333333333,3.25,2.25,1.0,3.1666666666666665,1.0,174.0,26.0,7.0,1.5,0.0,4.25,2.125,1.5,0.0,,,,,0.0,,,,,,,,1.4,,2.0,,1.0,,1.5,,1.4,
Lisandro Alzugaray,LDU,38.852555316717805,"R$ 3.195.000,00",1.0,0.37733999999999995,1.25,0.0,0.09216640000000001,0.0,2.0,16.857142857142858,6.885714285714286,0.0,2.0,4.25,1.0,1.0,3.0,1.4,170.0,34.0,11.142857142857142,1.8,0.0,4.571428571428571,1.25,1.5,0.0,,,,,0.0,,,,,,,,1.0,,1.3333333333333333,,0.0,,1.6666666666666667,,1.0,
Luciano Ursino,The Strongest,38.84079834463696,"R$ 1.437.750,00",1.0,0.15141666666666667,1.3333333333333333,0.0,0.08295478571428572,0.0,1.8,33.0,7.1375,0.0,1.6,5.375,1.75,1.5,3.0,2.0,179.0,35.0,14.875,1.1428571428571428,0.0,6.5,2.1666666666666665,1.8333333333333333,1.0,,,,,0.0,,,,,,,,1.75,,3.5,,1.0,,1.4,,1.4,
José Enamorado,Junior Barranquilla,38.797989091356044,"R$ 15.336.000,00",1.0,0.28606666666666664,1.5,1.0,0.21742755714285716,0.25,1.4,12.625,6.7,1.0,2.0,5.5,0.0,1.4,0.0,2.0,167.0,25.0,16.0,1.8571428571428572,1.0,8.5,1.8333333333333333,1.5,1.0,,,,,0.0,,,,,,,,2.0,,1.3333333333333333,,0.0,,2.75,,2.0,
Lucas Evangelista,Red Bull Bragantino,38.51610449251177,"R$ 25.560.000,00",0.0,0.0,1.5,0.0,0.0,0.2,2.3333333333333335,26.5,7.133333333333333,0.0,2.6666666666666665,6.333333333333333,1.4,2.0,2.25,1.0,181.0,29.0,12.833333333333334,2.0,1.0,3.3333333333333335,1.75,1.0,0.0,,,,,0.0,,,,,,,,1.3333333333333333,,1.8333333333333333,,0.0,,1.0,,1.5,
Raúl Loaiza,Lanús,38.03330145396709,"R$ 6.390.000,00",0.0,0.0,1.0,0.0,0.0,0.2,2.0,28.333333333333332,7.033333333333333,0.0,1.8333333333333333,3.4444444444444446,2.0,0.0,1.75,1.0,180.0,30.0,5.111111111111111,1.0,1.0,2.625,2.5,1.5,0.0,,,,,0.0,,,,,,,,1.0,,1.75,,1.0,,2.0,,2.0,
Baltasar Rodriguez,Racing Club,38.0045461300133,"R$ 28.755.000,00",1.0,0.0,1.0,1.0,0.0,0.4,2.2,19.25,6.9625,0.0,2.5,3.5,1.0,2.0,1.3333333333333333,1.0,173.0,21.0,11.5,2.3333333333333335,1.0,5.5,1.6666666666666667,2.1666666666666665,1.0,,,,,0.0,,,,,,,,1.5,,1.7142857142857142,,0.0,,1.8,,1.4,
Breno Bidon,Corinthians,37.79598767158114,"R$ 31.950.000,00",0.0,0.0,1.0,1.0,0.0,0.2,1.0,26.428571428571427,6.942857142857143,0.0,2.2,4.285714285714286,1.0,0.0,2.75,1.0,174.0,19.0,11.714285714285714,1.75,1.0,5.166666666666667,1.5,2.0,1.0,,,,,0.0,,,,,,,,1.5,,1.6,,1.0,,1.8,,1.5,
Martin Barrios,Liverpool UY,37.425533398049424,"R$ 4.473.000,00",0.0,0.08385000000000001,1.0,0.0,0.01675596,0.0,2.0,17.5,6.7,0.0,1.5,3.8333333333333335,1.0,1.0,1.6,1.5,176.0,25.0,11.0,1.0,0.0,2.8333333333333335,1.25,0.0,0.0,,,,,0.0,,,,,,,,2.0,,1.75,,0.0,,2.25,,2.0,
Henry Mosquera,Red Bull Bragantino,37.05842705242234,"R$ 12.780.000,00",0.0,0.0,1.6666666666666667,0.0,0.0,0.2,2.0,13.428571428571429,7.014285714285714,0.0,1.6,5.285714285714286,1.0,1.0,1.3333333333333333,1.0,175.0,22.0,9.857142857142858,2.2,0.0,4.142857142857143,1.2,1.0,0.0,,,,,0.0,,,,,,,,1.0,,1.0,,0.0,,3.2857142857142856,,1.0,
Maurice Cova,Deportivo Táchira,36.9670305275322,"R$ 2.556.000,00",0.0,0.05165,0.0,1.0,0.157840424,0.5,1.6666666666666667,48.0,6.8,0.0,1.8,4.0,1.3333333333333333,1.5,4.833333333333333,0.0,173.0,32.0,19.833333333333332,2.0,0.0,6.0,2.6,1.8333333333333333,1.0,,,,,0.0,,,,,,,,1.0,,1.4,,1.0,,1.3333333333333333,,1.3333333333333333,
Ivan Leguizamon,San Lorenzo,36.418650064836704,"R$ 24.282.000,00",1.0,0.23458333333333334,1.3333333333333333,1.0,0.08908143142857142,0.2,1.4,7.375,6.7375,0.0,1.8571428571428572,4.142857142857143,2.0,1.8,1.0,0.0,174.0,22.0,9.125,1.0,1.0,6.75,1.8333333333333333,2.4,1.0,,,,,0.0,,,,,,,,3.0,,2.25,,0.0,,1.6666666666666667,,1.0,
Luiz Henrique,Botafogo,36.33549405638852,"R$ 102.240.000,00",1.0,0.45744999999999997,1.0,0.0,0.06410015666666667,0.16666666666666666,1.5,12.6,6.67,0.0,2.0,3.4,1.2,2.0,1.0,2.5,182.0,23.0,8.8,3.0,1.0,6.6,1.75,1.2,1.3333333333333333,,,,,0.0,,,,,,,,2.0,,1.3333333333333333,,1.0,,1.7142857142857142,,1.0,
Eric Ramires,Red Bull Bragantino,35.56452185709353,"R$ 25.560.000,00",0.0,0.0,0.0,1.0,0.0,0.5,2.0,21.285714285714285,6.8428571428571425,0.0,1.5,2.5714285714285716,1.0,1.0,1.25,1.5,172.0,24.0,7.0,1.75,1.0,2.8333333333333335,2.0,1.0,0.0,,,,,0.0,,,,,,,,1.0,,1.5,,0.0,,1.4,,1.0,
Nicolás Linares,Palestino,35.38891405639611,"R$ 4.473.000,00",1.0,0.055600000000000004,1.0,1.0,0.008793466666666668,0.3333333333333333,1.0,21.857142857142858,6.771428571428572,0.0,1.5,3.142857142857143,2.0,0.0,2.6666666666666665,1.0,175.0,28.0,10.142857142857142,1.5,1.0,4.142857142857143,2.0,1.3333333333333333,0.0,,,,,0.0,,,,,,,,1.25,,1.5714285714285714,,1.5,,1.5,,2.25,
Leonardo Gil,Colo Colo,35.337729148847075,"R$ 3.834.000,00",0.0,0.07496,1.0,1.0,0.08965662,0.16666666666666666,1.7142857142857142,37.0,7.044444444444444,0.0,2.3333333333333335,5.714285714285714,1.3333333333333333,1.8333333333333333,2.7142857142857144,0.0,171.0,33.0,11.777777777777779,2.0,1.0,4.5,1.5,1.6,1.0,,,,,0.0,,,,,,,,2.8,,2.7142857142857144,,1.0,,1.5,,1.0,
Bautista Merlini,Libertad,35.32048693657961,"R$ 4.473.000,00",0.0,0.043699999999999996,0.0,1.0,0.12919434999999999,0.3333333333333333,1.8,37.285714285714285,6.814285714285715,0.0,2.6666666666666665,5.285714285714286,2.0,0.0,1.5,1.0,179.0,29.0,11.714285714285714,2.0,0.0,5.428571428571429,1.25,2.5,0.0,,,,,0.0,,,,,,,,1.5,,1.2857142857142858,,0.0,,1.6666666666666667,,1.0,
Cecilio Domínguez,Cerro Porteño,34.93885261166798,"R$ 9.585.000,00",0.0,0.0672,2.0,1.0,0.1677431857142857,0.0,1.3333333333333333,11.0,6.928571428571429,0.0,2.6,5.571428571428571,1.3333333333333333,1.75,1.3333333333333333,1.0,179.0,30.0,11.571428571428571,1.2857142857142858,0.0,5.142857142857143,1.75,1.0,1.0,,,,,0.0,,,,,,,,1.1666666666666667,,2.0,,0.0,,1.4285714285714286,,1.0,
Arturo Vidal,Colo Colo,34.4749890037384,"R$ 1.917.000,00",1.0,0.20443333333333333,1.0,1.0,0.07437701666666667,0.3333333333333333,1.5,37.714285714285715,6.957142857142857,0.0,1.6666666666666667,5.285714285714286,2.6666666666666665,0.0,3.8333333333333335,1.0,180.0,37.0,10.857142857142858,1.0,1.0,6.857142857142857,3.142857142857143,2.6666666666666665,1.0,,,,,0.0,,,,,,,,2.5,,2.6666666666666665,,0.0,,0.0,,1.25,
Gustavo Caballero,Nacional Asunción,34.35536095104298,"R$ 2.875.500,00",1.0,0.0,1.0,0.0,0.0,0.0,1.75,13.166666666666666,7.033333333333334,0.0,1.25,5.833333333333333,1.6666666666666667,1.25,1.0,0.0,177.0,23.0,12.166666666666666,1.3333333333333333,1.0,4.5,1.3333333333333333,1.3333333333333333,1.0,,,,,0.0,,,,,,,,1.5,,2.5,,1.0,,3.3333333333333335,,1.3333333333333333,
Yeferson Soteldo,Grêmio,33.640481557291125,"R$ 44.730.000,00",1.0,0.14138333333333333,1.0,1.0,0.1663492,0.0,1.5,19.571428571428573,6.8428571428571425,0.0,1.75,6.166666666666667,1.0,1.0,1.5,1.0,160.0,27.0,15.714285714285714,3.142857142857143,1.0,7.285714285714286,1.0,1.2,0.0,,,,,0.0,,,,,,,,1.0,,1.3333333333333333,,1.0,,4.166666666666667,,1.3333333333333333,
Nacho Fernández,River Plate,33.11475117378851,"R$ 11.502.000,00",0.0,0.055099999999999996,1.0,1.0,0.10103748,0.25,1.5714285714285714,21.333333333333332,7.0,0.0,2.2857142857142856,4.444444444444445,1.75,1.4,1.6666666666666667,1.0,182.0,34.0,10.444444444444445,1.6,0.0,3.625,1.5,1.25,1.0,,,,,0.0,,,,,,,,1.5,,1.8571428571428572,,1.0,,1.0,,1.0,
Malcom Braida,San Lorenzo,32.97177754729577,"R$ 25.560.000,00",0.0,0.052475,1.0,1.0,0.10850529666666668,0.0,1.5,20.0,6.883333333333333,0.0,3.0,7.333333333333333,2.25,1.4,1.6,1.0,175.0,27.0,18.333333333333332,1.6666666666666667,0.0,5.0,1.25,1.6,0.0,,,,,1.0,,,,,,,,2.5,,3.5,,0.0,,1.6,,1.0,
Jonatan Gómez,Rosario Central,32.46526954256171,"R$ 1.917.000,00",0.0,0.07195,0.0,1.0,0.09939153333333334,0.14285714285714285,1.5,19.75,6.8625,0.0,2.2857142857142856,5.428571428571429,3.0,0.0,1.3333333333333333,1.5,171.0,34.0,6.285714285714286,1.4,0.0,4.25,2.0,2.0,0.0,,,,,0.0,,,,,,,,1.5,,2.8,,0.0,,1.6666666666666667,,1.6666666666666667,
Rodrigo Ureña,Universitario,32.35472998498668,"R$ 5.431.500,00",0.0,0.050925,1.0,0.0,0.059282350000000004,0.0,1.6,39.0,6.883333333333333,0.0,1.5,6.5,1.25,1.0,4.5,2.0,178.0,31.0,17.0,1.3333333333333333,0.0,6.333333333333333,2.3333333333333335,2.6666666666666665,0.0,,,,,0.0,,,,,,,,2.0,,3.8333333333333335,,0.0,,1.0,,2.0,
Mauricio Martínez,Rosario Central,32.25328001552951,"R$ 3.834.000,00",0.0,0.03365,1.0,0.0,0.00827371,0.0,1.0,25.5,6.883333333333333,0.0,1.5,4.166666666666667,1.3333333333333333,1.0,3.5,1.0,186.0,31.0,10.333333333333334,1.25,0.0,2.8333333333333335,1.0,1.75,0.0,,,,,0.0,,,,,,,,1.0,,2.6,,1.0,,1.5,,2.0,
Esteban Pavez,Colo Colo,32.24994913222127,"R$ 3.514.500,00",0.0,0.06928,1.0,1.0,0.07177376833333333,0.0,1.25,45.4,6.83,0.0,1.0,2.5,1.2,1.0,2.5,0.0,180.0,34.0,6.9,1.3333333333333333,0.0,2.857142857142857,1.1666666666666667,1.0,0.0,,,,,0.0,,,,,,,,2.5,,1.75,,1.0,,1.0,,1.3333333333333333,
Giorgian De Arrascaeta,Flamengo,31.649827126277692,"R$ 95.850.000,00",0.0,0.1268142857142857,1.0,1.0,0.19108862857142858,0.0,1.6666666666666667,30.285714285714285,7.2,1.0,1.6,4.285714285714286,1.25,1.25,2.0,2.0,173.0,30.0,18.714285714285715,3.0,0.0,5.428571428571429,1.0,1.4,1.0,,,,,0.0,,,,,,,,2.4,,1.6666666666666667,,0.0,,1.75,,0.0,
Fernando Saucedo,Bolívar,31.2457275596414,"R$ 1.118.250,00",0.0,0.07716666666666668,1.25,1.0,0.04470340166666667,0.3333333333333333,2.0,25.285714285714285,6.957142857142857,1.0,1.3333333333333333,3.3333333333333335,1.6666666666666667,1.3333333333333333,1.5,4.0,173.0,34.0,10.428571428571429,2.0,0.0,4.428571428571429,2.25,1.6666666666666667,0.0,,,,,0.0,,,,,,,,1.6666666666666667,,1.6666666666666667,,1.0,,1.5,,1.0,
Andrusw Araujo,Rayo Zuliano,31.20273408949164,"R$ 1.278.000,00",0.0,0.0,0.0,0.0,0.0,0.0,1.0,29.2,6.779999999999999,0.0,1.75,6.4,1.6666666666666667,0.0,2.2,1.0,183.0,21.0,7.8,2.0,0.0,5.2,2.0,2.25,0.0,,,,,0.0,,,,,,,,2.0,,3.2,,1.0,,2.0,,1.4,
Diego Moreno,Independiente Medellín,30.9487903852537,"R$ 5.751.000,00",0.0,0.0,1.0,0.0,0.0,0.25,1.5,29.25,6.7125,0.0,2.1666666666666665,3.5,1.5,2.0,1.8333333333333333,1.0,181.0,28.0,6.125,1.6666666666666667,0.0,2.5,0.0,1.3333333333333333,1.0,,,,,0.0,,,,,,,,1.3333333333333333,,1.0,,0.0,,1.0,,1.2,
Kevin Serna,Alianza Lima,30.619234195114533,"R$ 7.668.000,00",1.0,0.22074,1.75,1.0,0.14535315000000001,0.0,1.6666666666666667,10.666666666666666,7.0,0.0,1.6,5.5,1.0,3.5,1.0,1.6666666666666667,181.0,26.0,16.5,2.6,2.0,8.5,1.25,2.25,1.3333333333333333,,,,,0.0,,,,,,,,1.8,,1.6666666666666667,,0.0,,2.8333333333333335,,1.3333333333333333,
Elián Irala,San Lorenzo,30.551074404698902,"R$ 38.340.000,00",0.0,0.09741666666666667,1.0,0.0,0.022203990000000003,0.0,1.0,20.5,6.7,0.0,2.0,4.75,1.2,1.0,1.7142857142857142,2.0,176.0,20.0,12.125,1.8571428571428572,1.0,6.0,1.8333333333333333,1.6666666666666667,0.0,,,,,0.0,,,,,,,,1.2,,2.3333333333333335,,1.0,,1.8,,2.0,
Gregore,Botafogo,30.32328175101513,"R$ 19.170.000,00",0.0,0.02675,0.0,0.0,0.03292824833333333,0.0,1.3333333333333333,36.77777777777778,6.92,0.0,1.8,4.7,1.375,0.0,1.75,0.0,181.0,30.0,6.333333333333333,1.0,0.0,4.222222222222222,1.5,2.0,0.0,,,,,0.0,,,,,,,,2.1666666666666665,,2.6,,2.6666666666666665,,1.0,,1.6,
Jesús Trindade,Barcelona SC,30.076703736443868,"R$ 6.390.000,00",0.0,0.035949999999999996,1.0,0.0,0.026267015999999997,0.0,1.0,50.0,6.833333333333333,0.0,0.0,2.5,1.0,1.0,2.0,1.0,176.0,31.0,7.166666666666667,1.0,0.0,2.1666666666666665,1.0,1.3333333333333333,0.0,,,,,0.0,,,,,,,,1.3333333333333333,,2.3333333333333335,,1.0,,1.0,,1.25,
Claudio Sepúlveda,Huachipato,29.80859639324744,"R$ 2.875.500,00",0.0,0.1475,0.0,0.0,0.01876249,0.0,1.0,39.333333333333336,6.7,0.0,1.3333333333333333,3.8333333333333335,1.6666666666666667,0.0,2.8333333333333335,0.0,174.0,32.0,8.5,1.0,0.0,3.8333333333333335,1.3333333333333333,1.8,0.0,,,,,0.0,,,,,,,,2.0,,3.25,,2.0,,1.0,,2.0,
Bruno Henrique,Internacional,28.007547692265018,"R$ 11.502.000,00",0.0,0.0,1.0,1.0,0.0,0.2,1.4,32.125,7.1125,0.0,1.25,3.7142857142857144,1.5,2.0,2.8,1.0,180.0,34.0,9.75,1.75,0.0,4.333333333333333,2.5,1.0,1.0,,,,,0.0,,,,,,,,1.75,,2.3333333333333335,,1.0,,1.0,,1.0,
Enzo Pérez,Estudiantes de La Plata,27.4979910910965,"R$ 3.834.000,00",0.0,0.0,0.0,0.0,0.03265641666666667,0.0,1.0,62.166666666666664,7.1000000000000005,0.0,1.25,6.166666666666667,3.0,0.0,3.6,0.0,177.0,38.0,8.166666666666666,1.5,0.0,6.25,2.5,1.6666666666666667,1.0,,,,,0.0,,,,,,,,1.75,,2.4,,1.0,,1.6666666666666667,,1.5,
Sebastián Galani,Coquimbo Unido,25.26178824066316,"R$ 5.431.500,00",0.0,0.0,0.0,1.0,0.0,0.0,1.0,19.166666666666668,6.683333333333334,0.0,0.0,5.666666666666667,2.3333333333333335,0.0,2.0,1.0,177.0,27.0,10.333333333333334,1.0,0.0,4.666666666666667,2.3333333333333335,1.0,0.0,,,,,0.0,,,,,,,,1.25,,3.5,,0.0,,1.5,,1.6,
Pablo Lima,Independiente Medellín,25.085692096891897,"R$ 2.556.000,00",0.0,0.0,0.0,1.0,0.0,0.16666666666666666,1.0,36.333333333333336,6.777777777777778,0.0,1.0,2.2857142857142856,1.0,1.0,3.3333333333333335,0.0,182.0,34.0,6.5,1.5,0.0,2.625,1.3333333333333333,2.0,0.0,,,,,0.0,,,,,,,,1.0,,1.8,,1.0,,1.5,,1.75,
Joel Amoroso,The Strongest,24.867123343431185,"R$ 798.750,00",0.0,0.03765,1.0,1.0,0.20014546666666666,0.6,1.5,14.875,6.8375,0.0,1.4,3.0,1.0,1.25,1.5,0.0,185.0,36.0,12.0,2.0,0.0,4.428571428571429,1.5,1.0,0.0,,,,,0.0,,,,,,,,2.0,,1.25,,1.0,,1.3333333333333333,,1.0,
Hernesto Caballero,Libertad,24.0397892951927,"R$ 3.195.000,00",0.0,0.056600000000000004,0.0,0.0,0.049722966,0.0,1.0,47.666666666666664,6.777777777777778,0.0,1.25,4.555555555555555,1.8333333333333333,1.0,3.375,1.5,183.0,33.0,9.555555555555555,1.5,1.0,6.888888888888889,1.8888888888888888,2.125,0.0,,,,,0.0,,,,,,,,2.5714285714285716,,2.5714285714285716,,1.0,,1.4,,2.5714285714285716,
Dylan Glaby,Coquimbo Unido,23.757883599511462,"R$ 6.390.000,00",0.0,0.0,0.0,1.0,0.0,0.0,1.5,30.5,6.7,0.0,1.6666666666666667,3.6666666666666665,1.0,1.0,3.0,2.0,178.0,28.0,12.166666666666666,1.3333333333333333,0.0,5.833333333333333,2.0,1.25,0.0,,,,,0.0,,,,,,,,2.1666666666666665,,2.4,,1.0,,1.0,,1.2,
Baldomero Perlaza,Independiente Medellín,23.582773438622443,"R$ 3.195.000,00",1.0,0.0,1.3333333333333333,1.0,0.0,0.16666666666666666,1.0,16.0,6.922222222222222,0.0,1.75,3.625,2.8,0.0,1.3333333333333333,1.0,188.0,32.0,5.444444444444445,1.0,0.0,4.333333333333333,2.3333333333333335,3.0,0.0,,,,,0.0,,,,,,,,1.5,,1.25,,2.0,,1.5,,1.3333333333333333,
Dodi,Grêmio,20.167328183404273,"R$ 4.473.000,00",0.0,0.17933333333333332,1.0,0.0,0.015350379999999999,0.0,1.0,20.428571428571427,6.714285714285714,0.0,1.75,3.857142857142857,1.0,0.0,2.3333333333333335,1.0,169.0,28.0,8.142857142857142,2.0,1.0,4.571428571428571,1.4,1.75,0.0,,,,,1.0,,,,,,,,1.3333333333333333,,2.1666666666666665,,1.0,,1.25,,1.8,
Yimmi Chará,Junior Barranquilla,19.707970930969587,"R$ 3.195.000,00",0.0,0.19355,1.0,0.0,0.03979868571428572,0.0,1.0,22.285714285714285,6.814285714285715,0.0,1.75,3.6666666666666665,1.0,1.0,1.5714285714285714,0.0,169.0,33.0,6.0,1.0,1.0,2.7142857142857144,2.0,1.0,1.0,,,,,0.0,,,,,,,,2.0,,1.5,,1.0,,1.25,,1.0,
Daniel Giraldo,Millonarios,17.892114674955632,"R$ 3.195.000,00",0.0,0.0,0.0,0.0,0.015045678000000002,0.0,1.5,30.5,6.55,0.0,1.0,3.5,2.5,0.0,4.0,0.0,178.0,32.0,5.666666666666667,1.0,0.0,4.0,2.2,2.0,0.0,,,,,0.0,,,,,,,,1.6666666666666667,,2.0,,1.0,,0.0,,1.3333333333333333,
Ulises Ortegoza,Talleres,17.542009619366947,"R$ 11.502.000,00",0.0,0.03386666666666666,0.0,0.0,0.031409986,0.0,1.0,22.142857142857142,6.6000000000000005,0.0,1.25,3.4285714285714284,0.0,1.0,1.3333333333333333,1.0,180.0,27.0,4.142857142857143,1.0,0.0,4.428571428571429,3.0,1.6666666666666667,0.0,,,,,0.0,,,,,,,,1.0,,3.1666666666666665,,1.0,,0.0,,1.5,
Agustin Alcaraz,CD Real Tomayapo,14.614326261148742,"R$ 1.757.250,00",0.0,0.0,0.0,0.0,0.0,0.0,1.0,20.666666666666668,6.6499999999999995,0.0,1.0,2.8333333333333335,1.0,0.0,4.166666666666667,1.0,179.0,26.0,10.5,1.6666666666666667,0.0,5.5,2.0,1.4,0.0,,,,,0.0,,,,,,,,3.0,,2.1666666666666665,,1.0,,0.0,,2.25,
Santiago Silva,Huachipato,14.052746129080429,"R$ 5.112.000,00",0.0,0.015966666666666667,1.0,0.0,0.03301946333333333,0.0,1.0,23.555555555555557,6.322222222222222,0.0,1.0,3.25,2.5,1.0,1.0,1.0,181.0,20.0,8.333333333333334,1.7142857142857142,0.0,6.555555555555555,1.7142857142857142,2.25,0.0,,,,,0.0,,,,,,,,2.142857142857143,,2.5714285714285716,,1.0,,0.0,,1.1666666666666667,
Misael Dávila,Palestino,13.541234340449474,"R$ 2.875.500,00",0.0,0.08496666666666668,1.0,1.0,0.12055695999999999,0.0,1.0,14.25,6.6125,0.0,1.0,2.8,1.0,1.0,2.5,0.0,172.0,33.0,8.125,1.0,1.0,2.3333333333333335,1.0,3.0,1.0,,,,,1.0,,,,,,,,1.5,,1.25,,1.0,,2.0,,1.5,
Franco García,Cobresal,11.659921456466742,"R$ 3.834.000,00",0.0,0.039099999999999996,0.0,0.0,0.12787545,0.0,1.0,13.0,6.616666666666667,0.0,1.0,2.6666666666666665,1.0,1.3333333333333333,1.5,0.0,176.0,27.0,10.666666666666666,2.2,0.0,4.666666666666667,1.0,1.0,0.0,,,,,0.0,,,,,,,,1.5,,1.6666666666666667,,0.0,,1.5,,1.0,
Juan Luis Alfaro,Nacional Asunción,11.247720279302186,"R$ 1.437.750,00",0.0,0.0,0.0,0.0,0.0,0.0,1.0,24.833333333333332,6.5,0.0,1.5,2.8333333333333335,1.3333333333333333,1.2,3.0,0.0,177.0,24.0,16.166666666666668,1.3333333333333333,0.0,5.6,1.5,2.3333333333333335,0.0,,,,,0.0,,,,,,,,1.5,,1.4,,1.0,,1.5,,1.8,
Cristopher Barrera,Coquimbo Unido,11.145529303010695,"R$ 2.875.500,00",0.0,0.0,1.0,0.0,0.0,0.0,1.3333333333333333,12.666666666666666,6.566666666666666,0.0,1.0,2.4,1.0,1.6666666666666667,1.5,0.0,180.0,26.0,9.166666666666666,1.6,1.0,3.0,1.25,1.0,0.0,,,,,0.0,,,,,,,,1.0,,2.0,,1.0,,2.0,,0.0,
Santiago Romero,Danubio,7.377485508006629,"R$ 1.278.000,00",0.0,0.0,0.0,0.0,0.0,0.0,1.5,23.0,6.7,0.0,1.0,4.333333333333333,2.8,0.0,2.6,1.0,178.0,34.0,11.5,1.3333333333333333,0.0,5.333333333333333,1.6,2.25,0.0,,,,,0.0,,,,,,,,2.2,,1.8,,0.0,,2.0,,1.5,
Jhojan Julio,LDU,0.1417188914733354,"R$ 6.390.000,00",0.0,0.06756666666666666,1.0,0.0,0.048317757499999996,0.0,1.5,15.833333333333334,6.583333333333333,1.0,1.0,3.6666666666666665,1.0,1.6666666666666667,1.0,1.0,168.0,26.0,13.166666666666666,3.0,1.0,6.666666666666667,1.6,3.0,1.0,,,,,0.0,,,,,,,,1.2,,1.6,,0.0,,1.75,,1.0,
Bruno Henrique,Flamengo,0.0,"R$ 11.502.000,00",0.0,0.2978,1.6666666666666667,0.0,0.043270584,0.0,1.0,11.666666666666666,6.475,0.0,2.0,4.857142857142857,1.8333333333333333,2.0,0.0,1.0,184.0,33.0,12.833333333333334,2.0,1.0,6.0,2.2,1.25,1.3333333333333333,,,,,0.0,,,,,,,,3.0,,1.25,,0.0,,1.6,,1.0,
Gustavo Scarpa,Atlético Mineiro,100.0,"R$ 51.120.000,00",1.0,0.21203333333333335,1.4375,1.1,0.22380117695652174,0.23333333333333334,2.24,30.848484848484848,7.363636363636363,0.0,1.826086956521739,3.838709677419355,1.25,2.1538461538461537,4.483870967741935,1.5,177.0,30.0,14.363636363636363,1.45,1.0,3.3870967741935485,1.1538461538461537,1.3333333333333333,1.2,,,,,0.0,,,,,,,,1.4545454545454546,,1.625,,1.0,,1.6428571428571428,,1.5833333333333333,
Estêvão,Palmeiras,94.38325749962469,"R$ 255.600.000,00",1.1111111111111112,0.33755555555555555,1.8666666666666667,1.2857142857142858,0.1321267004761905,0.28,1.9411764705882353,16.08,7.263999999999999,1.0,1.9230769230769231,5.125,1.5,1.5,1.4,1.4666666666666666,176.0,17.0,12.291666666666666,2.2777777777777777,1.1666666666666667,6.56,1.7857142857142858,1.4666666666666666,1.4,,,,,0.0,,,,,,,,1.2307692307692308,,1.3529411764705883,,0.0,,2.869565217391304,,1.1666666666666667,
Jefferson Savarino,Botafogo,89.70055807152256,"R$ 38.340.000,00",1.0,0.17317777777777776,1.1875,1.4,0.28492893684210524,0.35294117647058826,2.8947368421052633,18.82608695652174,7.21304347826087,0.0,1.0,1.5384615384615385,2.0,1.7222222222222223,2.0526315789473686,1.2857142857142858,169.0,27.0,9.043478260869565,2.0,2.0,3.142857142857143,1.1111111111111112,1.375,1.1666666666666667,,,,,0.0,,,,,,,,1.0,,1.0,,1.0,,1.0,,1.0,
Rodrigo Garro,Corinthians,89.35723813993526,"R$ 57.510.000,00",1.25,0.19617391304347828,1.380952380952381,1.0,0.2481852142857143,0.16666666666666666,2.966666666666667,32.88235294117647,7.427272727272727,0.0,3.34375,5.470588235294118,1.375,2.310344827586207,3.8,1.1875,174.0,26.0,19.647058823529413,2.4,1.0,6.484848484848484,1.6363636363636365,2.347826086956522,1.0,,,,,1.0,,,,,,,,1.45,,1.72,,1.0,,1.3888888888888888,,1.5333333333333334,
Raphael Veiga,Palmeiras,88.8244197196145,"R$ 95.850.000,00",1.25,0.3095652173913043,1.5625,1.3333333333333333,0.15499331041666667,0.10344827586206896,2.739130434782609,24.17241379310345,7.26896551724138,0.0,1.7391304347826086,3.2142857142857144,1.0833333333333333,2.1818181818181817,2.32,1.5,176.0,29.0,11.206896551724139,1.2857142857142858,1.0,3.1153846153846154,1.3846153846153846,1.3571428571428572,1.0,,,,,0.0,,,,,,,,1.4166666666666667,,1.3333333333333333,,1.25,,1.1333333333333333,,1.4285714285714286,
Gerson,Flamengo,82.36435652059872,"R$ 89.460.000,00",1.0,0.10828823529411764,1.1818181818181819,1.4,0.12169128407407408,0.13793103448275862,2.3684210526315788,37.88235294117647,7.211764705882352,0.0,2.066666666666667,5.636363636363637,1.6842105263157894,1.75,1.6538461538461537,1.4444444444444444,185.0,27.0,10.242424242424242,1.4444444444444444,2.0,4.382352941176471,1.565217391304348,1.4615384615384615,1.0,,,,,0.0,,,,,,,,1.5454545454545454,,2.5652173913043477,,1.0,,1.7,,1.1666666666666667,
Luiz Araújo,Flamengo,80.21323422949503,"R$ 25.560.000,00",1.3333333333333333,0.09967142857142856,1.4666666666666666,1.0909090909090908,0.19685478476190477,0.2608695652173913,1.9047619047619047,17.275862068965516,7.339285714285714,0.0,1.6,4.892857142857143,1.2,1.5,2.142857142857143,1.2857142857142858,175.0,28.0,11.392857142857142,1.4444444444444444,1.0,4.518518518518518,1.4736842105263157,1.3846153846153846,1.0,,,,,0.0,,,,,,,,1.9166666666666667,,2.08,,1.0,,2.1363636363636362,,1.3529411764705883,
Franco Cristaldo,Grêmio,79.13421955377633,"R$ 63.900.000,00",1.0,0.22293500000000002,1.2777777777777777,1.0,0.17926751400000002,0.08333333333333333,2.5,26.724137931034484,7.36551724137931,1.0,1.9047619047619047,3.857142857142857,1.6923076923076923,1.6666666666666667,1.8571428571428572,1.2307692307692308,175.0,28.0,12.068965517241379,1.3888888888888888,1.0,4.0,1.5,1.5333333333333334,1.0,,,,,0.0,,,,,,,,2.2222222222222223,,1.7777777777777777,,1.0,,1.1666666666666667,,1.3333333333333333,
Jhon Arias,Fluminense,78.27953579456506,"R$ 95.850.000,00",1.0,0.19253333333333333,1.8461538461538463,1.0,0.10308113888888888,0.1875,2.1176470588235294,35.77272727272727,7.386363636363637,1.0,2.772727272727273,7.2727272727272725,1.3,1.8888888888888888,1.5,1.3333333333333333,170.0,27.0,13.454545454545455,2.5,1.25,7.2727272727272725,1.7333333333333334,1.4545454545454546,1.0,,,,,0.0,,,,,,,,1.8,,2.176470588235294,,1.0,,2.7222222222222223,,1.1111111111111112,
Ganso,Fluminense,77.69539158500072,"R$ 3.834.000,00",1.0,0.16333000000000003,1.1111111111111112,1.0,0.11880560521739131,0.2916666666666667,2.5714285714285716,43.32142857142857,7.207142857142857,0.0,1.7058823529411764,3.1538461538461537,1.3,1.7333333333333334,1.6666666666666667,0.0,184.0,35.0,8.714285714285714,1.0769230769230769,1.3333333333333333,2.4285714285714284,1.2857142857142858,1.2,1.0,,,,,0.0,,,,,,,,1.3846153846153846,,1.6842105263157894,,1.0,,1.3,,1.1818181818181819,
Tomás Cuello,Athletico,76.13956491021374,"R$ 19.170.000,00",1.0,0.09045555555555557,1.1818181818181819,1.5714285714285714,0.13231916999999999,0.3181818181818182,2.3,14.692307692307692,7.142307692307692,0.0,2.0,4.32,1.4444444444444444,1.6923076923076923,1.5833333333333333,1.2222222222222223,176.0,24.0,11.115384615384615,1.5294117647058822,1.0,5.0,1.3571428571428572,1.4545454545454546,1.6666666666666667,,,,,0.0,,,,,,,,2.0,,1.6666666666666667,,1.0,,2.1,,1.2222222222222223,
Thiago Maia,Internacional,74.01797332713585,"R$ 38.340.000,00",1.0,0.16596666666666668,1.0,1.0,0.0708136305,0.21052631578947367,1.2,35.76190476190476,7.090476190476191,0.0,1.125,4.380952380952381,2.2857142857142856,1.0,2.4705882352941178,1.0,179.0,27.0,8.142857142857142,1.125,1.0,3.8095238095238093,1.6153846153846154,1.2857142857142858,1.0,,,,,1.0,,,,,,,,1.6875,,2.176470588235294,,1.0,,1.1666666666666667,,2.076923076923077,
Lucas Moura,São Paulo,73.6776014197675,"R$ 31.950.000,00",1.0,0.317575,1.5454545454545454,1.0,0.10885869523809524,0.15384615384615385,1.7083333333333333,28.076923076923077,7.257692307692308,0.0,2.9545454545454546,6.230769230769231,2.0,1.4444444444444444,2.1052631578947367,1.1111111111111112,172.0,32.0,13.5,1.9523809523809523,1.0,5.615384615384615,1.5625,1.25,1.0,,,,,0.0,,,,,,,,1.6842105263157894,,1.7692307692307692,,0.0,,2.375,,1.8181818181818181,
Guilherme,Santos,73.55212607828301,"R$ 639.000,00",1.1666666666666667,0.0,1.4705882352941178,1.0,0.0,0.2727272727272727,2.0,24.0,7.6000000000000005,1.0,2.1578947368421053,5.25,2.2857142857142856,2.1176470588235294,2.2,1.3,178.0,29.0,12.875,1.3571428571428572,1.6666666666666667,4.583333333333333,1.375,1.5,1.2,,,,,0.0,,,,,,,,2.588235294117647,,2.375,,1.0,,1.5,,1.4545454545454546,
Lucas Ronier,Coritiba,72.96045947344602,"R$ 2.556.000,00",1.0,0.0,1.3888888888888888,2.0,0.0,0.16,2.3684210526315788,22.814814814814813,7.392592592592592,0.0,2.4583333333333335,6.8076923076923075,1.3636363636363635,1.4285714285714286,1.8235294117647058,1.3333333333333333,163.0,19.0,17.14814814814815,1.7058823529411764,1.25,6.666666666666667,2.238095238095238,1.7857142857142858,1.0,,,,,0.0,,,,,,,,2.0526315789473686,,2.6363636363636362,,1.0,,2.5,,1.3333333333333333,
Marlon Freitas,Botafogo,72.48308686385089,"R$ 25.560.000,00",0.0,0.07502727272727273,1.0,1.0,0.1002302255,0.13636363636363635,1.8666666666666667,43.53846153846154,7.15,0.0,1.3333333333333333,2.761904761904762,1.125,1.0,4.333333333333333,1.0,185.0,29.0,7.5,1.2,1.0,2.4545454545454546,1.6363636363636365,1.5714285714285714,0.0,,,,,0.0,,,,,,,,1.4545454545454546,,2.0,,1.4,,1.0,,1.3125,
Adson,Vasco,71.5456648416911,"R$ 28.755.000,00",1.0,0.11741538461538462,1.4285714285714286,1.0,0.17924553222222223,0.05555555555555555,2.0,25.583333333333332,7.016666666666667,0.0,1.6666666666666667,4.090909090909091,1.25,1.2,1.3,1.0,171.0,24.0,8.291666666666666,1.4166666666666667,1.0,3.8636363636363638,1.4285714285714286,1.1538461538461537,0.0,,,,,0.0,,,,,,,,1.2307692307692308,,2.076923076923077,,1.0,,2.2,,1.125,
Bruno Zapelli,Athletico,71.50600401430943,"R$ 38.340.000,00",1.0,0.1828857142857143,1.4,1.2,0.14827549047619049,0.19230769230769232,1.8695652173913044,18.96551724137931,7.027586206896552,0.0,1.7142857142857142,4.423076923076923,2.142857142857143,1.3571428571428572,1.8333333333333333,1.0,181.0,22.0,11.310344827586206,2.5294117647058822,1.0,4.821428571428571,1.25,1.5384615384615385,1.0,,,,,0.0,,,,,,,,1.625,,1.619047619047619,,1.0,,2.263157894736842,,1.5,
Wesley,Internacional,71.06195510183035,"R$ 38.340.000,00",1.1666666666666667,0.25526190476190475,1.6923076923076923,1.0,0.11626479681818182,0.04,1.7857142857142858,18.08,7.343999999999999,1.25,3.0416666666666665,7.730769230769231,1.85,1.5,1.6666666666666667,1.8333333333333333,175.0,25.0,14.08,1.8235294117647058,1.0,7.36,2.1,1.5294117647058822,1.2,,,,,0.0,,,,,,,,2.1666666666666665,,1.8235294117647058,,1.0,,2.5416666666666665,,1.0,
Denilson,Cuiabá,69.88459191382535,"R$ 12.780.000,00",0.0,0.054023076923076924,1.0,1.5,0.0750601455,0.13043478260869565,1.7142857142857142,29.88,6.928,0.0,1.3846153846153846,5.75,1.0,1.4,2.125,1.1666666666666667,180.0,23.0,7.52,1.5,0.0,3.727272727272727,2.0,1.0,0.0,,,,,1.0,,,,,,,,1.2222222222222223,,2.625,,0.0,,2.7777777777777777,,1.3333333333333333,
Mathias Villasanti,Grêmio,69.84190677221004,"R$ 63.900.000,00",1.0,0.07795454545454544,1.0,1.0,0.0897672888888889,0.1111111111111111,1.4285714285714286,43.09090909090909,7.113636363636363,0.0,1.625,5.954545454545454,1.1818181818181819,1.0,2.4,1.3333333333333333,178.0,27.0,10.727272727272727,1.7692307692307692,1.0,5.363636363636363,2.0,2.0,0.0,,,,,0.0,,,,,,,,1.1,,3.4285714285714284,,1.5,,1.8333333333333333,,2.176470588235294,
Wesley,Corinthians,68.93547614621059,"R$ 38.340.000,00",2.0,0.13549999999999998,1.4444444444444444,1.3333333333333333,0.09937172428571428,0.09523809523809523,2.0,12.5,6.953846153846154,0.0,1.7826086956521738,5.12,1.0,2.0,1.588235294117647,1.1,180.0,19.0,10.423076923076923,2.1666666666666665,0.0,5.75,1.5454545454545454,1.375,1.2,,,,,0.0,,,,,,,,1.2222222222222223,,1.2307692307692308,,0.0,,3.5,,1.1428571428571428,
Fernandinho,Athletico,68.74613971173723,"R$ 2.556.000,00",1.0,0.15925555555555557,1.2,1.0,0.15149536470588235,0.17647058823529413,2.235294117647059,38.15,7.279999999999999,0.0,1.6,4.4,1.9166666666666667,1.625,3.736842105263158,1.0,179.0,39.0,12.6,1.4166666666666667,1.0,4.3,1.8421052631578947,1.6666666666666667,1.0,,,,,0.0,,,,,,,,1.4545454545454546,,1.8666666666666667,,1.0,,1.625,,1.625,
Jádson,Juventude,68.70378409308675,"R$ 6.390.000,00",1.0,0.1206818181818182,1.0,1.0,0.07008676,0.20689655172413793,2.0384615384615383,33.4,7.1,0.0,2.409090909090909,5.066666666666666,1.125,1.0,2.782608695652174,1.0,171.0,31.0,9.433333333333334,1.5263157894736843,1.0,4.517241379310345,2.0454545454545454,1.5263157894736843,1.0,,,,,0.0,,,,,,,,1.411764705882353,,2.6666666666666665,,1.4285714285714286,,1.125,,1.9411764705882353,
João Schmidt,Santos,68.66043372675307,"R$ 6.390.000,00",0.0,0.0,0.0,1.0,0.0,0.043478260869565216,1.2352941176470589,50.80769230769231,7.1923076923076925,0.0,1.4285714285714286,4.666666666666667,2.3157894736842106,1.0,5.0,1.2,183.0,31.0,8.73076923076923,1.0,0.0,3.3846153846153846,1.85,1.1538461538461537,0.0,,,,,0.0,,,,,,,,1.5,,2.6666666666666665,,1.625,,1.0,,2.111111111111111,
Fernando Sobral,Cuiabá,67.62092357334313,"R$ 12.780.000,00",1.0,0.12317,1.0,1.0,0.08031392095238095,0.08695652173913043,1.6923076923076923,23.53846153846154,7.046153846153846,0.0,1.5333333333333334,4.826086956521739,1.8888888888888888,1.6363636363636365,2.9,1.0,178.0,29.0,9.461538461538462,1.0769230769230769,0.0,3.32,1.5,1.5,1.0,,,,,0.0,,,,,,,,1.5833333333333333,,2.6363636363636362,,1.5,,1.4444444444444444,,1.6666666666666667,
Caio Alexandre,Bahia,67.46143019373865,"R$ 41.535.000,00",1.0,0.08407272727272727,1.0,1.0,0.06961107222222222,0.0,1.6470588235294117,62.26470588235294,6.961764705882352,0.0,1.92,4.258064516129032,1.1428571428571428,1.1666666666666667,3.586206896551724,1.0,174.0,25.0,8.558823529411764,1.45,0.0,4.4375,1.7307692307692308,1.9565217391304348,1.0,,,,,1.0,,,,,,,,1.1818181818181819,,2.4166666666666665,,1.0,,1.2857142857142858,,1.1818181818181819,
João Vieira,Paysandu SC,66.59753928315527,"R$ 639.000,00",1.0,0.0,1.1111111111111112,1.0,0.0,0.08,1.625,40.82142857142857,7.103571428571429,0.0,1.9473684210526316,4.115384615384615,1.25,1.3333333333333333,4.333333333333333,1.0,175.0,27.0,7.0,1.125,1.0,3.7777777777777777,2.3636363636363638,1.2857142857142858,1.0,,,,,0.0,,,,,,,,1.3076923076923077,,2.0,,1.1666666666666667,,1.5,,1.6,
Agustín Canobbio,Athletico,66.55159458467513,"R$ 31.950.000,00",1.0,0.2371230769230769,1.8888888888888888,1.0,0.11887242923076924,0.058823529411764705,2.1818181818181817,18.65,7.095000000000001,0.0,3.1818181818181817,5.315789473684211,1.1428571428571428,1.3333333333333333,1.1666666666666667,1.5,175.0,26.0,10.35,1.6875,1.6666666666666667,5.166666666666667,1.5,1.9230769230769231,1.25,,,,,0.0,,,,,,,,1.1111111111111112,,2.375,,1.0,,1.6666666666666667,,1.2,
Yeferson Soteldo,Grêmio,65.84534998616661,"R$ 44.730.000,00",1.0,0.2345,1.2222222222222223,1.0,0.20396058749999998,0.1875,2.7857142857142856,21.36842105263158,7.084210526315789,0.0,1.8235294117647058,4.894736842105263,0.0,1.6,1.6,1.0,160.0,27.0,14.263157894736842,2.5625,1.0,6.222222222222222,1.5,1.2857142857142858,1.0,,,,,0.0,,,,,,,,1.1428571428571428,,2.0,,1.0,,2.888888888888889,,1.0,
Luiz Henrique,Botafogo,65.75689489156721,"R$ 102.240.000,00",1.0,0.2417904761904762,1.4615384615384615,1.0,0.09626320913043479,0.12,1.3529411764705883,15.066666666666666,7.096666666666667,1.5,2.0416666666666665,6.066666666666666,1.5,1.25,1.1428571428571428,1.1,182.0,23.0,9.9,2.037037037037037,1.0,6.266666666666667,1.3,1.3125,1.1428571428571428,,,,,0.0,,,,,,,,2.1904761904761907,,2.5,,1.0,,2.761904761904762,,1.1,
Matheus Bueno,Guarani,64.62760988995063,"R$ 2.236.500,00",1.0,0.0,1.5,1.0,0.0,0.038461538461538464,1.736842105263158,42.10344827586207,7.006896551724138,0.0,2.0476190476190474,4.518518518518518,1.6666666666666667,1.0,4.75,1.3076923076923077,178.0,26.0,11.137931034482758,1.5833333333333333,0.0,4.296296296296297,2.272727272727273,1.2857142857142858,1.0,,,,,0.0,,,,,,,,1.7777777777777777,,2.1666666666666665,,1.6666666666666667,,1.4285714285714286,,1.6842105263157894,
Danielzinho,Mirassol,64.62463011231821,"R$ 1.917.000,00",1.0,0.0,1.0,1.25,0.0,0.07692307692307693,1.9583333333333333,43.36666666666667,7.319999999999999,1.0,2.814814814814815,4.689655172413793,1.5454545454545454,1.588235294117647,2.2758620689655173,1.1,166.0,29.0,13.466666666666667,1.7692307692307692,0.0,3.6538461538461537,1.6,1.0,1.0,,,,,0.0,,,,,,,,2.0,,1.5454545454545454,,1.0,,1.5,,1.875,
Breno Bidon,Corinthians,63.79772785704091,"R$ 31.950.000,00",1.0,0.08639999999999999,1.0,1.0,0.049165947777777774,0.05,1.4,24.6,6.94,0.0,1.55,3.75,1.2222222222222223,1.0,2.6666666666666665,1.6,174.0,19.0,6.72,1.7692307692307692,1.0,3.391304347826087,1.7857142857142858,1.2307692307692308,1.0,,,,,0.0,,,,,,,,1.4,,1.6875,,1.0,,1.9090909090909092,,1.6923076923076923,
José Aldo,Ituano,62.572105634778275,"R$ 319.500,00",1.0,0.0,1.0,1.0,0.0,0.045454545454545456,1.8333333333333333,25.0,7.121739130434783,0.0,1.7647058823529411,4.714285714285714,1.4,1.0,3.9473684210526314,1.25,174.0,26.0,11.0,1.3636363636363635,0.0,4.045454545454546,1.8823529411764706,1.2727272727272727,0.0,,,,,0.0,,,,,,,,1.1538461538461537,,2.588235294117647,,1.5555555555555556,,1.1,,1.6666666666666667,
Felipe,Sport Recife,62.03668168196884,"R$ 5.751.000,00",0.0,0.0,1.0,1.0,0.0,0.041666666666666664,1.5,46.17857142857143,7.05,0.0,1.8,4.178571428571429,1.4736842105263157,1.3333333333333333,4.964285714285714,1.4,184.0,30.0,8.0,1.0,0.0,2.7142857142857144,1.7272727272727273,1.1666666666666667,0.0,,,,,1.0,,,,,,,,1.2727272727272727,,1.8333333333333333,,1.0,,1.0,,1.4666666666666666,
Matheuzinho,Vitória,61.30968637691944,"R$ 25.560.000,00",1.0,0.14052105263157896,1.3333333333333333,1.0,0.10440884269230769,0.16,1.55,20.571428571428573,7.103571428571429,0.0,3.0833333333333335,5.961538461538462,1.4545454545454546,1.3157894736842106,2.0,1.0,165.0,26.0,10.703703703703704,2.0952380952380953,1.0,4.571428571428571,2.1,1.4545454545454546,1.0,,,,,0.0,,,,,,,,1.3636363636363635,,1.85,,1.0,,1.7058823529411764,,1.4666666666666666,
Bruno Gomes,Internacional,61.10807760050415,"R$ 15.975.000,00",1.0,0.05386666666666667,1.0,1.0,0.054740526315789476,0.047619047619047616,1.2222222222222223,33.13636363636363,7.0181818181818185,1.0,1.875,4.809523809523809,1.5,1.0,2.2,1.0,175.0,23.0,11.045454545454545,1.4285714285714286,0.0,3.227272727272727,1.6428571428571428,1.3,0.0,,,,,0.0,,,,,,,,1.4615384615384615,,2.388888888888889,,1.0,,1.1,,1.4,
Lucas Lima,Sport Recife,60.80430416975423,"R$ 3.834.000,00",1.0,0.0,1.0,1.1428571428571428,0.0,0.25925925925925924,2.56,33.58620689655172,7.289655172413793,0.0,2.375,4.172413793103448,1.0,2.04,3.4074074074074074,1.5,176.0,34.0,14.0,1.9333333333333333,0.0,3.8518518518518516,1.45,1.4285714285714286,1.5,,,,,0.0,,,,,,,,1.2,,2.05,,1.0,,1.5833333333333333,,1.0,
Cauly,Bahia,60.697487700829555,"R$ 38.340.000,00",1.0,0.13672499999999999,1.3,1.2,0.1313274857142857,0.16666666666666666,2.6,29.685714285714287,6.974285714285714,0.0,1.4090909090909092,2.966666666666667,1.0,1.588235294117647,1.8636363636363635,1.3846153846153846,175.0,29.0,12.085714285714285,1.9565217391304348,1.0,3.914285714285714,1.375,1.3,1.0,,,,,0.0,,,,,,,,1.1818181818181819,,1.1111111111111112,,1.0,,1.9090909090909092,,1.3333333333333333,
Shaylon,Atlético Goianiense,59.93144855337525,"R$ 12.780.000,00",1.0,0.1738909090909091,1.1666666666666667,1.1666666666666667,0.1657694784,0.04,2.739130434782609,23.387096774193548,6.919354838709677,0.0,1.1428571428571428,1.6818181818181819,1.125,2.1578947368421053,1.92,1.3333333333333333,180.0,27.0,11.233333333333333,1.1764705882352942,1.2857142857142858,3.5416666666666665,1.3,1.4705882352941178,1.0,,,,,0.0,,,,,,,,1.4444444444444444,,1.4,,1.0,,1.0,,1.2666666666666666,
Cauan Barros,Amazonas FC,59.07976507600656,"R$ 3.195.000,00",1.0,0.0,1.0,1.0,0.0,0.05263157894736842,1.125,28.3,6.965000000000001,0.0,2.076923076923077,4.842105263157895,1.875,0.0,2.6666666666666665,1.25,183.0,20.0,6.9,1.25,0.0,4.55,2.4210526315789473,1.6363636363636365,0.0,,,,,0.0,,,,,,,,1.7272727272727273,,2.2857142857142856,,1.5,,1.0,,1.9166666666666667,
Lucas Evangelista,Red Bull Bragantino,58.835946030299944,"R$ 25.560.000,00",1.0,0.1199777777777778,1.2222222222222223,1.0,0.05906742,0.125,1.7058823529411764,25.333333333333332,7.051851851851852,0.0,2.45,5.12,1.894736842105263,1.6666666666666667,2.588235294117647,1.3636363636363635,181.0,29.0,8.518518518518519,1.6428571428571428,1.0,4.653846153846154,1.588235294117647,1.5714285714285714,1.3333333333333333,,,,,0.0,,,,,,,,2.272727272727273,,1.9473684210526316,,1.2857142857142858,,2.25,,1.2307692307692308,
Everton Ribeiro,Bahia,57.95834206789488,"R$ 14.697.000,00",1.0,0.07255882352941177,1.0,1.1111111111111112,0.13737982714285715,0.21428571428571427,2.0833333333333335,44.05882352941177,7.158823529411765,0.0,2.0344827586206895,4.424242424242424,1.3,1.2222222222222223,2.7142857142857144,1.1666666666666667,174.0,35.0,12.647058823529411,2.0,1.0,5.212121212121212,1.5217391304347827,1.8571428571428572,1.0,,,,,0.0,,,,,,,,1.5384615384615385,,2.0384615384615383,,1.0,,1.4375,,1.5454545454545454,
Aníbal Moreno,Palmeiras,57.3672560379384,"R$ 63.900.000,00",1.0,0.060983333333333334,1.2,1.0,0.04114208615384615,0.03333333333333333,1.5833333333333333,35.9,6.943333333333333,0.0,1.6,3.5517241379310347,1.2857142857142858,1.1666666666666667,2.9285714285714284,1.3333333333333333,177.0,25.0,8.8,1.7272727272727273,0.0,4.103448275862069,1.263157894736842,1.8846153846153846,1.0,,,,,0.0,,,,,,,,1.7333333333333334,,1.96,,1.0,,1.1818181818181819,,2.2777777777777777,
Luciano,São Paulo,56.88414979025099,"R$ 15.975.000,00",1.125,0.25193043478260874,1.5263157894736843,1.0,0.07733714,0.041666666666666664,1.1875,23.586206896551722,7.068965517241379,1.0,1.9523809523809523,3.4642857142857144,1.4285714285714286,1.0,2.3157894736842106,1.4615384615384615,181.0,31.0,6.344827586206897,1.3125,1.4,3.769230769230769,1.8235294117647058,1.1428571428571428,1.3333333333333333,,,,,0.0,,,,,,,,1.2,,1.2777777777777777,,1.0,,1.4,,1.25,
João Pedro,CRB,56.5284400019566,"R$ 2.875.500,00",0.0,0.0,1.4,1.0,0.0,0.08333333333333333,1.5454545454545454,33.0,6.976923076923077,1.0,1.894736842105263,4.346153846153846,1.4615384615384615,1.0,2.761904761904762,1.1428571428571428,185.0,25.0,8.76,1.3,0.0,3.625,2.0,1.1111111111111112,1.0,,,,,0.0,,,,,,,,1.2727272727272727,,2.090909090909091,,1.3333333333333333,,1.0909090909090908,,1.4666666666666666,
Rhaldney,Atlético Goianiense,56.39158516729115,"R$ 3.834.000,00",1.0,0.08029,1.1666666666666667,1.0,0.041242324347826084,0.043478260869565216,1.3846153846153846,32.142857142857146,6.914285714285714,0.0,1.5,4.555555555555555,1.6153846153846154,1.0,3.0476190476190474,1.1428571428571428,184.0,25.0,5.892857142857143,1.3333333333333333,0.0,4.428571428571429,1.9583333333333333,1.9411764705882353,0.0,,,,,0.0,,,,,,,,1.5294117647058822,,2.3076923076923075,,1.0,,1.1538461538461537,,1.2,
Hugo Moura,Vasco,56.30191515283043,"R$ 9.585.000,00",1.0,0.10822727272727274,1.1428571428571428,1.0,0.06974629777777779,0.16666666666666666,1.3333333333333333,25.85185185185185,6.811111111111111,0.0,1.6666666666666667,4.84,1.4444444444444444,1.6666666666666667,3.0,1.1111111111111112,177.0,26.0,7.592592592592593,1.7,1.0,4.44,2.0952380952380953,1.8333333333333333,0.0,,,,,0.0,,,,,,,,2.0,,3.260869565217391,,1.5,,1.4,,1.4285714285714286,
Rafael Gava,Goiás,55.76497775687093,"R$ 3.834.000,00",1.0,0.0,1.0,1.0,0.0,0.19047619047619047,2.230769230769231,27.23076923076923,7.038461538461538,2.0,2.0,3.0,1.4444444444444444,1.9230769230769231,2.3333333333333335,1.0,178.0,31.0,8.56,1.3333333333333333,0.0,2.4782608695652173,1.8571428571428572,1.1111111111111112,0.0,,,,,0.0,,,,,,,,1.1111111111111112,,1.5,,1.0,,1.0,,1.0,
Jean Lucas,Bahia,55.366427085952886,"R$ 44.730.000,00",1.0,0.19530833333333333,1.105263157894737,1.0,0.08919375571428571,0.1724137931034483,1.3888888888888888,31.235294117647058,6.970588235294118,0.0,2.130434782608696,4.764705882352941,1.375,1.0,2.357142857142857,1.5384615384615385,181.0,26.0,9.794117647058824,2.217391304347826,1.4,5.636363636363637,1.75,1.85,1.0,,,,,0.0,,,,,,,,1.6666666666666667,,1.8064516129032258,,1.0,,1.7142857142857142,,1.3571428571428572,
Lucas Barbosa,Juventude,55.314557712186414,"R$ 12.780.000,00",1.0,0.19648636363636365,1.0714285714285714,1.1428571428571428,0.12123365800000001,0.06896551724137931,1.8,15.838709677419354,6.970967741935484,0.0,1.565217391304348,5.966666666666667,2.076923076923077,1.4,1.7916666666666667,1.1818181818181819,193.0,23.0,12.064516129032258,1.7058823529411764,1.0,7.064516129032258,2.2962962962962963,1.7826086956521738,1.0,,,,,0.0,,,,,,,,2.4074074074074074,,2.769230769230769,,1.0,,1.2857142857142858,,1.4375,
Erick,Athletico,54.5584558510942,"R$ 25.560.000,00",1.0,0.1457125,1.0,1.0,0.06282997210526316,0.04,1.4,29.833333333333332,6.9766666666666675,0.0,1.5,4.379310344827586,2.05,1.0,2.24,1.1428571428571428,176.0,26.0,6.758620689655173,1.25,1.3333333333333333,4.821428571428571,1.8571428571428572,1.5263157894736843,1.0,,,,,0.0,,,,,,,,2.090909090909091,,1.7083333333333333,,1.25,,1.1538461538461537,,1.7727272727272727,
Diego Pituca,Santos,54.366169108171896,"R$ 10.224.000,00",1.0,0.0,1.5,1.0,0.0,0.10714285714285714,1.2941176470588236,45.733333333333334,7.133333333333334,0.0,1.6363636363636365,3.7586206896551726,1.6875,1.125,3.8333333333333335,1.2857142857142858,175.0,32.0,9.3,1.3846153846153846,1.0,3.4074074074074074,1.5,1.2727272727272727,0.0,,,,,1.0,,,,,,,,1.5,,1.75,,1.1428571428571428,,1.3333333333333333,,1.3,
Alejo Cruz,Atlético Goianiense,54.06336724425034,"R$ 4.473.000,00",1.0,0.16185,1.0,1.25,0.12277995600000001,0.038461538461538464,2.260869565217391,16.689655172413794,6.966666666666667,0.0,1.9230769230769231,3.52,1.4545454545454546,1.9565217391304348,1.9230769230769231,1.0,169.0,24.0,10.827586206896552,1.875,1.0,3.9130434782608696,1.3636363636363635,1.8571428571428572,1.0,,,,,0.0,,,,,,,,2.0,,1.7058823529411764,,1.0,,1.5833333333333333,,1.2857142857142858,
Lourenço,Ceará,53.82650969388643,"R$ 6.390.000,00",1.0,0.0,1.2727272727272727,1.0,0.0,0.13636363636363635,1.8,24.52,7.108,0.0,1.9,3.375,1.8181818181818181,1.7647058823529411,2.875,1.375,169.0,27.0,9.84,1.1538461538461537,1.0,3.125,1.5,1.1111111111111112,0.0,,,,,1.0,,,,,,,,1.6363636363636365,,1.6,,1.0,,1.0,,1.0625,
Alê,América Mineiro,53.437883310835986,"R$ 1.917.000,00",1.0,0.0,1.1818181818181819,1.0,0.0,0.04,1.6666666666666667,49.86206896551724,7.179310344827586,0.0,1.9583333333333333,3.7586206896551726,1.2666666666666666,1.1428571428571428,3.5714285714285716,1.0,184.0,34.0,8.75,1.2727272727272727,1.0,3.25,1.6470588235294117,1.6,0.0,,,,,0.0,,,,,,,,1.5,,1.8421052631578947,,1.0,,1.6,,1.3125,
Luiz Gustavo,São Paulo,53.2656910676483,"R$ 639.000,00",1.0,0.06493076923076924,1.2,1.0,0.038686286470588235,0.0,1.5,52.81481481481482,7.066666666666667,0.0,1.35,3.64,1.1538461538461537,1.0,4.125,1.1666666666666667,187.0,37.0,6.185185185185185,1.4444444444444444,1.0,3.5416666666666665,1.894736842105263,1.1666666666666667,0.0,,,,,0.0,,,,,,,,1.5,,1.8571428571428572,,1.0,,1.1111111111111112,,1.5909090909090908,
Juan Sforza,Vasco,52.39992411388549,"R$ 28.755.000,00",1.0,0.08088888888888889,1.0,0.0,0.014617491764705882,0.0,1.5,31.51851851851852,6.82962962962963,0.0,1.5,3.6153846153846154,1.9411764705882353,0.0,2.727272727272727,1.0,179.0,22.0,6.230769230769231,1.0,0.0,2.9166666666666665,1.5333333333333334,1.5714285714285714,0.0,,,,,0.0,,,,,,,,1.7777777777777777,,1.8125,,1.5,,1.2857142857142858,,1.5833333333333333,
Zé Ricardo,Avaí,51.41725657960477,"R$ 6.390.000,00",1.0,0.0,1.0,1.0,0.0,0.05555555555555555,1.3333333333333333,31.45,6.925,0.0,1.375,3.6470588235294117,1.5714285714285714,1.0,3.875,1.0,176.0,28.0,8.35,1.0,0.0,3.736842105263158,2.1333333333333333,1.3,0.0,,,,,1.0,,,,,,,,1.4615384615384615,,2.2666666666666666,,1.3333333333333333,,1.0,,2.0,
Rodrigo Battaglia,Atlético Mineiro,50.925655183224244,"R$ 7.668.000,00",1.0,0.0789,1.0,0.0,0.024146965333333333,0.0,1.2,50.11538461538461,6.923076923076923,0.0,1.3846153846153846,4.88,2.772727272727273,1.0,3.3157894736842106,1.0,187.0,33.0,7.615384615384615,0.0,1.0,3.423076923076923,1.75,1.1818181818181819,0.0,,,,,0.0,,,,,,,,2.0555555555555554,,1.6956521739130435,,1.1764705882352942,,1.25,,1.2727272727272727,
Christian,Athletico,50.239008543833826,"R$ 44.730.000,00",1.0,0.10023076923076922,1.1666666666666667,1.0,0.06466843076923078,0.0,2.0,18.083333333333332,6.866666666666667,0.0,2.0,3.739130434782609,1.5,1.6666666666666667,1.0833333333333333,1.1111111111111112,178.0,23.0,7.333333333333333,1.375,1.0,4.090909090909091,2.0555555555555554,1.4,1.25,,,,,0.0,,,,,,,,1.4166666666666667,,2.0,,1.0,,1.4285714285714286,,1.5,
Erick Pulga,Ceará,50.13922812404659,"R$ 6.390.000,00",1.1111111111111112,0.0,1.368421052631579,1.25,0.0,0.07407407407407407,1.9166666666666667,14.793103448275861,7.337931034482759,1.0,2.7586206896551726,6.275862068965517,1.5,1.4375,1.375,1.3125,169.0,24.0,13.689655172413794,1.7619047619047619,1.0,5.724137931034483,1.6923076923076923,1.6666666666666667,1.4285714285714286,,,,,0.0,,,,,,,,1.9523809523809523,,1.6363636363636365,,1.0,,2.4,,1.1,
Newton,Criciúma,49.21377465982795,"R$ 1.597.500,00",1.0,0.08594666666666666,1.2,1.0,0.048648632105263157,0.047619047619047616,1.3333333333333333,23.08695652173913,6.860869565217392,0.0,1.1666666666666667,4.631578947368421,2.0,1.4285714285714286,2.1176470588235294,1.125,188.0,24.0,8.91304347826087,1.2222222222222223,0.0,4.476190476190476,2.375,1.7777777777777777,0.0,,,,,0.0,,,,,,,,1.625,,2.2222222222222223,,1.0,,1.3333333333333333,,1.4666666666666666,
Gegê,CRB,48.76605758136256,"R$ 1.278.000,00",1.0,0.0,1.3125,1.0,0.0,0.11538461538461539,2.130434782608696,31.448275862068964,7.206896551724138,0.0,1.5454545454545454,2.5,1.6666666666666667,2.0454545454545454,3.16,1.7142857142857142,171.0,30.0,13.448275862068966,1.4166666666666667,1.0,3.2857142857142856,1.8,1.4615384615384615,1.0,,,,,1.0,,,,,,,,1.2727272727272727,,1.6428571428571428,,1.25,,1.25,,1.1666666666666667,
Dodi,Grêmio,48.65467356947545,"R$ 4.473.000,00",0.0,0.06844444444444445,1.0,1.5,0.059700323529411764,0.08333333333333333,1.4,19.85185185185185,6.839285714285714,0.0,1.5789473684210527,4.653846153846154,1.0833333333333333,1.0,2.0,1.1666666666666667,169.0,28.0,5.555555555555555,1.3076923076923077,1.0,3.230769230769231,1.75,1.6,0.0,,,,,0.0,,,,,,,,1.3333333333333333,,2.6363636363636362,,1.0,,1.5384615384615385,,1.8333333333333333,
Miqueias,Ituano,48.44667755515996,"R$ 1.597.500,00",1.0,0.0,1.0,1.0,0.0,0.11538461538461539,1.3571428571428572,27.620689655172413,6.889655172413794,0.0,1.65,3.5185185185185186,1.3636363636363635,1.0,1.7272727272727273,1.0,187.0,23.0,7.448275862068965,1.125,0.0,3.392857142857143,1.9523809523809523,1.1,0.0,,,,,1.0,,,,,,,,1.8,,1.7727272727272727,,1.2,,1.1428571428571428,,1.3333333333333333,
Willian Oliveira,Vitória,48.29415699909859,"R$ 3.195.000,00",1.25,0.17800500000000002,1.2,1.0,0.02362953952380952,0.041666666666666664,1.7692307692307692,23.285714285714285,6.964285714285714,1.0,2.1052631578947367,4.384615384615385,1.6666666666666667,1.0,2.111111111111111,1.0,179.0,31.0,6.714285714285714,1.4285714285714286,1.5,4.148148148148148,1.9333333333333333,1.3529411764705883,0.0,,,,,0.0,,,,,,,,2.0,,1.8181818181818181,,1.0,,1.0,,1.4666666666666666,
Lucas Romero,Cruzeiro,47.77911419343569,"R$ 20.448.000,00",0.0,0.05216666666666667,1.0,0.0,0.03489848958333334,0.09523809523809523,1.5333333333333334,45.44,6.952000000000001,0.0,1.5,4.64,1.8461538461538463,1.0,2.8260869565217392,1.0,167.0,30.0,8.24,1.4615384615384615,0.0,4.217391304347826,1.7,1.5294117647058822,0.0,,,,,0.0,,,,,,,,1.1818181818181819,,3.1052631578947367,,1.0,,1.4444444444444444,,1.3333333333333333,
Giuliano,Santos,47.43336456328669,"R$ 5.751.000,00",1.0,0.0,1.25,1.0,0.0,0.05,2.357142857142857,27.91304347826087,7.239130434782608,0.0,1.1428571428571428,2.9545454545454546,1.5,1.0,1.75,1.1428571428571428,172.0,34.0,6.043478260869565,1.0,1.0,2.7,1.4285714285714286,1.0,1.0,,,,,0.0,,,,,,,,1.8333333333333333,,1.5,,1.3333333333333333,,1.6666666666666667,,1.0,
Otávio,Atlético Mineiro,47.1796769045943,"R$ 28.755.000,00",0.0,0.0262,1.0,1.0,0.033797231250000004,0.05555555555555555,1.1666666666666667,45.869565217391305,6.931818181818182,0.0,1.4,4.476190476190476,1.9166666666666667,1.0,2.473684210526316,1.0,173.0,30.0,6.7272727272727275,1.3333333333333333,1.0,4.2727272727272725,2.235294117647059,1.4545454545454546,0.0,,,,,0.0,,,,,,,,1.8,,2.4210526315789473,,1.2,,1.5,,2.1333333333333333,
Patrick De Lucca,Ceará,46.8208448104231,"R$ 11.502.000,00",0.0,0.0,1.0,1.0,0.0,0.038461538461538464,1.5625,31.714285714285715,6.8500000000000005,0.0,1.2941176470588236,3.1538461538461537,1.3157894736842106,1.0,3.3703703703703702,1.0,182.0,24.0,8.357142857142858,1.1111111111111112,0.0,2.9615384615384617,1.5294117647058822,1.5714285714285714,1.0,,,,,0.0,,,,,,,,1.4444444444444444,,1.7647058823529411,,1.0,,1.0,,1.6666666666666667,
Fabinho,América Mineiro,46.41157610952032,"R$ 31.950.000,00",1.0,0.0,1.4,1.0,0.0,0.11538461538461539,1.380952380952381,15.258064516129032,7.006451612903225,0.0,1.6666666666666667,2.8846153846153846,1.2727272727272727,1.0,1.6842105263157894,1.1666666666666667,181.0,24.0,8.066666666666666,1.4615384615384615,1.0,3.1379310344827585,1.3,1.0,1.6666666666666667,,,,,0.0,,,,,,,,1.5,,1.0666666666666667,,2.0,,1.4705882352941178,,1.6666666666666667,
Igor Coronado,Corinthians,45.87930631326309,"R$ 25.560.000,00",1.0,0.06110625,1.0,1.2,0.153692556,0.1111111111111111,2.263157894736842,20.233333333333334,6.923333333333333,0.0,1.7058823529411764,3.586206896551724,1.0,1.7333333333333334,2.4285714285714284,1.0909090909090908,170.0,32.0,13.1,1.736842105263158,0.0,4.896551724137931,1.4375,1.2941176470588236,0.0,,,,,0.0,,,,,,,,1.4545454545454546,,1.736842105263158,,1.0,,1.56,,1.2222222222222223,
Barreto,Criciúma,45.69234379246931,"R$ 3.195.000,00",1.0,0.23881999999999998,1.1666666666666667,1.0,0.0518668915,0.047619047619047616,1.3,27.08695652173913,6.873913043478261,0.0,1.4285714285714286,4.681818181818182,1.8125,1.0,1.8125,1.25,182.0,28.0,7.130434782608695,1.4615384615384615,1.0,4.391304347826087,2.2222222222222223,1.7142857142857142,1.0,,,,,1.0,,,,,,,,1.5714285714285714,,2.0,,1.5,,1.3636363636363635,,1.2727272727272727,
Caique Gonçalves,Juventude,45.58095232640151,"R$ 3.195.000,00",0.0,0.023533333333333333,0.0,0.0,0.017117347999999998,0.0,1.2,41.95,6.955,0.0,1.8823529411764706,5.8,1.8333333333333333,1.0,3.411764705882353,1.0,178.0,29.0,5.5,1.125,0.0,3.9444444444444446,1.9230769230769231,1.4166666666666667,0.0,,,,,1.0,,,,,,,,1.3636363636363635,,2.9411764705882355,,1.0,,1.3,,1.7857142857142858,
Henry Mosquera,Red Bull Bragantino,45.51585588437801,"R$ 12.780.000,00",1.0,0.15690500000000002,1.1538461538461537,1.0,0.06059538913043479,0.04,1.7,12.40625,6.821875,0.0,1.9333333333333333,4.896551724137931,1.4615384615384615,1.5555555555555556,1.25,1.2727272727272727,175.0,22.0,9.53125,1.8888888888888888,1.0,5.548387096774194,1.4736842105263157,1.0,1.2857142857142858,,,,,0.0,,,,,,,,2.0,,1.5,,1.0,,2.5,,1.1666666666666667,
Mateus Carvalho,Vasco,45.48562168599377,"R$ 5.112.000,00",1.0,0.05240909090909091,1.0,0.0,0.022598627000000003,0.043478260869565216,1.1666666666666667,26.466666666666665,6.756666666666666,0.0,1.588235294117647,4.724137931034483,1.5333333333333334,1.0,2.3684210526315788,1.0,180.0,22.0,6.793103448275862,1.5,0.0,4.0,1.608695652173913,1.7647058823529411,1.0,,,,,0.0,,,,,,,,1.3333333333333333,,2.9166666666666665,,1.4,,1.3846153846153846,,1.7142857142857142,
Erick Pulgar,Flamengo,45.421107336632225,"R$ 31.950.000,00",0.0,0.15314,1.0,1.0,0.027542131333333334,0.0,1.625,39.57142857142857,6.866666666666666,0.0,1.4285714285714286,4.25,2.3076923076923075,1.0,2.3846153846153846,1.0,186.0,30.0,7.428571428571429,1.2727272727272727,1.0,4.894736842105263,2.1176470588235294,1.7692307692307692,0.0,,,,,0.0,,,,,,,,1.6666666666666667,,2.3333333333333335,,1.2,,1.0,,1.8,
Luan Dias,Guarani,44.941134690959835,"R$ 3.834.000,00",1.0,0.0,1.1666666666666667,1.0,0.0,0.10526315789473684,1.8125,21.181818181818183,7.072727272727272,0.0,2.210526315789474,4.8,1.0,1.1666666666666667,2.142857142857143,1.3333333333333333,181.0,27.0,12.095238095238095,1.8888888888888888,0.0,4.4,1.875,1.1666666666666667,1.0,,,,,0.0,,,,,,,,1.3,,1.6470588235294117,,0.0,,2.090909090909091,,1.5,
Ênio,Amazonas FC,44.56464554037729,"R$ 1.278.000,00",1.0,0.0,1.0,1.25,0.0,0.15384615384615385,1.8636363636363635,20.06451612903226,6.867741935483871,0.0,2.5238095238095237,3.68,1.0,1.25,1.6153846153846154,1.2857142857142858,168.0,23.0,9.838709677419354,1.894736842105263,0.0,4.333333333333333,1.2777777777777777,1.4,1.5,,,,,0.0,,,,,,,,1.7222222222222223,,1.5714285714285714,,1.0,,1.6666666666666667,,1.3333333333333333,
Alan Franco,Atlético Mineiro,44.316767921164136,"R$ 19.170.000,00",0.0,0.1002,1.0,1.0,0.11018139687499999,0.0,1.1428571428571428,28.46153846153846,6.861538461538462,1.0,1.3846153846153846,3.44,1.5555555555555556,1.0,1.25,1.25,174.0,26.0,6.538461538461538,1.2857142857142858,1.0,3.1666666666666665,1.8095238095238095,1.1428571428571428,0.0,,,,,0.0,,,,,,,,1.5833333333333333,,2.2941176470588234,,1.0,,1.0,,1.2777777777777777,
Lucas Mineiro,Cuiabá,44.19673244117494,"R$ 8.946.000,00",0.0,0.05910000000000001,1.0,1.0,0.017162754736842104,0.043478260869565216,1.1111111111111112,30.583333333333332,6.820833333333333,0.0,1.5,5.090909090909091,1.7777777777777777,0.0,2.6842105263157894,1.2,188.0,28.0,6.333333333333333,1.3846153846153846,0.0,4.0,2.2,1.2,1.0,,,,,0.0,,,,,,,,1.7692307692307692,,3.0,,1.2727272727272727,,1.5714285714285714,,1.4285714285714286,
Everton Morelli,Coritiba,44.047489774810415,"R$ 2.556.000,00",1.0,0.0,1.4,1.0,0.0,0.0,1.0909090909090908,21.76923076923077,6.934615384615385,1.0,1.7777777777777777,4.48,1.3888888888888888,1.6666666666666667,2.4166666666666665,1.0,185.0,26.0,8.75,1.3,0.0,3.9130434782608696,2.0588235294117645,1.0,1.0,,,,,0.0,,,,,,,,1.8235294117647058,,2.4761904761904763,,1.0,,1.0,,1.5714285714285714,
Matheus Frizzo,Coritiba,43.0081018091634,"R$ 7.668.000,00",1.1666666666666667,0.0,1.3846153846153846,1.0,0.0,0.08695652173913043,2.2,21.68,7.047999999999999,0.0,2.1,3.857142857142857,1.2222222222222223,2.111111111111111,1.625,1.3333333333333333,182.0,26.0,11.708333333333334,1.3333333333333333,1.0,4.791666666666667,1.7647058823529411,1.2,1.0,,,,,0.0,,,,,,,,1.8333333333333333,,1.1818181818181819,,1.0,,1.25,,1.1111111111111112,
Alesson,Vila Nova FC,42.91101059885463,"R$ 3.514.500,00",1.1666666666666667,0.0,1.8571428571428572,1.6,0.0,0.2,1.9565217391304348,15.74074074074074,7.062962962962962,0.0,2.090909090909091,5.4,1.25,1.1538461538461537,1.875,1.125,173.0,25.0,14.25925925925926,2.2,1.5,7.555555555555555,1.6818181818181819,1.2857142857142858,1.6666666666666667,,,,,0.0,,,,,,,,2.0869565217391304,,2.473684210526316,,0.0,,1.8,,1.2222222222222223,
Fabricio Domínguez,Sport Recife,42.47417962360666,"R$ 3.834.000,00",1.1666666666666667,0.0,1.0833333333333333,1.0,0.0,0.08333333333333333,1.5263157894736843,18.714285714285715,7.117857142857143,0.0,2.0,5.037037037037037,1.7142857142857142,1.5,2.0,1.3333333333333333,177.0,26.0,10.5,1.8571428571428572,0.0,5.75,2.0416666666666665,2.0588235294117645,1.0,,,,,1.0,,,,,,,,1.3,,2.08,,1.5,,1.5,,2.0,
Falcão,CRB,42.176512828309946,"R$ 639.000,00",0.0,0.0,1.0,1.0,0.0,0.03571428571428571,1.1666666666666667,30.193548387096776,6.861290322580645,0.0,2.35,4.931034482758621,2.066666666666667,1.0,2.6538461538461537,1.0,183.0,26.0,7.133333333333334,1.1818181818181819,0.0,4.096774193548387,2.0,1.7058823529411764,1.0,,,,,0.0,,,,,,,,1.5294117647058822,,2.3333333333333335,,1.2,,1.0,,1.4444444444444444,
Dodô,Ponte Preta,42.12375990373552,"R$ 4.473.000,00",1.0,0.0,1.0909090909090908,1.0,0.0,0.041666666666666664,1.3333333333333333,14.0,6.953846153846154,1.0,3.05,3.739130434782609,1.0,1.3333333333333333,1.8,1.4,170.0,23.0,8.115384615384615,1.3846153846153846,1.5,3.217391304347826,1.3333333333333333,1.0,1.25,,,,,0.0,,,,,,,,1.75,,1.125,,0.0,,2.1666666666666665,,1.2857142857142858,
Gustavo Bochecha,Botafogo-SP,42.11996382217497,"R$ 3.195.000,00",1.0,0.0,1.0,1.0,0.0,0.07692307692307693,1.3333333333333333,22.448275862068964,6.810344827586207,0.0,1.25,2.16,1.1666666666666667,1.0,2.9047619047619047,1.0,173.0,28.0,5.793103448275862,1.1428571428571428,0.0,2.4347826086956523,1.3333333333333333,1.2307692307692308,0.0,,,,,0.0,,,,,,,,1.1111111111111112,,1.7647058823529411,,1.0,,1.0,,1.5,
Rómulo Otero,Santos,41.918776174377186,"R$ 5.112.000,00",1.0,0.0,1.2777777777777777,1.0,0.0,0.07692307692307693,1.8095238095238095,17.321428571428573,7.224137931034483,1.0,2.4583333333333335,4.892857142857143,1.4545454545454546,2.3157894736842106,1.4,1.3125,166.0,31.0,10.428571428571429,1.588235294117647,0.0,3.9615384615384617,1.6666666666666667,1.2142857142857142,1.0,,,,,0.0,,,,,,,,1.8181818181818181,,1.875,,1.0,,1.5238095238095237,,1.0,
David,Vasco,41.153627535291,"R$ 12.780.000,00",1.0,0.10744117647058823,1.0,1.0,0.10034633000000001,0.14285714285714285,1.5,14.592592592592593,6.851851851851852,0.0,1.8,4.423076923076923,1.4,1.0,1.4166666666666667,1.3,179.0,28.0,9.555555555555555,1.8571428571428572,0.0,4.461538461538462,1.7058823529411764,1.3636363636363635,1.25,,,,,0.0,,,,,,,,1.25,,1.5,,1.0,,2.0,,1.125,
Vinicius Paiva,Ituano,40.60403105888037,"R$ 4.473.000,00",1.25,0.0,1.375,1.0,0.0,0.13043478260869565,2.0,11.814814814814815,6.796296296296297,0.0,1.7777777777777777,3.130434782608696,1.0,1.3333333333333333,1.2727272727272727,1.0,170.0,23.0,8.851851851851851,1.8421052631578947,0.0,3.3333333333333335,1.5,1.0,1.0,,,,,0.0,,,,,,,,1.0,,1.2222222222222223,,1.0,,1.411764705882353,,1.2307692307692308,
Giovanni,Avaí,40.566294377088134,"R$ 3.195.000,00",1.0,0.0,1.1,1.0,0.0,0.08333333333333333,2.05,25.25,7.051851851851852,0.0,1.9047619047619047,3.56,1.1428571428571428,1.5,2.96,1.125,173.0,30.0,10.555555555555555,1.6428571428571428,1.0,3.8,1.4666666666666666,1.125,1.0,,,,,0.0,,,,,,,,1.9333333333333333,,1.5294117647058822,,0.0,,1.3636363636363635,,1.4,
Bruno Henrique,Flamengo,38.762974848557384,"R$ 11.502.000,00",1.2,0.20783157894736842,1.5,1.0,0.07312429470588236,0.10526315789473684,1.4545454545454546,12.333333333333334,6.9875,1.0,2.260869565217391,5.208333333333333,2.466666666666667,1.0,1.0,1.1818181818181819,184.0,33.0,9.166666666666666,1.411764705882353,1.0,5.913043478260869,1.7727272727272727,1.6,1.0,,,,,0.0,,,,,,,,2.4375,,1.6428571428571428,,0.0,,1.4545454545454546,,1.4285714285714286,
Gabriel,Mirassol,37.68899058454762,"R$ 4.473.000,00",1.0,0.0,1.0,1.0,0.0,0.043478260869565216,1.5263157894736843,32.592592592592595,6.992592592592593,1.0,1.4736842105263157,2.88,1.3076923076923077,1.4,3.142857142857143,1.0,178.0,34.0,8.615384615384615,1.0,1.0,2.44,1.2727272727272727,1.2857142857142858,1.5,,,,,0.0,,,,,,,,1.5294117647058822,,1.25,,1.5,,1.3333333333333333,,1.2,
Luan Santos,Vitória,37.537500712959556,"R$ 12.780.000,00",0.0,0.04061,1.0,1.0,0.01515318076923077,0.0,1.2,24.40909090909091,6.713636363636363,0.0,1.2727272727272727,3.0,1.5833333333333333,1.0,1.7142857142857142,1.0,173.0,25.0,4.818181818181818,1.0,0.0,2.6842105263157894,1.6875,1.25,0.0,,,,,0.0,,,,,,,,1.375,,1.7777777777777777,,0.0,,1.75,,1.6428571428571428,
Raniele,Corinthians,37.119730411763776,"R$ 22.365.000,00",0.0,0.11155,1.1428571428571428,0.0,0.04012921333333333,0.0,1.4545454545454546,22.24137931034483,6.896551724137931,1.0,1.631578947368421,5.275862068965517,2.6,0.0,1.7058823529411764,1.3333333333333333,184.0,27.0,7.9655172413793105,1.125,1.0,4.285714285714286,1.5294117647058822,1.631578947368421,1.0,,,,,0.0,,,,,,,,2.5238095238095237,,2.4444444444444446,,1.0769230769230769,,1.4,,1.75,
Luiz Fernando,Atlético Goianiense,37.06245726560892,"R$ 9.585.000,00",1.0,0.18594999999999998,1.25,1.0,0.0635975976,0.043478260869565216,1.55,18.79310344827586,7.020689655172413,0.0,1.9090909090909092,4.0,1.4705882352941178,1.0,1.4285714285714286,1.3846153846153846,178.0,27.0,11.275862068965518,1.6666666666666667,1.0,5.862068965517241,1.6666666666666667,1.5454545454545454,1.375,,,,,0.0,,,,,,,,2.3043478260869565,,1.2352941176470589,,1.6666666666666667,,1.4444444444444444,,1.1818181818181819,
Sebastian Gomez,Coritiba,36.855478659739035,"R$ 9.585.000,00",0.0,0.0,1.0,1.0,0.0,0.043478260869565216,1.5555555555555556,30.875,6.929166666666667,0.0,1.6666666666666667,4.086956521739131,1.5,1.0,2.823529411764706,1.25,172.0,28.0,7.041666666666667,1.3571428571428572,0.0,4.375,2.25,1.6428571428571428,1.0,,,,,0.0,,,,,,,,1.6363636363636365,,2.388888888888889,,1.0,,1.125,,1.25,
Rodolfo Potiguar,Brusque,36.6971640343832,"R$ 639.000,00",1.0,0.0,1.125,1.0,0.0,0.0,1.1538461538461537,33.83870967741935,7.019354838709678,0.0,1.5789473684210527,3.903225806451613,1.4814814814814814,0.0,5.612903225806452,1.0,179.0,36.0,10.903225806451612,1.25,0.0,3.2857142857142856,1.5625,1.5714285714285714,1.0,,,,,1.0,,,,,,,,1.7,,1.7894736842105263,,1.5555555555555556,,1.3076923076923077,,1.6363636363636365,
Paulo Baya,Goiás,36.45445145701659,"R$ 1.597.500,00",1.0,0.0,1.2727272727272727,1.0,0.0,0.08695652173913043,1.6363636363636365,13.285714285714286,6.9750000000000005,0.0,1.5,2.5416666666666665,1.0714285714285714,1.6923076923076923,2.1052631578947367,1.1818181818181819,184.0,25.0,10.714285714285714,1.1764705882352942,0.0,3.076923076923077,1.0,1.2857142857142858,1.25,,,,,0.0,,,,,,,,1.7777777777777777,,1.0,,0.0,,1.25,,1.0,
Diego Torres,Amazonas FC,36.028328524252494,"R$ 639.000,00",1.0,0.0,1.5,1.0,0.0,0.19047619047619047,2.1904761904761907,22.4,7.028,0.0,1.1428571428571428,2.3157894736842106,1.1666666666666667,1.5294117647058822,2.35,1.0,174.0,33.0,8.44,1.8333333333333333,1.0,2.95,1.6,1.2,1.0,,,,,0.0,,,,,,,,1.5555555555555556,,1.5333333333333334,,1.0,,1.0,,1.0,
Jean Victor,Botafogo-SP,35.85358629871064,"R$ 319.500,00",1.0,0.0,2.5,1.0,0.0,0.08333333333333333,1.4666666666666666,18.153846153846153,6.751851851851852,0.0,1.4545454545454546,3.15,1.8333333333333333,1.5833333333333333,1.55,1.0,180.0,30.0,10.461538461538462,1.0,0.0,2.782608695652174,1.3529411764705883,1.1428571428571428,1.0,,,,,0.0,,,,,,,,1.9090909090909092,,1.6923076923076923,,1.0,,1.5,,1.5454545454545454,
Lucas Mugni,Ceará,34.60012561100055,"R$ 1.917.000,00",1.0,0.0,1.0,1.0,0.0,0.19047619047619047,1.9090909090909092,16.46153846153846,6.996153846153846,0.0,1.375,3.9130434782608696,1.625,1.7222222222222223,2.238095238095238,1.0,184.0,32.0,11.192307692307692,1.3125,2.0,3.7916666666666665,1.6666666666666667,1.9,1.1666666666666667,,,,,0.0,,,,,,,,1.6363636363636365,,2.9375,,1.0,,1.5833333333333333,,1.1818181818181819,
Bruno Henrique,Internacional,34.55802227420114,"R$ 11.502.000,00",1.0,0.17784375,1.2857142857142858,1.25,0.10737355590909092,0.037037037037037035,1.5333333333333334,23.464285714285715,6.878571428571428,0.0,1.1333333333333333,3.375,1.4666666666666666,1.4615384615384615,1.9230769230769231,1.0,180.0,34.0,8.357142857142858,1.5555555555555556,1.0,4.384615384615385,1.8571428571428572,1.8,1.0,,,,,0.0,,,,,,,,1.5333333333333334,,1.65,,1.1666666666666667,,1.25,,1.375,
Maxwell,Operário-PR,34.382933008767715,"R$ 639.000,00",1.0,0.0,1.3125,1.5,0.0,0.0,1.6428571428571428,14.692307692307692,7.050000000000001,0.0,2.2,4.72,1.3,1.5,1.0,1.5,178.0,29.0,9.76,1.5384615384615385,0.0,4.52,1.3125,1.8461538461538463,1.2857142857142858,,,,,0.0,,,,,,,,1.5333333333333334,,1.9444444444444444,,1.0,,2.0,,1.1666666666666667,
Tchê Tchê,Botafogo,33.963074264386435,"R$ 11.502.000,00",0.0,0.05595454545454546,1.0,1.2,0.07999655529411764,0.0,1.5454545454545454,24.48148148148148,6.777777777777778,0.0,1.2307692307692308,2.130434782608696,1.1666666666666667,1.25,3.1875,1.25,175.0,32.0,5.615384615384615,1.3076923076923077,0.0,2.4166666666666665,1.6,1.3333333333333333,0.0,,,,,0.0,,,,,,,,1.3571428571428572,,1.1428571428571428,,0.0,,1.0,,1.5,
Fernando,Internacional,33.55862383360347,"R$ 2.875.500,00",1.0,0.06766666666666667,1.0,0.0,0.045580164,0.0,1.1666666666666667,41.3,6.959999999999999,0.0,1.1428571428571428,3.526315789473684,2.0714285714285716,0.0,2.857142857142857,1.0,183.0,37.0,5.315789473684211,1.0,1.0,3.235294117647059,1.8333333333333333,1.1428571428571428,1.0,,,,,0.0,,,,,,,,1.9,,2.230769230769231,,1.0,,1.0,,1.6666666666666667,
Fellipe Mateus,Criciúma,31.77143877081127,"R$ 2.236.500,00",1.5,0.0989125,1.2727272727272727,1.0,0.052749519,0.0,1.3846153846153846,19.875,7.004166666666666,0.0,2.5,5.636363636363637,1.8125,1.5,1.6875,1.0,178.0,33.0,8.416666666666666,1.8125,2.0,4.909090909090909,1.5333333333333334,1.5833333333333333,2.0,,,,,1.0,,,,,,,,1.6,,1.9285714285714286,,1.0,,1.7692307692307692,,1.3,
Marcinho,Chapecoense,31.45127285281021,"R$ 2.875.500,00",1.0,0.0,1.0,2.0,0.0,0.13636363636363635,1.9523809523809523,17.807692307692307,6.888461538461538,0.0,1.411764705882353,3.9565217391304346,1.6923076923076923,1.7,1.6470588235294117,1.6666666666666667,176.0,29.0,11.846153846153847,1.8823529411764706,0.0,5.72,1.5,1.6,1.0,,,,,0.0,,,,,,,,1.9090909090909092,,1.411764705882353,,0.0,,1.5,,1.125,
Airton,Guarani,31.28397400261497,"R$ 1.597.500,00",1.0,0.0,1.2727272727272727,1.0,0.0,0.11764705882352941,1.6,10.85,6.93,1.0,1.6666666666666667,3.8,1.4166666666666667,1.8571428571428572,1.1666666666666667,1.3333333333333333,178.0,25.0,9.65,1.4666666666666666,1.0,4.7,1.3846153846153846,1.4444444444444444,1.1666666666666667,,,,,0.0,,,,,,,,1.8333333333333333,,1.5,,0.0,,1.6,,1.0,
João Victor,Guarani,30.66929296882972,"R$ 31.950.000,00",1.0,0.0,1.7857142857142858,0.0,0.0,0.041666666666666664,1.5333333333333334,18.115384615384617,6.961538461538462,1.0,1.0909090909090908,2.8333333333333335,1.4,1.25,1.7272727272727273,1.8,177.0,25.0,9.153846153846153,1.6,0.0,3.6,1.4285714285714286,1.0909090909090908,1.0,,,,,0.0,,,,,,,,1.9375,,1.3846153846153846,,0.0,,1.6,,1.1,
Negueba,Mirassol,29.914574281881897,"R$ 2.875.500,00",1.0,0.0,1.4444444444444444,1.0,0.0,0.058823529411764705,1.3571428571428572,14.428571428571429,6.89047619047619,0.0,1.4444444444444444,2.6315789473684212,1.0,1.2,1.2222222222222223,1.4285714285714286,175.0,24.0,9.047619047619047,1.5833333333333333,1.0,3.9523809523809526,1.5,1.1428571428571428,1.0,,,,,0.0,,,,,,,,1.8666666666666667,,1.7142857142857142,,1.5,,1.6,,1.1666666666666667,
Christian Ortíz,Sport Recife,29.869577714089,"R$ 4.473.000,00",1.0,0.0,1.0769230769230769,1.0,0.0,0.16666666666666666,1.8666666666666667,17.307692307692307,7.06923076923077,0.0,1.4761904761904763,3.36,1.3636363636363635,1.8,2.0,1.25,170.0,32.0,10.153846153846153,1.5,1.0,4.583333333333333,1.894736842105263,1.2,1.0,,,,,0.0,,,,,,,,2.0526315789473686,,1.6875,,1.25,,1.2222222222222223,,1.0,
Gregore,Botafogo,29.73278346938385,"R$ 19.170.000,00",0.0,0.03348888888888889,1.0,1.0,0.05390045157894737,0.09523809523809523,1.125,34.74074074074074,6.874074074074074,1.0,1.4444444444444444,4.666666666666667,2.0588235294117645,1.0,1.8333333333333333,1.0,181.0,30.0,5.4,1.8333333333333333,0.0,5.333333333333333,3.1666666666666665,2.4285714285714284,1.0,,,,,0.0,,,,,,,,1.9230769230769231,,2.92,,1.1666666666666667,,1.0,,1.6153846153846154,
Neto Moura,Mirassol,29.42025879061836,"R$ 5.112.000,00",0.0,0.0,1.0,0.0,0.0,0.0,1.2857142857142858,29.307692307692307,6.911538461538461,0.0,1.2941176470588236,3.0,1.5,0.0,3.05,0.0,176.0,28.0,6.92,1.0,0.0,2.9545454545454546,1.5789473684210527,1.3636363636363635,0.0,,,,,0.0,,,,,,,,1.4545454545454546,,1.9047619047619047,,1.25,,1.0,,1.5714285714285714,
Allan,Flamengo,28.50526596405933,"R$ 38.340.000,00",0.0,0.025042857142857144,1.0,0.0,0.02710260894736842,0.0,1.1818181818181819,31.32,6.730769230769231,0.0,1.4444444444444444,3.15,1.4615384615384615,0.0,2.789473684210526,1.0,172.0,27.0,5.64,1.0,0.0,2.9166666666666665,2.3333333333333335,1.2222222222222223,0.0,,,,,1.0,,,,,,,,1.1666666666666667,,2.1538461538461537,,1.3333333333333333,,1.0,,1.3846153846153846,
Esli García,Paysandu SC,26.826422709432904,"R$ 1.917.000,00",1.0,0.0,1.1666666666666667,1.0,0.0,0.0,1.4,10.592592592592593,6.866666666666667,1.0,1.4705882352941178,2.772727272727273,1.0,1.625,1.9166666666666667,1.0,163.0,24.0,8.555555555555555,1.8333333333333333,0.0,3.6296296296296298,1.3846153846153846,1.7142857142857142,1.4,,,,,0.0,,,,,,,,1.4285714285714286,,1.4545454545454546,,1.0,,1.4166666666666667,,1.6,
Willian Maranhão,Avaí,26.60614331144732,"R$ 6.390.000,00",1.0,0.0,1.0,0.0,0.0,0.0,1.0,27.8,6.78,0.0,1.3333333333333333,3.590909090909091,1.8125,1.0,2.0625,1.0,179.0,28.0,7.6,1.0,1.0,3.5,2.3,1.0,0.0,,,,,0.0,,,,,,,,1.4,,1.9411764705882353,,1.375,,1.25,,1.7272727272727273,
Léo Pereira,CRB,24.350521679208356,"R$ 57.510.000,00",1.25,0.0,1.2666666666666666,1.0,0.0,0.04,1.6923076923076923,10.137931034482758,6.927586206896552,0.0,1.96,5.0,1.0909090909090908,1.5,1.3636363636363635,1.5384615384615385,172.0,24.0,12.758620689655173,2.0,1.0,6.551724137931035,2.074074074074074,1.3333333333333333,1.3333333333333333,,,,,0.0,,,,,,,,1.75,,2.125,,0.0,,1.736842105263158,,1.3333333333333333,
Pedro Castro,Avaí,23.98267503015029,"R$ 2.556.000,00",1.0,0.0,1.0,0.0,0.0,0.0,1.5714285714285714,23.0,6.947826086956522,0.0,1.7857142857142858,3.0,1.2727272727272727,1.5,2.25,1.3333333333333333,180.0,31.0,10.391304347826088,1.2727272727272727,0.0,2.9130434782608696,1.2727272727272727,1.3333333333333333,1.2,,,,,0.0,,,,,,,,1.75,,1.6153846153846154,,1.1428571428571428,,1.0,,1.5,
Juninho,América Mineiro,23.671987721354814,"R$ 639.000,00",1.0,0.0,1.0,1.0,0.0,0.1111111111111111,1.7058823529411764,20.06451612903226,6.935483870967742,1.0,1.7894736842105263,3.28,1.2727272727272727,1.25,1.4444444444444444,1.0,173.0,36.0,9.258064516129032,1.25,1.0,3.066666666666667,1.5263157894736843,1.2222222222222223,1.3333333333333333,,,,,0.0,,,,,,,,1.263157894736842,,1.4210526315789473,,1.1666666666666667,,1.0,,1.3571428571428572,
Maurício Garcez,Avaí,23.059801963201945,"R$ 6.390.000,00",1.0,0.0,1.25,1.0,0.0,0.041666666666666664,1.7058823529411764,11.678571428571429,6.910714285714286,0.0,1.4705882352941178,5.038461538461538,3.2083333333333335,1.1428571428571428,1.1666666666666667,1.3,183.0,27.0,10.571428571428571,1.6153846153846154,1.5,5.444444444444445,1.2142857142857142,1.2222222222222223,1.1111111111111112,,,,,0.0,,,,,,,,3.3636363636363638,,1.1333333333333333,,1.0,,1.5,,1.1111111111111112,
Nenê,Juventude,22.655382940824044,"R$ 1.278.000,00",1.0,0.0983,1.0,1.0,0.15884112523809524,0.15,1.894736842105263,13.869565217391305,7.0,0.0,1.8888888888888888,2.9545454545454546,1.1428571428571428,2.611111111111111,2.111111111111111,1.0,181.0,43.0,14.227272727272727,1.2307692307692308,0.0,3.409090909090909,1.8888888888888888,1.6666666666666667,1.5,,,,,0.0,,,,,,,,1.4615384615384615,,1.1111111111111112,,1.0,,1.625,,1.0,
Chrystian Barletta,Sport Recife,22.50466854243116,"R$ 7.668.000,00",1.1666666666666667,0.0,1.1818181818181819,1.0,0.0,0.08695652173913043,1.6666666666666667,12.538461538461538,6.876923076923077,0.0,1.45,3.125,1.0,1.4444444444444444,1.4166666666666667,1.2727272727272727,178.0,23.0,12.538461538461538,1.9523809523809523,1.0,5.04,1.375,1.7777777777777777,1.0,,,,,0.0,,,,,,,,1.5,,1.4615384615384615,,1.5,,1.2352941176470589,,1.0,
Marcos Serrato,Brusque,22.416591275030708,"R$ 1.597.500,00",1.0,0.0,1.2,0.0,0.0,0.0,1.1333333333333333,32.75,6.771428571428571,0.0,1.4,3.9583333333333335,1.8571428571428572,1.0,3.5416666666666665,1.25,175.0,30.0,10.892857142857142,1.25,1.0,5.28,2.6666666666666665,1.2941176470588236,1.0,,,,,0.0,,,,,,,,1.631578947368421,,2.0454545454545454,,1.25,,1.6666666666666667,,1.8333333333333333,
Rodrigo,Ituano,22.0942864740683,"R$ 958.500,00",0.0,0.0,1.0,0.0,0.0,0.0,1.5,19.892857142857142,6.75,0.0,1.6,3.2857142857142856,1.4615384615384615,1.0,2.9523809523809526,0.0,176.0,30.0,4.703703703703703,1.0,0.0,2.8181818181818183,1.8125,2.0,0.0,,,,,0.0,,,,,,,,1.2,,1.9375,,1.375,,1.0,,1.8823529411764706,
Paulinho Moccelin,Brusque,21.143546838183866,"R$ 2.236.500,00",1.0,0.0,1.0,1.0,0.0,0.041666666666666664,2.1578947368421053,12.793103448275861,6.83,0.0,1.6111111111111112,3.36,1.1,1.5,1.4166666666666667,1.0,169.0,30.0,10.5,1.1875,0.0,3.896551724137931,1.894736842105263,1.6666666666666667,1.0,,,,,0.0,,,,,,,,1.4545454545454546,,1.9375,,1.3333333333333333,,1.1818181818181819,,1.0,
Lucas Silva,Cruzeiro,20.6760828183894,"R$ 5.112.000,00",1.0,0.06293636363636362,1.0,0.0,0.03446311380952381,0.0,1.3846153846153846,26.565217391304348,6.773913043478261,0.0,1.0714285714285714,2.5238095238095237,1.4545454545454546,1.0,1.8666666666666667,1.0,182.0,31.0,5.869565217391305,1.5,0.0,3.0476190476190474,1.3333333333333333,1.0833333333333333,0.0,,,,,1.0,,,,,,,,1.4545454545454546,,1.1,,1.3333333333333333,,1.3,,1.0,
Dentinho,Brusque,17.101697057624364,"R$ 639.000,00",1.0,0.0,1.2727272727272727,0.0,0.0,0.0,1.3636363636363635,20.0,6.790909090909091,0.0,1.8235294117647058,3.526315789473684,1.0,1.0,1.8181818181818181,1.0,183.0,27.0,9.272727272727273,1.7058823529411764,0.0,4.190476190476191,1.375,1.1428571428571428,2.0,,,,,0.0,,,,,,,,2.090909090909091,,2.0,,1.0,,1.5,,1.1818181818181819,
Emerson Santos,Ponte Preta,17.090224170629035,"R$ 1.278.000,00",1.0,0.0,1.0,0.0,0.0,0.022222222222222223,1.0,21.3265306122449,6.721276595744681,0.0,1.1666666666666667,3.35,1.8181818181818181,1.0,2.727272727272727,1.0,180.69387755102042,30.653061224489797,7.068181818181818,1.0769230769230769,1.0,3.2195121951219514,1.7428571428571429,1.375,1.0,,,,,0.0,,,,,,,,1.6666666666666667,,2.2,,1.5,,1.0,,1.3448275862068966,
Foguinho,Chapecoense,17.065105469132885,"R$ 1.917.000,00",1.0,0.0,1.0,1.0,0.0,0.08333333333333333,1.2857142857142858,17.666666666666668,6.681481481481482,0.0,1.5714285714285714,3.0,1.1111111111111112,1.3333333333333333,2.0,1.0,180.0,32.0,7.846153846153846,1.3333333333333333,0.0,3.7037037037037037,2.1,1.75,1.0,,,,,0.0,,,,,,,,1.4444444444444444,,1.8125,,1.1666666666666667,,2.0,,1.3333333333333333,
Ralf,Vila Nova FC,15.21839242220373,"R$ 958.500,00",0.0,0.0,0.0,1.0,0.0,0.047619047619047616,1.0,30.791666666666668,6.779166666666666,0.0,1.3,2.45,1.6363636363636365,1.0,3.409090909090909,0.0,184.0,40.0,6.739130434782608,1.0,0.0,2.111111111111111,1.4444444444444444,1.125,0.0,,,,,0.0,,,,,,,,1.1,,1.2727272727272727,,1.5,,1.0,,1.6153846153846154,
Chico,Mirassol,12.980838384757694,"R$ 3.195.000,00",0.0,0.0,1.0,1.0,0.0,0.0,1.875,13.724137931034482,6.783333333333333,0.0,2.1923076923076925,3.413793103448276,1.4545454545454546,1.75,1.2857142857142858,1.0,174.0,33.0,7.533333333333333,1.25,0.0,3.925925925925926,1.7692307692307692,1.4545454545454546,1.0,,,,,0.0,,,,,,,,1.6,,1.7777777777777777,,1.0,,1.0,,1.1428571428571428,
Marlon,Novorizontino,3.567713474558518,"R$ 31.950.000,00",1.0,0.0,1.1818181818181819,0.0,0.0,0.043478260869565216,1.7,17.51851851851852,6.71111111111111,0.0,1.3846153846153846,2.9565217391304346,1.0833333333333333,1.4,2.0,1.0,175.0,34.0,9.444444444444445,1.2666666666666666,1.0,4.2,2.1578947368421053,1.5,1.0,,,,,0.0,,,,,,,,1.4285714285714286,,2.0,,1.0,,1.0,,1.3333333333333333,
Thomás,Chapecoense,0.0,"R$ 1.917.000,00",0.0,0.0,1.2,0.0,0.0,0.0,1.4166666666666667,12.307692307692308,6.696153846153846,0.0,2.3125,3.0,1.0,1.0,1.6363636363636365,1.5,179.0,31.0,6.956521739130435,1.5,0.0,3.9545454545454546,2.0,1.6666666666666667,1.0,,,,,0.0,,,,,,,,1.4666666666666666,,1.7692307692307692,,1.0,,1.25,,1.0,
