name,height,age,totalPass,accuratePass,totalLongBalls,accurateLongBalls,goalAssist,goals,minutesPlayed,rating,touches,possessionLostCtrl,expectedGoals,expectedAssists,aerialLost,aerialWon,duelLost,duelWon,onTargetScoringAttempt,totalClearance,totalTackle,wasFouled,fouls,totalCross,accurateCross,outfielderBlock,goodHighClaim,savedShotsFromInsideTheBox,saves,challengeLost,totalContest,wonContest,bigChanceMissed,shotOffTarget,interceptionWon,keyPass,dispossessed,blockedScoringAttempt,bigChanceCreated,penaltyWon,totalOffside,goalsPrevented,penaltyConceded,cbf_ranking_2024
Adriano Martins,193.0,27.0,40.2,33.8,7.5,4.428571428571429,0.0,0.0,2663.0,6.993333333333334,52.63333333333333,7.533333333333333,0.09421,0.0177929647058823,1.8333333333333333,1.9259259259259256,3.0,3.857142857142857,1.2,4.4,1.947368421052632,1.2,1.875,1.0,1.0,1.4210526315789471,0.0,0.0,0.0,1.1428571428571428,1.25,1.125,1.0,1.3333333333333333,2.0384615384615383,1.0,1.0,1.0,0.0,0.0,1.0,0.0,1.0,17
Adson,171.0,24.0,29.375,25.58333333333333,1.5,1.3,0.0555555555555555,1.0,1526.0,7.016666666666667,41.91666666666666,8.291666666666666,0.1174153846153846,0.1792455322222222,1.2307692307692308,1.25,3.863636363636364,4.090909090909091,1.4285714285714286,1.0,2.076923076923077,1.6666666666666667,1.4285714285714286,1.588235294117647,1.2,1.0,0.0,0.0,0.0,1.1538461538461535,3.0,2.2,1.0,1.5555555555555556,1.125,2.0,1.4166666666666667,1.0,1.0,0.0,0.0,0.0,0.0,15
Agustín Canobbio,175.0,26.0,22.5,18.65,1.5,1.1666666666666667,0.0588235294117647,1.0,1417.0,7.095000000000001,40.25,10.35,0.2371230769230769,0.1188724292307692,1.1111111111111112,1.1428571428571428,5.166666666666667,5.315789473684211,1.8888888888888888,1.125,2.375,3.1818181818181817,1.5,2.533333333333333,1.3333333333333333,1.0,0.0,0.0,0.0,1.9230769230769231,2.857142857142857,1.6666666666666667,1.6666666666666667,1.5,1.2,2.1818181818181817,1.6875,1.5,1.0,0.0,1.25,0.0,0.0,6
Airton,178.0,25.0,14.9,10.85,1.6,1.1666666666666667,0.1176470588235294,1.0,1379.0,6.93,28.05,9.65,0.0,0.0,1.8333333333333333,1.4166666666666667,4.7,3.8,1.2727272727272727,1.0,1.5,1.6666666666666667,1.3846153846153846,2.555555555555556,1.8571428571428568,0.0,0.0,0.0,0.0,1.4444444444444444,2.055555555555556,1.6,1.0,1.7777777777777777,1.0,1.6,1.4666666666666666,1.3333333333333333,1.0,1.0,1.1666666666666667,0.0,0.0,38
Alan Empereur,186.0,30.0,51.52,43.76,10.6,5.666666666666667,0.0,0.0,2146.0,6.936,61.2,9.04,0.0548222222222222,0.0258436204761904,2.111111111111111,2.1052631578947367,2.952380952380953,3.5,1.0,3.909090909090909,1.7,1.4444444444444444,1.25,1.25,1.0,1.125,0.0,0.0,0.0,1.125,1.0,1.0,0.0,1.0,1.75,1.4545454545454546,1.0,1.2,1.0,0.0,0.0,0.0,0.0,20
Alan Franco,174.0,26.0,33.26923076923077,28.46153846153846,1.826086956521739,1.25,0.0,0.0,1969.0,6.861538461538462,41.92307692307692,6.538461538461538,0.1002,0.1101813968749999,1.5833333333333333,1.5555555555555556,3.1666666666666665,3.44,1.0,1.6363636363636365,2.294117647058824,1.3846153846153846,1.809523809523809,1.0909090909090908,1.0,1.0,0.0,0.0,0.0,1.1428571428571428,1.5,1.0,1.0,1.125,1.2777777777777777,1.1428571428571428,1.2857142857142858,1.25,1.0,1.0,0.0,0.0,0.0,5
Alan Franco,183.0,28.0,55.95454545454545,50.63636363636363,6.0,3.65,0.05,0.0,1851.0,6.873913043478261,62.130434782608695,6.318181818181818,0.1554333333333333,0.0135538777777777,2.1666666666666665,2.8125,3.5,4.095238095238095,0.0,3.333333333333333,1.7142857142857142,1.25,1.5714285714285714,1.0,0.0,1.3,0.0,0.0,0.0,1.3,1.5555555555555556,1.5,1.0,1.0,1.5555555555555556,1.0,1.0,1.25,0.0,0.0,1.0,0.0,0.0,2
Alan Ruschel,175.0,35.0,34.07407407407408,28.55555555555556,3.3461538461538463,2.380952380952381,0.0769230769230769,1.0,2306.0,6.885185185185185,59.25925925925926,12.62962962962963,0.0808222222222222,0.0754047289999999,1.375,1.625,4.444444444444445,5.407407407407407,1.0,2.227272727272727,2.6923076923076925,2.15,1.7,3.04,1.6666666666666667,1.3,0.0,0.0,0.0,2.0588235294117645,1.4705882352941178,1.2857142857142858,0.0,1.0,1.894736842105263,1.411764705882353,1.2142857142857142,1.0,1.0,0.0,1.0,0.0,1.0,18
Alejo Cruz,169.0,24.0,21.103448275862068,16.689655172413794,2.647058823529412,1.9230769230769231,0.0384615384615384,1.0,1642.0,6.966666666666667,35.06666666666667,10.827586206896552,0.16185,0.122779956,2.0,1.4545454545454546,3.9130434782608696,3.52,1.0,1.75,1.7058823529411764,1.9230769230769231,1.3636363636363635,5.555555555555555,1.9565217391304348,1.0,0.0,0.0,0.0,1.8571428571428568,2.117647058823529,1.5833333333333333,1.0,1.5,1.2857142857142858,2.260869565217391,1.875,1.0,1.25,0.0,1.0,0.0,0.0,17
Alerrandro,176.0,24.0,12.928571428571429,9.357142857142858,1.1666666666666667,1.1666666666666667,0.2083333333333333,1.1666666666666667,1801.0,7.0,22.178571428571427,6.615384615384615,0.304455,0.0479973945,2.909090909090909,2.0625,4.607142857142857,3.692307692307693,1.2666666666666666,1.3636363636363635,1.2142857142857142,2.2222222222222223,1.4375,1.25,0.0,1.0,0.0,0.0,0.0,1.181818181818182,1.0714285714285714,1.1666666666666667,1.0,1.2307692307692308,1.3333333333333333,1.2222222222222223,1.5714285714285714,1.2727272727272727,1.0,0.0,1.0,0.0,1.0,23
Alesson,173.0,25.0,21.37037037037037,15.74074074074074,2.4285714285714284,1.875,0.2,1.1666666666666667,2414.0,7.062962962962962,41.333333333333336,14.25925925925926,0.0,0.0,2.0869565217391304,1.25,7.555555555555555,5.4,1.8571428571428568,1.4,2.473684210526316,2.090909090909091,1.681818181818182,2.3076923076923075,1.1538461538461535,0.0,0.0,0.0,0.0,1.2857142857142858,3.3043478260869565,1.8,1.5,1.3076923076923077,1.2222222222222223,1.9565217391304348,2.2,1.125,1.6,0.0,1.6666666666666667,0.0,0.0,29
Alexander Barboza,193.0,29.0,43.47619047619048,35.23809523809524,6.684210526315789,2.647058823529412,0.0,0.0,1583.0,6.9,54.142857142857146,9.9,0.03476,0.0435029588888888,1.8571428571428568,3.294117647058824,3.526315789473684,4.578947368421052,1.0,4.833333333333333,1.75,1.3333333333333333,2.0625,0.0,0.0,1.6363636363636365,0.0,0.0,0.0,1.4,1.1666666666666667,1.2,0.0,1.1666666666666667,1.818181818181818,1.25,1.6666666666666667,1.0,1.0,0.0,1.0,0.0,1.0,8
Alexis Alvarino,184.0,23.0,48.04166666666666,38.458333333333336,11.956521739130435,5.318181818181818,0.0,1.0,2049.0,6.8625,55.583333333333336,10.5,0.0,0.0,2.4166666666666665,1.8666666666666667,2.571428571428572,2.421052631578948,1.0,3.45,1.5,1.0,1.0714285714285714,1.0,0.0,1.375,0.0,0.0,0.0,1.0,1.2,1.3333333333333333,0.0,1.0,1.2857142857142858,1.0,1.0,1.5,0.0,0.0,0.0,0.0,0.0,49
Allan,172.0,27.0,35.4,31.32,3.75,2.789473684210526,0.0,0.0,1460.0,6.730769230769231,40.88461538461539,5.64,0.0250428571428571,0.0271026089473684,1.1666666666666667,1.4615384615384617,2.9166666666666665,3.15,1.0,1.5,2.1538461538461537,1.4444444444444444,2.333333333333333,1.2,0.0,1.3333333333333333,0.0,0.0,0.0,1.2222222222222223,1.0909090909090908,1.0,0.0,1.0,1.3846153846153846,1.181818181818182,1.0,1.0,0.0,0.0,0.0,0.0,1.0,1
Alê,184.0,34.0,55.72413793103448,49.86206896551724,4.785714285714286,3.571428571428572,0.04,1.0,2452.0,7.179310344827586,66.37931034482759,8.75,0.0,0.0,1.5,1.2666666666666666,3.25,3.7586206896551726,1.181818181818182,1.411764705882353,1.8421052631578947,1.9583333333333333,1.6470588235294117,2.1666666666666665,1.1428571428571428,1.0,0.0,0.0,0.0,1.6,1.3571428571428572,1.6,1.0,1.0,1.3125,1.6666666666666667,1.2727272727272727,1.0,1.0,0.0,0.0,0.0,0.0,13
Anselmo Ramon,182.0,36.0,21.53125,15.96875,2.7096774193548385,2.0,0.0357142857142857,1.0,2488.0,6.978125,30.8125,9.15625,0.0,0.0,1.826086956521739,1.75,3.612903225806452,3.1379310344827585,1.2142857142857142,1.4166666666666667,1.2857142857142858,1.875,1.3157894736842106,1.7142857142857142,1.2,1.0,0.0,0.0,0.0,1.1111111111111112,1.4666666666666666,1.0,1.0,1.3157894736842106,1.0,1.619047619047619,1.5,1.0,1.0,0.0,1.1428571428571428,0.0,0.0,27
Aníbal Moreno,177.0,25.0,42.23333333333333,35.9,4.766666666666667,2.9285714285714284,0.0333333333333333,1.0,2238.0,6.943333333333333,53.16666666666666,8.8,0.0609833333333333,0.0411420861538461,1.7333333333333334,1.2857142857142858,4.103448275862069,3.5517241379310347,1.2,1.3333333333333333,1.96,1.6,1.263157894736842,1.4545454545454546,1.1666666666666667,1.0,0.0,0.0,0.0,1.8846153846153848,1.4,1.181818181818182,0.0,1.3333333333333333,2.2777777777777777,1.5833333333333333,1.7272727272727273,1.3333333333333333,1.0,0.0,1.0,0.0,0.0,3
Aylon,180.0,32.0,16.903225806451612,12.774193548387096,1.5263157894736843,1.1666666666666667,0.0769230769230769,1.125,2203.0,7.041935483870968,28.06451612903226,7.870967741935484,0.0,0.0,3.037037037037037,1.6363636363636365,5.67741935483871,3.8620689655172415,1.55,1.0,2.0,1.631578947368421,1.7727272727272727,1.6,1.0,1.0,0.0,0.0,0.0,1.3846153846153846,1.5,1.125,1.0,1.6153846153846154,1.2307692307692308,1.4,1.2777777777777777,1.181818181818182,1.0,0.0,1.0,0.0,0.0,22
Ayrton Lucas,180.0,27.0,33.63333333333333,28.466666666666665,3.32,2.4705882352941178,0.08,1.0,2182.0,6.965517241379311,53.86666666666667,11.4,0.0674666666666666,0.1128386926315789,1.6666666666666667,1.7058823529411764,4.444444444444445,4.678571428571429,1.2,1.5,1.947368421052632,1.75,1.5,2.7777777777777777,1.5,1.0,0.0,0.0,0.0,1.3846153846153846,2.333333333333333,1.7222222222222223,1.0,1.1333333333333333,1.25,1.3333333333333333,1.6666666666666667,1.2,1.0,0.0,1.0,0.0,1.0,1
Barreto,182.0,28.0,31.91304347826087,27.08695652173913,2.263157894736842,1.8125,0.0476190476190476,1.0,1827.0,6.873913043478261,43.82608695652174,7.130434782608695,0.2388199999999999,0.0518668915,1.5714285714285714,1.8125,4.391304347826087,4.681818181818182,1.1666666666666667,1.75,2.0,1.4285714285714286,2.2222222222222223,1.0,1.0,1.5,0.0,0.0,0.0,1.7142857142857142,1.6428571428571428,1.3636363636363635,1.0,1.0,1.2727272727272727,1.3,1.4615384615384617,1.25,1.0,0.0,1.0,0.0,1.0,26
Bastos,184.0,33.0,50.241379310344826,45.27586206896552,5.961538461538462,3.1666666666666665,0.0,1.0,2439.0,7.031034482758621,59.93103448275862,6.035714285714286,0.0873833333333333,0.0169473566666666,1.4375,2.3043478260869565,2.5172413793103448,3.703703703703704,1.0,4.0,1.8571428571428568,1.0,1.5238095238095235,1.0,1.0,1.4285714285714286,0.0,0.0,0.0,1.375,1.0,1.0,1.0,1.0,1.7857142857142858,1.3333333333333333,1.25,1.0,0.0,0.0,1.0,0.0,1.0,8
Bernardo Schappo,191.0,25.0,39.38461538461539,33.583333333333336,7.48,3.3043478260869565,0.0,1.0,1874.0,6.75,47.61538461538461,9.461538461538462,0.0,0.0,1.8666666666666667,2.6818181818181817,3.5,4.173913043478261,1.3333333333333333,2.9545454545454546,1.625,1.0,1.7333333333333334,1.0,0.0,1.3333333333333333,0.0,0.0,0.0,1.7777777777777777,1.0,1.0,1.5,1.5,1.0769230769230769,1.0,0.0,1.0,0.0,0.0,0.0,0.0,0.0,32
Breno Bidon,174.0,19.0,28.56,24.6,3.583333333333333,2.6666666666666665,0.05,1.0,1502.0,6.94,39.72,6.72,0.0863999999999999,0.0491659477777777,1.4,1.2222222222222223,3.391304347826087,3.75,1.0,1.5384615384615383,1.6875,1.55,1.7857142857142858,1.5,1.0,1.0,0.0,0.0,0.0,1.2307692307692308,1.9333333333333331,1.9090909090909087,1.0,1.2857142857142858,1.6923076923076923,1.4,1.7692307692307692,1.6,1.0,0.0,1.0,0.0,0.0,4
Bruno Fuchs,190.0,25.0,58.24,52.08,7.375,5.045454545454546,0.0416666666666666,0.0,1945.0,7.04,69.64,7.791666666666667,0.1911999999999999,0.056377871,1.5,1.8666666666666667,2.65,3.9583333333333335,1.5,3.5217391304347827,2.0,1.1666666666666667,1.5,1.2857142857142858,1.5,1.3,0.0,0.0,0.0,1.2857142857142858,1.2222222222222223,1.2857142857142858,1.0,1.0,2.066666666666667,1.125,1.0,1.0,1.0,0.0,0.0,0.0,0.0,5
Bruno Gomes,175.0,23.0,40.31818181818182,33.13636363636363,3.789473684210526,2.2,0.0476190476190476,1.0,1417.0,7.0181818181818185,57.36363636363637,11.045454545454543,0.0538666666666666,0.0547405263157894,1.4615384615384617,1.5,3.227272727272727,4.809523809523809,1.0,2.9166666666666665,2.388888888888889,1.875,1.6428571428571428,2.3846153846153846,1.0,1.0,0.0,0.0,0.0,1.3,1.4615384615384617,1.1,0.0,1.1666666666666667,1.4,1.2222222222222223,1.4285714285714286,1.0,1.0,1.0,0.0,0.0,0.0,12
Bruno Henrique,184.0,33.0,16.625,12.333333333333334,1.0,1.0,0.1052631578947368,1.2,1680.0,6.9875,30.875,9.166666666666666,0.2078315789473684,0.0731242947058823,2.4375,2.466666666666667,5.913043478260869,5.208333333333333,1.5,1.5,1.6428571428571428,2.260869565217391,1.7727272727272727,1.625,1.0,0.0,0.0,0.0,0.0,1.6,2.0,1.4545454545454546,1.0,1.3,1.4285714285714286,1.4545454545454546,1.411764705882353,1.181818181818182,1.0,1.0,1.0,0.0,0.0,1
Bruno Henrique,180.0,34.0,27.928571428571427,23.464285714285715,2.65,1.9230769230769231,0.037037037037037,1.0,1563.0,6.878571428571428,39.10714285714285,8.357142857142858,0.17784375,0.1073735559090909,1.5333333333333334,1.4666666666666666,4.384615384615385,3.375,1.2857142857142858,1.5555555555555556,1.65,1.1333333333333333,1.8571428571428568,3.631578947368421,1.4615384615384617,1.1666666666666667,0.0,0.0,0.0,1.8,1.6428571428571428,1.25,1.0,1.3076923076923077,1.375,1.5333333333333334,1.5555555555555556,1.0,1.25,0.0,1.0,0.0,0.0,12
Bruno Leonardo,187.0,28.0,41.43478260869565,32.34782608695652,9.045454545454543,4.0,0.0,1.0,1924.0,6.978260869565218,53.78260869565217,9.91304347826087,0.0,0.0,1.6428571428571428,3.0,3.4761904761904763,4.521739130434782,1.1666666666666667,6.181818181818182,1.8235294117647056,1.2,2.0,1.0,0.0,1.6666666666666667,0.0,0.0,0.0,1.4,1.2,1.3333333333333333,0.0,1.5,1.4705882352941178,1.25,1.0,1.0,0.0,0.0,1.0,0.0,0.0,30
Bruno Melo,183.0,31.0,47.77777777777778,41.03703703703704,7.592592592592593,3.769230769230769,0.0384615384615384,1.0,2401.0,6.9,58.51851851851852,8.74074074074074,0.0,0.0,1.9375,2.227272727272727,2.565217391304348,3.4,1.0,3.4,1.5,1.6,1.3636363636363635,2.090909090909091,1.75,1.1428571428571428,0.0,0.0,0.0,1.0,1.0,1.0,1.0,1.0,1.4285714285714286,1.0,1.0,1.5,1.0,0.0,1.3333333333333333,0.0,0.0,24
Bruno Zapelli,181.0,22.0,23.82758620689655,18.96551724137931,2.0,1.8333333333333333,0.1923076923076923,1.0,1615.0,7.027586206896552,38.689655172413794,11.310344827586206,0.1828857142857143,0.1482754904761904,1.625,2.142857142857143,4.821428571428571,4.423076923076923,1.4,1.4,1.619047619047619,1.7142857142857142,1.25,3.32,1.3571428571428572,1.0,0.0,0.0,0.0,1.5384615384615383,3.1818181818181817,2.263157894736842,1.0,1.1666666666666667,1.5,1.8695652173913044,2.5294117647058822,1.0,1.2,0.0,1.0,0.0,0.0,6
Cacá,185.0,25.0,44.2962962962963,39.25925925925926,5.962962962962963,3.8333333333333335,0.0434782608695652,1.0,2415.0,7.02962962962963,55.51851851851852,5.666666666666667,0.2687153846153846,0.014844913,2.2857142857142856,2.76,3.185185185185185,4.307692307692308,1.0,4.296296296296297,1.4736842105263157,1.2727272727272727,1.45,1.0,1.0,1.5,0.0,0.0,0.0,1.0,1.0,1.0,1.5,1.2857142857142858,1.3846153846153846,1.0,1.6666666666666667,1.0,0.0,0.0,0.0,0.0,1.0,4
Caio Alexandre,174.0,25.0,67.82352941176471,62.26470588235294,4.676470588235294,3.586206896551724,0.0,1.0,2786.0,6.961764705882352,78.88235294117646,8.558823529411764,0.0840727272727272,0.0696110722222222,1.181818181818182,1.1428571428571428,4.4375,4.258064516129032,1.0,1.5,2.4166666666666665,1.92,1.7307692307692308,1.5714285714285714,1.1666666666666667,1.0,0.0,0.0,0.0,1.9565217391304348,1.7222222222222223,1.2857142857142858,0.0,1.2857142857142858,1.181818181818182,1.6470588235294117,1.45,1.0,1.0,0.0,1.0,0.0,1.0,11
Caio Dantas,177.0,31.0,11.88888888888889,8.851851851851851,1.3846153846153846,1.0,0.0833333333333333,1.375,2095.0,6.988888888888888,23.96296296296296,8.72,0.0,0.0,3.217391304347826,1.5625,5.666666666666667,4.166666666666667,1.3846153846153846,1.375,1.125,2.571428571428572,1.7272727272727273,1.0,1.0,1.0,0.0,0.0,0.0,1.0,2.3,1.4444444444444444,1.3333333333333333,1.4166666666666667,1.125,1.588235294117647,2.0,1.3,0.0,1.0,1.0,0.0,0.0,38
Caique Gonçalves,178.0,29.0,46.25,41.95,4.111111111111111,3.411764705882353,0.0,0.0,1653.0,6.955,58.15,5.5,0.0235333333333333,0.0171173479999999,1.3636363636363635,1.8333333333333333,3.9444444444444446,5.8,0.0,2.3846153846153846,2.9411764705882355,1.8823529411764703,1.9230769230769231,1.0,1.0,1.0,0.0,0.0,0.0,1.4166666666666667,1.5,1.3,0.0,1.0,1.7857142857142858,1.2,1.125,1.0,0.0,0.0,0.0,0.0,1.0,18
Castro,191.0,29.0,38.5,30.4,5.052631578947368,2.8,0.0,1.0,1684.0,6.875,48.65,10.157894736842104,0.0,0.0,2.235294117647059,2.764705882352941,4.2631578947368425,5.0,1.3333333333333333,2.6,2.4615384615384617,1.25,1.5333333333333334,1.1666666666666667,1.0,1.1666666666666667,0.0,0.0,0.0,1.3333333333333333,1.6,1.375,0.0,1.0,1.1111111111111112,1.5,1.0,1.0,0.0,0.0,1.0,0.0,1.0,33
Cauan Barros,183.0,20.0,33.6,28.3,3.2222222222222223,2.6666666666666665,0.0526315789473684,1.0,1442.0,6.965000000000001,43.55,6.9,0.0,0.0,1.7272727272727273,1.875,4.55,4.842105263157895,1.0,1.75,2.2857142857142856,2.076923076923077,2.421052631578948,1.1666666666666667,0.0,1.5,0.0,0.0,0.0,1.6363636363636365,1.0,1.0,0.0,1.2,1.9166666666666667,1.125,1.25,1.25,1.0,0.0,0.0,0.0,0.0,49
Cauly,175.0,29.0,35.285714285714285,29.685714285714287,2.037037037037037,1.8636363636363635,0.1666666666666666,1.0,2613.0,6.974285714285714,48.285714285714285,12.085714285714284,0.1367249999999999,0.1313274857142857,1.181818181818182,1.0,3.914285714285714,2.966666666666667,1.3,1.2222222222222223,1.1111111111111112,1.4090909090909092,1.375,3.0,1.588235294117647,1.0,0.0,0.0,0.0,1.3,2.696969696969697,1.9090909090909087,1.0,1.3,1.3333333333333333,2.6,1.9565217391304348,1.3846153846153846,1.2,0.0,1.0,0.0,0.0,11
Chico,174.0,33.0,16.566666666666666,13.724137931034482,1.85,1.2857142857142858,0.0,0.0,1531.0,6.783333333333333,27.1,7.533333333333333,0.0,0.0,1.6,1.4545454545454546,3.925925925925926,3.413793103448276,1.0,1.2,1.7777777777777777,2.1923076923076925,1.7692307692307692,3.037037037037037,1.75,1.0,0.0,0.0,0.0,1.4545454545454546,1.5625,1.0,0.0,1.1428571428571428,1.1428571428571428,1.875,1.25,1.0,1.0,0.0,1.0,0.0,0.0,37
Chico,188.0,26.0,43.7,36.8421052631579,8.55,4.117647058823529,0.0,1.0,1439.0,6.8950000000000005,53.4,10.263157894736842,0.0,0.0,1.75,1.7272727272727273,1.8461538461538465,3.066666666666667,1.0,3.8125,1.5454545454545454,1.4,1.3333333333333333,1.0,1.0,1.5,0.0,0.0,0.0,1.0,1.0,1.0,1.0,1.0,1.125,1.0,1.0,1.0,0.0,0.0,0.0,0.0,0.0,25
Christian,178.0,23.0,22.166666666666668,18.08333333333333,1.6875,1.0833333333333333,0.0,1.0,1678.0,6.866666666666667,33.083333333333336,7.333333333333333,0.1002307692307692,0.0646684307692307,1.4166666666666667,1.5,4.090909090909091,3.739130434782609,1.1666666666666667,1.25,2.0,2.0,2.055555555555556,2.333333333333333,1.6666666666666667,1.0,0.0,0.0,0.0,1.4,1.7142857142857142,1.4285714285714286,1.0,1.1428571428571428,1.5,2.0,1.375,1.1111111111111112,1.0,0.0,1.25,0.0,0.0,6
Christian Ortíz,170.0,32.0,23.115384615384617,17.307692307692307,2.863636363636364,2.0,0.1666666666666666,1.0,1585.0,7.06923076923077,35.03846153846154,10.153846153846152,0.0,0.0,2.0526315789473686,1.3636363636363635,4.583333333333333,3.36,1.0769230769230769,1.0,1.6875,1.4761904761904765,1.894736842105263,3.782608695652174,1.8,1.25,0.0,0.0,0.0,1.2,1.4285714285714286,1.2222222222222223,1.0,1.25,1.0,1.8666666666666667,1.5,1.25,1.0,0.0,1.0,0.0,0.0,25
Chrystian Barletta,178.0,23.0,17.846153846153847,12.538461538461538,1.7333333333333334,1.4166666666666667,0.0869565217391304,1.1666666666666667,1784.0,6.876923076923077,33.19230769230769,12.538461538461538,0.0,0.0,1.5,1.0,5.04,3.125,1.181818181818182,1.6,1.4615384615384617,1.45,1.375,2.5217391304347827,1.4444444444444444,1.5,0.0,0.0,0.0,1.7777777777777777,2.16,1.2352941176470589,1.0,1.0909090909090908,1.0,1.6666666666666667,1.9523809523809523,1.2727272727272727,1.0,0.0,1.0,0.0,0.0,25
Claudinho,180.0,24.0,29.93103448275862,24.379310344827587,3.875,2.0,0.12,1.0,1876.0,6.93448275862069,47.06896551724138,9.551724137931034,0.0757928571428571,0.0750512472,1.2857142857142858,1.0,3.9615384615384617,3.269230769230769,1.0,1.75,2.571428571428572,1.0,1.1,2.625,1.1538461538461535,1.0,0.0,0.0,0.0,2.0,1.875,1.4615384615384617,1.0,1.25,1.8125,1.7272727272727273,1.3571428571428572,1.5,1.0,0.0,1.0,0.0,0.0,26
Claudinho,183.0,34.0,36.53846153846154,30.26923076923077,7.538461538461538,4.208333333333333,0.0416666666666666,0.0,2265.0,6.869230769230769,47.11538461538461,6.615384615384615,0.0,0.0,1.2941176470588236,2.56,2.2916666666666665,3.6538461538461537,1.0,5.72,1.15,1.4,1.5,1.0,0.0,2.0,0.0,0.0,0.0,1.3333333333333333,1.0,1.0,0.0,1.0,1.6,1.1666666666666667,1.0,1.0,1.0,0.0,1.0,0.0,0.0,34
Clayson,166.0,29.0,18.8,15.541666666666666,2.055555555555556,1.6428571428571428,0.0,1.3333333333333333,1467.0,6.76,32.04,10.2,0.1346428571428571,0.0800965172222222,1.0,1.0,3.96,2.375,1.5,1.8333333333333333,1.125,1.7222222222222223,1.2307692307692308,3.142857142857143,1.2857142857142858,1.0,0.0,0.0,0.0,1.4705882352941178,2.526315789473684,1.5,1.0,1.1428571428571428,1.1666666666666667,1.3333333333333333,1.2857142857142858,1.7142857142857142,1.0,1.0,1.0,0.0,0.0,20
Cuiabano,179.0,21.0,24.5,18.6,2.8823529411764706,1.3333333333333333,0.1176470588235294,1.0,1537.0,7.135,51.9,15.45,0.10335,0.03629977,1.5833333333333333,1.9333333333333331,4.8,5.65,1.3333333333333333,2.8,3.055555555555556,1.6923076923076923,2.25,4.8,1.3333333333333333,1.0,0.0,0.0,0.0,1.3,1.7692307692307692,1.4,1.3333333333333333,1.5,1.875,1.0,1.75,1.6666666666666667,1.0,0.0,0.0,0.0,1.0,8
Damián Suárez,172.0,36.0,28.15,21.7,4.2105263157894735,2.333333333333333,0.0666666666666666,0.0,1443.0,6.909999999999999,46.4,10.85,0.02586,0.08175375,1.4285714285714286,1.3333333333333333,4.052631578947368,3.611111111111111,0.0,1.9230769230769231,2.1875,1.0833333333333333,2.3076923076923075,3.5625,1.6363636363636365,1.0,0.0,0.0,0.0,1.5625,1.7777777777777777,1.5,0.0,1.2,1.1111111111111112,1.4666666666666666,1.0,1.0,1.0,0.0,1.0,0.0,0.0,8
Danielzinho,166.0,29.0,51.63333333333333,43.36666666666667,4.066666666666666,2.2758620689655173,0.0769230769230769,1.0,2633.0,7.319999999999999,68.63333333333334,13.466666666666669,0.0,0.0,2.0,1.5454545454545454,3.6538461538461537,4.689655172413793,1.0,2.272727272727273,1.5454545454545454,2.814814814814815,1.6,3.8461538461538463,1.588235294117647,1.0,0.0,0.0,0.0,1.0,1.5,1.5,0.0,1.1428571428571428,1.875,1.9583333333333333,1.7692307692307692,1.1,1.25,1.0,1.0,0.0,0.0,37
Danilo Boza,184.0,26.0,54.96,49.6,4.4,2.6818181818181817,0.0,1.0,2210.0,7.032,67.12,6.6,0.1088571428571428,0.0364855327272727,2.235294117647059,2.6956521739130435,2.75,4.375,1.0,4.416666666666667,1.4,1.5,1.0,1.5,0.0,1.75,0.0,0.0,0.0,1.181818181818182,1.3846153846153846,1.5714285714285714,1.0,1.2857142857142858,1.3888888888888888,1.0,1.0,1.0,0.0,0.0,0.0,0.0,0.0,18
David,179.0,28.0,19.11111111111111,14.592592592592592,1.8823529411764703,1.4166666666666667,0.1428571428571428,1.0,1861.0,6.851851851851852,31.55555555555556,9.555555555555555,0.1074411764705882,0.10034633,1.25,1.4,4.461538461538462,4.423076923076923,1.0,1.0909090909090908,1.5,1.8,1.7058823529411764,1.5833333333333333,1.0,1.0,0.0,0.0,0.0,1.3636363636363635,3.136363636363636,2.0,0.0,1.4166666666666667,1.125,1.5,1.8571428571428568,1.3,1.0,0.0,1.25,0.0,0.0,15
David Braz,187.0,37.0,44.32,36.68,8.875,4.318181818181818,0.0,0.0,2001.0,6.9,53.08,8.32,0.0,0.0,1.5555555555555556,1.8333333333333333,2.375,2.909090909090909,1.0,3.809523809523809,1.6153846153846154,1.0,1.3846153846153846,1.2,0.0,1.75,0.0,0.0,0.0,1.0,1.4285714285714286,1.1428571428571428,0.0,1.1666666666666667,1.7,1.1666666666666667,1.0,1.0,0.0,0.0,0.0,0.0,0.0,21
David Luiz,189.0,37.0,42.15,38.94736842105263,5.388888888888889,2.9444444444444446,0.0,1.0,1454.0,6.847368421052631,50.6,6.631578947368421,0.0753,0.0260853994117647,1.6,2.294117647058824,2.647058823529412,3.388888888888889,1.0,3.6666666666666665,1.8333333333333333,1.0,1.3571428571428572,1.0,1.0,1.3333333333333333,0.0,0.0,0.0,1.3333333333333333,1.4,1.0,0.0,1.0,1.1,1.0,1.25,1.3333333333333333,1.0,0.0,0.0,0.0,1.0,1
David Ricardo,188.0,22.0,47.73076923076923,37.34615384615385,9.76923076923077,4.5,0.0454545454545454,1.0,2212.0,6.93076923076923,57.73076923076923,11.653846153846152,0.0,0.0,1.8888888888888888,2.9565217391304346,2.958333333333333,5.08,1.0,3.272727272727273,1.6666666666666667,1.4705882352941178,1.2352941176470589,1.2857142857142858,1.0,1.2857142857142858,0.0,0.0,0.0,1.1666666666666667,1.0,1.0,0.0,1.6,2.083333333333333,1.2857142857142858,1.2,1.0,1.0,0.0,1.0,0.0,1.0,22
Dellatorre,186.0,32.0,12.0,8.481481481481481,1.5333333333333334,1.3333333333333333,0.0869565217391304,1.0,2074.0,6.948148148148148,19.88888888888889,6.185185185185185,0.0,0.0,2.2222222222222223,1.3571428571428572,3.12,2.5,1.5263157894736843,1.3333333333333333,1.2,1.3157894736842106,1.625,1.4,1.0,1.0,0.0,0.0,0.0,1.0,1.75,1.2857142857142858,1.1666666666666667,1.4444444444444444,1.0,1.125,1.3333333333333333,1.0,0.0,0.0,1.5333333333333334,0.0,0.0,37
Denilson,180.0,23.0,33.92,29.88,2.9565217391304346,2.125,0.1304347826086956,0.0,1687.0,6.928,45.2,7.52,0.0540230769230769,0.0750601455,1.2222222222222223,1.0,3.727272727272727,5.75,1.0,1.2222222222222223,2.625,1.3846153846153846,2.0,2.230769230769231,1.4,0.0,0.0,0.0,0.0,1.0,3.555555555555556,2.7777777777777777,0.0,1.1666666666666667,1.3333333333333333,1.7142857142857142,1.5,1.1666666666666667,1.5,0.0,0.0,0.0,1.0,20
Dentinho,183.0,27.0,24.045454545454547,20.0,1.85,1.818181818181818,0.0,1.0,1397.0,6.790909090909091,37.31818181818182,9.272727272727272,0.0,0.0,2.090909090909091,1.0,4.190476190476191,3.526315789473684,1.2727272727272727,1.2,2.0,1.8235294117647056,1.375,1.25,1.0,1.0,0.0,0.0,0.0,1.1428571428571428,2.0625,1.5,0.0,1.2,1.181818181818182,1.3636363636363635,1.7058823529411764,1.0,0.0,0.0,2.0,0.0,0.0,35
Diego Pituca,175.0,32.0,52.2,45.73333333333333,6.4,3.8333333333333335,0.1071428571428571,1.0,2561.0,7.133333333333334,64.26666666666667,9.3,0.0,0.0,1.5,1.6875,3.4074074074074074,3.7586206896551726,1.5,1.818181818181818,1.75,1.6363636363636365,1.5,1.5625,1.125,1.1428571428571428,0.0,0.0,0.0,1.2727272727272727,1.181818181818182,1.3333333333333333,1.0,1.3636363636363635,1.3,1.2941176470588236,1.3846153846153846,1.2857142857142858,1.0,0.0,0.0,0.0,1.0,16
Diego Torres,174.0,33.0,27.24,22.4,3.4347826086956523,2.35,0.1904761904761904,1.0,1446.0,7.028,36.24,8.44,0.0,0.0,1.5555555555555556,1.1666666666666667,2.95,2.3157894736842106,1.5,1.6,1.5333333333333334,1.1428571428571428,1.6,3.4166666666666665,1.5294117647058822,1.0,0.0,0.0,0.0,1.2,1.3333333333333333,1.0,1.0,1.375,1.0,2.1904761904761907,1.8333333333333333,1.0,1.0,0.0,1.0,0.0,0.0,49
Dieguinho,175.0,28.0,37.6551724137931,30.96551724137931,4.0,2.44,0.0416666666666666,1.0,2379.0,7.075862068965517,64.34482758620689,14.310344827586206,0.0,0.0,1.55,1.375,4.035714285714286,5.607142857142857,1.0,2.7916666666666665,2.1666666666666665,2.2,1.6428571428571428,3.0384615384615383,1.2857142857142858,1.0,0.0,0.0,0.0,1.125,2.761904761904762,1.6470588235294117,0.0,1.0,1.5789473684210529,1.4285714285714286,1.5384615384615383,1.5,1.0,0.0,0.0,0.0,0.0,21
Diogo Barbosa,180.0,32.0,36.55,31.15,2.25,1.4444444444444444,0.0,0.0,1381.0,6.734999999999999,52.75,9.736842105263158,0.0149333333333333,0.040026550625,1.25,2.0,3.263157894736842,3.8333333333333335,0.0,1.6666666666666667,1.9166666666666667,1.5,1.6666666666666667,2.0,1.2222222222222223,1.0,0.0,0.0,0.0,1.3333333333333333,2.1538461538461537,1.6,0.0,1.0,1.5,1.2307692307692308,1.5,1.0,0.0,0.0,2.0,0.0,0.0,7
Diogo Silva,187.0,29.0,45.9375,40.25,8.25,4.6875,0.0,0.0,1384.0,6.825,54.9375,6.25,0.0,0.0,1.5454545454545454,1.75,2.466666666666667,3.076923076923077,1.0,3.875,1.625,1.3333333333333333,1.5555555555555556,1.0,0.0,1.0,0.0,0.0,0.0,1.0,1.3333333333333333,1.0,1.0,1.1666666666666667,1.7142857142857142,1.0,1.0,0.0,0.0,0.0,1.0,0.0,1.0,49
Dodi,169.0,28.0,23.074074074074076,19.85185185185185,2.0,2.0,0.0833333333333333,0.0,1910.0,6.839285714285714,32.82142857142857,5.555555555555555,0.0684444444444444,0.0597003235294117,1.3333333333333333,1.0833333333333333,3.230769230769231,4.653846153846154,1.0,1.6666666666666667,2.636363636363636,1.5789473684210529,1.75,1.0,1.0,1.0,0.0,0.0,0.0,1.6,2.357142857142857,1.5384615384615383,1.0,1.0,1.8333333333333333,1.4,1.3076923076923077,1.1666666666666667,1.5,0.0,0.0,0.0,0.0,10
Dodô,170.0,23.0,17.03846153846154,14.0,1.9444444444444444,1.8,0.0416666666666666,1.0,1420.0,6.953846153846154,27.846153846153847,8.115384615384615,0.0,0.0,1.75,1.0,3.217391304347826,3.739130434782609,1.0909090909090908,1.0,1.125,3.05,1.3333333333333333,2.176470588235294,1.3333333333333333,0.0,0.0,0.0,0.0,1.0,1.9375,2.1666666666666665,1.5,1.3636363636363635,1.2857142857142858,1.3333333333333333,1.3846153846153846,1.4,1.0,1.0,1.25,0.0,0.0,33
Douglas,190.0,34.0,33.904761904761905,27.428571428571427,5.761904761904762,2.2,0.0,1.0,1809.0,6.8047619047619055,42.61904761904762,6.714285714285714,0.0,0.0,1.7857142857142858,2.473684210526316,2.2222222222222223,3.2,1.0,5.1,1.375,1.0,1.2307692307692308,2.0,1.0,1.2727272727272727,0.0,0.0,0.0,0.0,1.0,1.0,0.0,1.1428571428571428,1.6666666666666667,1.5,0.0,1.3333333333333333,0.0,0.0,0.0,0.0,1.0,38
Douglas Baggio,172.0,29.0,21.2,16.766666666666666,1.6111111111111112,1.2857142857142858,0.1111111111111111,1.0,2334.0,7.013333333333334,40.73333333333333,13.5,0.0,0.0,1.8,1.4166666666666667,5.965517241379311,5.758620689655173,1.3636363636363635,1.5,1.3157894736842106,3.689655172413793,1.7826086956521738,5.7,1.9523809523809523,1.0,0.0,0.0,0.0,1.4545454545454546,2.333333333333333,1.5,1.0,1.4285714285714286,1.0,2.1904761904761907,1.8,1.3571428571428572,1.3333333333333333,0.0,1.0,0.0,0.0,32
Douglas Mendes,189.0,20.0,32.526315789473685,25.94736842105263,6.647058823529412,3.1875,0.0,1.0,1437.0,6.9105263157894745,45.31578947368421,9.263157894736842,0.32136,0.016066287,1.8461538461538465,2.933333333333333,3.4,4.705882352941177,1.0,4.0,1.8571428571428568,1.0,2.0,1.25,0.0,1.5,0.0,0.0,0.0,1.0,1.6,1.6,0.0,1.4,1.818181818181818,1.0,0.0,1.0,0.0,0.0,1.0,0.0,0.0,14
Edson,183.0,33.0,39.0,34.208333333333336,6.476190476190476,4.333333333333333,0.05,1.0,1808.0,6.879166666666666,46.083333333333336,5.5,0.0,0.0,1.5833333333333333,1.7692307692307692,2.4347826086956523,2.523809523809524,1.0,2.526315789473684,1.8,1.3333333333333333,1.3571428571428572,1.0,0.0,1.8333333333333333,0.0,0.0,0.0,1.0,1.0,1.0,1.0,1.5,1.5384615384615383,1.25,1.0,1.25,1.0,0.0,1.0,0.0,1.0,21
Eduardo Sasha,173.0,32.0,17.714285714285715,12.19047619047619,1.625,1.3333333333333333,0.25,1.0,1516.0,6.971428571428572,27.571428571428573,8.904761904761905,0.21515,0.0907931489473684,4.05,2.6,6.3,4.380952380952381,1.5,1.1,1.0,1.9230769230769231,1.6,1.375,0.0,1.0,0.0,0.0,0.0,3.0,2.0,1.4285714285714286,1.25,1.4,1.3333333333333333,1.8,1.5,1.0,1.5,0.0,1.0,0.0,0.0,14
Elvis,172.0,34.0,34.5,26.73076923076923,4.8,3.5416666666666665,0.1666666666666666,1.0,1941.0,7.176923076923076,46.53846153846154,14.038461538461538,0.0,0.0,1.4444444444444444,1.0,2.6956521739130435,2.3,1.4,1.0,1.8333333333333333,1.6153846153846154,1.5263157894736843,6.28,2.136363636363636,0.0,0.0,0.0,0.0,2.0,1.5,1.1428571428571428,2.0,1.5,1.0,3.0434782608695654,1.3636363636363635,1.0,1.0,0.0,0.0,0.0,0.0,33
Emerson Santos,180.6938775510204,30.6530612244898,26.6734693877551,21.3265306122449,4.414634146341464,2.727272727272727,0.0222222222222222,1.0,2853.0,6.721276595744681,33.142857142857146,7.068181818181818,0.0,0.0,1.6666666666666667,1.818181818181818,3.2195121951219514,3.35,1.0,1.7586206896551724,2.2,1.1666666666666667,1.7428571428571429,1.2,1.0,1.5,0.0,0.0,0.0,1.375,1.181818181818182,1.0,1.0,1.0,1.3448275862068966,1.0,1.0769230769230769,1.0,0.0,0.0,1.0,0.0,0.0,33
Erick,176.0,26.0,34.06666666666667,29.83333333333333,3.3076923076923075,2.24,0.04,1.0,2259.0,6.976666666666668,47.93333333333333,6.758620689655173,0.1457125,0.0628299721052631,2.090909090909091,2.05,4.821428571428571,4.379310344827586,1.0,2.4285714285714284,1.7083333333333333,1.5,1.8571428571428568,1.25,1.0,1.25,0.0,0.0,0.0,1.5263157894736843,1.4375,1.1538461538461535,1.3333333333333333,1.4615384615384617,1.7727272727272727,1.4,1.25,1.1428571428571428,1.0,0.0,1.0,0.0,0.0,6
Erick Farias,172.0,27.0,15.181818181818182,11.969696969696969,1.3157894736842106,1.1538461538461535,0.1,1.0,2219.0,6.787878787878788,24.33333333333333,6.40625,0.1957411764705882,0.09174069625,1.875,1.3125,3.4827586206896552,2.6875,1.3076923076923077,1.3333333333333333,1.5294117647058822,1.1538461538461535,1.4166666666666667,1.5714285714285714,1.0,1.0,0.0,0.0,0.0,1.2,1.8636363636363635,1.7142857142857142,1.0,1.0,1.25,1.3333333333333333,1.8571428571428568,1.2,1.0,0.0,1.2,0.0,0.0,18
Erick Pulga,169.0,24.0,19.48275862068965,14.79310344827586,1.65,1.375,0.074074074074074,1.1111111111111112,2558.0,7.337931034482759,40.793103448275865,13.689655172413794,0.0,0.0,1.9523809523809523,1.5,5.724137931034483,6.275862068965517,1.368421052631579,1.181818181818182,1.6363636363636365,2.7586206896551726,1.6923076923076923,3.703703703703704,1.4375,1.0,0.0,0.0,0.0,1.6666666666666667,3.740740740740741,2.4,1.0,1.7777777777777777,1.1,1.9166666666666667,1.761904761904762,1.3125,1.25,1.0,1.4285714285714286,0.0,0.0,22
Erick Pulgar,186.0,30.0,44.95238095238095,39.57142857142857,2.6666666666666665,2.3846153846153846,0.0,0.0,1553.0,6.866666666666666,55.23809523809524,7.428571428571429,0.15314,0.0275421313333333,1.6666666666666667,2.3076923076923075,4.894736842105263,4.25,1.0,2.076923076923077,2.333333333333333,1.4285714285714286,2.117647058823529,1.0,1.0,1.2,0.0,0.0,0.0,1.7692307692307692,1.2,1.0,1.0,1.0,1.8,1.625,1.2727272727272727,1.0,1.0,0.0,0.0,0.0,0.0,1
Esli García,163.0,24.0,13.74074074074074,10.592592592592592,1.8888888888888888,1.9166666666666667,0.0,1.0,1406.0,6.866666666666667,24.62962962962963,8.555555555555555,0.0,0.0,1.4285714285714286,1.0,3.6296296296296298,2.772727272727273,1.1666666666666667,1.0,1.4545454545454546,1.4705882352941178,1.3846153846153846,3.571428571428572,1.625,1.0,0.0,0.0,0.0,1.7142857142857142,2.142857142857143,1.4166666666666667,0.0,1.2222222222222223,1.6,1.4,1.8333333333333333,1.0,1.0,1.0,1.4,0.0,0.0,41
Estêvão,176.0,17.0,19.76,16.08,1.5333333333333334,1.4,0.28,1.1111111111111112,1580.0,7.263999999999999,38.48,12.291666666666666,0.3375555555555555,0.1321267004761905,1.2307692307692308,1.5,6.56,5.125,1.8666666666666667,1.0,1.3529411764705883,1.9230769230769231,1.7857142857142858,2.5,1.5,0.0,0.0,0.0,0.0,1.4666666666666666,5.16,2.869565217391304,1.1666666666666667,1.4545454545454546,1.1666666666666667,1.9411764705882355,2.2777777777777777,1.4666666666666666,1.2857142857142858,1.0,1.4,0.0,0.0,3
Everaldo,181.0,33.0,13.969696969696969,10.363636363636363,1.2857142857142858,1.125,0.0769230769230769,1.0,2150.0,6.890909090909091,24.545454545454547,8.09375,0.242348,0.0507984495652173,1.565217391304348,2.333333333333333,4.40625,4.161290322580645,1.7142857142857142,1.25,1.5333333333333334,1.8,1.5789473684210529,1.7272727272727273,1.2857142857142858,1.0,0.0,0.0,0.0,1.3333333333333333,1.809523809523809,1.25,1.125,1.2,1.0,1.2222222222222223,1.6363636363636365,1.1666666666666667,1.0,0.0,1.0,0.0,0.0,11
Everton Morelli,185.0,26.0,27.53846153846154,21.76923076923077,3.217391304347826,2.4166666666666665,0.0,1.0,1625.0,6.934615384615385,37.11538461538461,8.75,0.0,0.0,1.8235294117647056,1.3888888888888888,3.9130434782608696,4.48,1.4,1.0909090909090908,2.4761904761904763,1.7777777777777777,2.0588235294117645,1.5714285714285714,1.6666666666666667,1.0,0.0,0.0,0.0,1.0,1.125,1.0,0.0,1.5,1.5714285714285714,1.0909090909090908,1.3,1.0,1.0,1.0,1.0,0.0,0.0,24
Everton Ribeiro,174.0,35.0,51.52941176470589,44.05882352941177,3.6666666666666665,2.7142857142857144,0.2142857142857142,1.0,2482.0,7.158823529411765,65.41176470588235,12.647058823529411,0.0725588235294117,0.1373798271428571,1.5384615384615383,1.3,5.212121212121212,4.424242424242424,1.0,1.3333333333333333,2.0384615384615383,2.034482758620689,1.5217391304347827,1.9047619047619049,1.2222222222222223,1.0,0.0,0.0,0.0,1.8571428571428568,2.1481481481481484,1.4375,1.0,1.25,1.5454545454545454,2.083333333333333,2.0,1.1666666666666667,1.1111111111111112,0.0,1.0,0.0,0.0,11
Ezequiel,179.0,31.0,28.952380952380956,24.23809523809524,3.684210526315789,1.7333333333333334,0.0,0.0,1609.0,6.895238095238096,49.71428571428572,12.142857142857142,0.0,0.0,1.5555555555555556,1.5833333333333333,3.111111111111111,3.5,1.0,3.0,1.9166666666666667,1.5384615384615383,1.7142857142857142,5.35,1.6666666666666667,1.0,0.0,0.0,0.0,2.25,1.0,1.0,0.0,0.0,1.0,1.7692307692307692,1.5,1.0,0.0,0.0,1.0,0.0,0.0,49
Fabiano,180.0,34.0,38.5,30.464285714285715,4.642857142857143,2.0,0.0,0.0,2406.0,6.807142857142857,56.92857142857143,12.5,0.0,0.0,1.8421052631578947,2.1818181818181817,3.36,3.571428571428572,1.0,3.52,1.55,1.3076923076923077,1.5384615384615383,1.6666666666666667,1.0,1.8333333333333333,0.0,0.0,0.0,1.2,1.3636363636363635,1.0,0.0,1.1,1.9166666666666667,1.0,1.2,1.25,0.0,0.0,1.0,0.0,0.0,49
Fabinho,181.0,24.0,19.258064516129032,15.258064516129032,1.807692307692308,1.6842105263157894,0.1153846153846153,1.0,1848.0,7.006451612903225,28.387096774193548,8.066666666666666,0.0,0.0,1.5,1.2727272727272727,3.1379310344827585,2.8846153846153846,1.4,1.0,1.0666666666666669,1.6666666666666667,1.3,1.4375,1.0,2.0,0.0,0.0,0.0,1.0,1.96,1.4705882352941178,1.0,1.375,1.6666666666666667,1.380952380952381,1.4615384615384617,1.1666666666666667,1.0,0.0,1.6666666666666667,0.0,0.0,13
Fabricio Domínguez,177.0,26.0,24.464285714285715,18.714285714285715,3.0,2.0,0.0833333333333333,1.1666666666666667,2288.0,7.117857142857143,39.785714285714285,10.5,0.0,0.0,1.3,1.7142857142857142,5.75,5.037037037037037,1.0833333333333333,1.1666666666666667,2.08,2.0,2.0416666666666665,1.7777777777777777,1.5,1.5,0.0,0.0,0.0,2.0588235294117645,2.1818181818181817,1.5,0.0,1.3636363636363635,2.0,1.5263157894736843,1.8571428571428568,1.3333333333333333,1.0,0.0,1.0,0.0,1.0,25
Fabrício Bruno,192.0,28.0,58.18518518518518,53.14814814814815,6.615384615384615,4.16,0.0,1.0,2307.0,7.074074074074074,66.85185185185185,5.769230769230769,0.06715,0.0420174638461538,1.6666666666666667,1.947368421052632,2.0,3.2,1.0,4.0,1.6666666666666667,1.1,1.0,1.25,1.0,1.5,0.0,0.0,0.0,1.0,1.0,1.0,0.0,1.0,1.4545454545454546,1.1666666666666667,0.0,1.3333333333333333,0.0,0.0,0.0,0.0,0.0,1
Falcão,183.0,26.0,36.03225806451613,30.193548387096776,4.142857142857143,2.6538461538461537,0.0357142857142857,0.0,2271.0,6.861290322580645,45.83870967741935,7.133333333333334,0.0,0.0,1.5294117647058822,2.066666666666667,4.096774193548387,4.931034482758621,1.0,1.681818181818182,2.333333333333333,2.35,2.0,1.0,1.0,1.2,0.0,0.0,0.0,1.7058823529411764,1.0,1.0,0.0,1.0,1.4444444444444444,1.1666666666666667,1.181818181818182,1.0,1.0,0.0,1.0,0.0,0.0,27
Felipe,184.0,30.0,52.32142857142857,46.17857142857143,6.928571428571429,4.964285714285714,0.0416666666666666,0.0,2374.0,7.05,62.46428571428572,8.0,0.0,0.0,1.2727272727272727,1.4736842105263157,2.7142857142857144,4.178571428571429,1.0,2.15,1.8333333333333333,1.8,1.7272727272727273,1.5714285714285714,1.3333333333333333,1.0,0.0,0.0,0.0,1.1666666666666667,1.2142857142857142,1.0,0.0,1.2222222222222223,1.4666666666666666,1.5,1.0,1.4,1.0,0.0,0.0,0.0,1.0,25
Fellipe Mateus,178.0,33.0,23.875,19.875,1.95,1.6875,0.0,1.5,1507.0,7.004166666666666,37.833333333333336,8.416666666666666,0.0989125,0.052749519,1.6,1.8125,4.909090909090909,5.636363636363637,1.2727272727272727,1.2222222222222223,1.9285714285714288,2.5,1.5333333333333334,2.142857142857143,1.5,1.0,0.0,0.0,0.0,1.5833333333333333,2.533333333333333,1.7692307692307692,2.0,1.1,1.3,1.3846153846153846,1.8125,1.0,1.0,0.0,2.0,0.0,1.0,26
Fernandinho,179.0,39.0,46.05,38.15,6.684210526315789,3.736842105263158,0.1764705882352941,1.0,1529.0,7.279999999999999,59.6,12.6,0.1592555555555555,0.1514953647058823,1.4545454545454546,1.9166666666666667,4.3,4.4,1.2,2.083333333333333,1.8666666666666667,1.6,1.8421052631578947,3.6,1.625,1.0,0.0,0.0,0.0,1.6666666666666667,1.6428571428571428,1.625,1.0,1.1666666666666667,1.625,2.235294117647059,1.4166666666666667,1.0,1.0,0.0,1.0,0.0,0.0,6
Fernandinho,174.0,27.0,18.11111111111111,14.555555555555555,1.3333333333333333,1.1,0.0869565217391304,1.0,1986.0,6.988888888888888,38.51851851851852,12.25925925925926,0.0,0.0,1.5833333333333333,1.3333333333333333,6.407407407407407,7.074074074074074,1.3333333333333333,1.0,1.8571428571428568,3.3181818181818183,1.894736842105263,2.2,1.1428571428571428,0.0,0.0,0.0,0.0,1.1666666666666667,5.538461538461538,3.0454545454545454,1.0,1.1,1.181818181818182,1.5,1.947368421052632,1.1111111111111112,1.3333333333333333,1.0,1.2857142857142858,0.0,0.0,37
Fernando,183.0,37.0,45.3,41.3,3.4705882352941178,2.857142857142857,0.0,1.0,1424.0,6.959999999999999,53.95,5.315789473684211,0.0676666666666666,0.045580164,1.9,2.071428571428572,3.235294117647059,3.526315789473684,1.0,2.933333333333333,2.230769230769231,1.1428571428571428,1.8333333333333333,0.0,0.0,1.0,0.0,0.0,0.0,1.1428571428571428,1.75,1.0,1.0,1.0,1.6666666666666667,1.1666666666666667,1.0,1.0,0.0,0.0,1.0,0.0,0.0,12
Fernando Sobral,178.0,29.0,28.923076923076923,23.53846153846154,4.043478260869565,2.9,0.0869565217391304,1.0,1556.0,7.046153846153846,43.19230769230769,9.461538461538462,0.12317,0.0803139209523809,1.5833333333333333,1.8888888888888888,3.32,4.826086956521739,1.0,2.0,2.636363636363636,1.5333333333333334,1.5,2.9047619047619047,1.6363636363636365,1.5,0.0,0.0,0.0,1.5,1.5714285714285714,1.4444444444444444,0.0,1.3333333333333333,1.6666666666666667,1.6923076923076923,1.0769230769230769,1.0,1.0,0.0,1.0,0.0,0.0,20
Foguinho,180.0,32.0,22.925925925925927,17.666666666666668,3.5217391304347827,2.0,0.0833333333333333,1.0,2066.0,6.681481481481482,31.703703703703702,7.846153846153846,0.0,0.0,1.4444444444444444,1.1111111111111112,3.703703703703704,3.0,1.0,1.4666666666666666,1.8125,1.5714285714285714,2.1,1.4166666666666667,1.3333333333333333,1.1666666666666667,0.0,0.0,0.0,1.75,1.5555555555555556,2.0,0.0,1.5454545454545454,1.3333333333333333,1.2857142857142858,1.3333333333333333,1.0,1.0,0.0,1.0,0.0,0.0,30
Franco Cristaldo,175.0,28.0,32.27586206896552,26.724137931034484,2.740740740740741,1.8571428571428568,0.0833333333333333,1.0,1964.0,7.36551724137931,47.86206896551724,12.06896551724138,0.222935,0.179267514,2.2222222222222223,1.6923076923076923,4.0,3.857142857142857,1.2777777777777777,1.2857142857142858,1.7777777777777777,1.9047619047619049,1.5,4.785714285714286,1.6666666666666667,1.0,0.0,0.0,0.0,1.5333333333333334,1.5333333333333334,1.1666666666666667,1.0,1.0909090909090908,1.3333333333333333,2.5,1.3888888888888888,1.2307692307692308,1.0,1.0,1.0,0.0,0.0,10
Fábio Alemão,184.0,28.0,52.70588235294117,45.41176470588236,8.411764705882353,4.4375,0.0,0.0,1513.0,6.982352941176471,63.52941176470589,8.647058823529411,0.0,0.0,1.6363636363636365,1.5,3.3529411764705883,3.588235294117647,1.0,3.533333333333333,2.333333333333333,1.2222222222222223,1.5333333333333334,1.0,1.0,1.3333333333333333,0.0,0.0,0.0,1.0,1.0909090909090908,1.0,1.0,1.0,1.3,1.0,1.0,0.0,1.0,0.0,0.0,0.0,0.0,27
Fábio Sanches,186.0,33.0,27.11111111111111,22.22222222222222,4.235294117647059,2.0,0.0,0.0,1444.0,6.683333333333334,34.611111111111114,5.222222222222222,0.0,0.0,1.5,1.5384615384615383,2.1538461538461537,2.533333333333333,1.0,4.571428571428571,1.5714285714285714,1.4,1.25,1.0,0.0,1.3333333333333333,0.0,0.0,0.0,1.0,0.0,0.0,0.0,1.0,1.3333333333333333,0.0,0.0,1.0,0.0,0.0,0.0,0.0,1.0,32
Félix Torres,187.0,27.0,42.11538461538461,35.73076923076923,4.28,2.523809523809524,0.0,0.0,2033.0,6.830769230769231,52.80769230769231,7.269230769230769,0.1096142857142857,0.0471466423076923,1.631578947368421,3.15,3.652173913043478,4.681818181818182,1.0,3.6666666666666665,2.0,1.0,1.55,1.0,1.0,1.2,0.0,0.0,0.0,1.5555555555555556,1.2857142857142858,1.0,1.0,1.0,2.25,1.0,1.0,1.0,1.0,0.0,1.0,0.0,0.0,4
Gabriel,178.0,34.0,38.55555555555556,32.592592592592595,4.307692307692308,3.142857142857143,0.0434782608695652,1.0,2008.0,6.992592592592593,47.5925925925926,8.615384615384615,0.0,0.0,1.5294117647058822,1.3076923076923077,2.44,2.88,1.0,1.6111111111111112,1.25,1.4736842105263157,1.2727272727272727,1.9285714285714288,1.4,1.5,0.0,0.0,0.0,1.2857142857142858,1.2307692307692308,1.3333333333333333,1.0,1.3846153846153846,1.2,1.5263157894736843,1.0,1.0,1.0,1.0,1.5,0.0,0.0,37
Gabriel Novaes,182.0,25.0,18.33333333333333,15.142857142857142,1.6666666666666667,1.5,0.1666666666666666,1.25,1613.0,7.104761904761904,32.523809523809526,8.80952380952381,0.0,0.0,2.111111111111111,1.9230769230769231,5.714285714285714,4.761904761904762,1.4,1.8333333333333333,1.5294117647058822,2.066666666666667,1.8333333333333333,1.0,1.0,1.0,0.0,0.0,0.0,1.3333333333333333,2.411764705882353,1.3846153846153846,1.0,1.5555555555555556,1.2,1.5333333333333334,2.2,1.1666666666666667,1.0,1.0,1.1666666666666667,0.0,0.0,33
Gabriel Risso Patrón,179.0,28.0,36.68181818181818,29.5,4.863636363636363,2.5789473684210527,0.0526315789473684,0.0,1690.0,6.845454545454545,58.04545454545455,13.272727272727272,0.0,0.0,1.4545454545454546,1.0,2.3684210526315788,2.764705882352941,0.0,2.333333333333333,1.8571428571428568,1.2,1.25,3.8947368421052633,1.25,1.25,0.0,0.0,0.0,1.1111111111111112,1.4166666666666667,1.25,0.0,1.3333333333333333,2.176470588235294,1.9090909090909087,1.0,1.0,0.0,0.0,1.0,0.0,0.0,33
Gabriel Xavier,190.0,23.0,64.9090909090909,57.27272727272727,6.484848484848484,2.875,0.0,0.0,2970.0,7.215151515151515,78.51515151515152,8.121212121212121,0.083,0.0118357326315789,2.217391304347826,3.9375,3.1818181818181817,6.181818181818182,1.0,5.545454545454546,2.1481481481481484,1.0714285714285714,1.64,1.0,0.0,1.631578947368421,0.0,0.0,0.0,1.3,1.0,1.0,1.0,1.0,2.0,1.0,1.0,1.0,0.0,0.0,1.0,0.0,0.0,11
Ganso,184.0,35.0,48.535714285714285,43.32142857142857,2.0,1.6666666666666667,0.2916666666666667,1.0,1998.0,7.207142857142857,59.21428571428572,8.714285714285714,0.16333,0.1188056052173913,1.3846153846153846,1.3,2.4285714285714284,3.1538461538461537,1.1111111111111112,1.125,1.6842105263157894,1.7058823529411764,1.2857142857142858,3.85,1.7333333333333334,1.0,0.0,0.0,0.0,1.2,1.4285714285714286,1.3,1.3333333333333333,1.0,1.181818181818182,2.571428571428572,1.0769230769230769,0.0,1.0,0.0,1.0,0.0,0.0,7
Gegê,171.0,30.0,38.6551724137931,31.448275862068964,4.206896551724138,3.16,0.1153846153846153,1.0,2346.0,7.206896551724138,54.172413793103445,13.448275862068966,0.0,0.0,1.2727272727272727,1.6666666666666667,3.2857142857142856,2.5,1.3125,1.3333333333333333,1.6428571428571428,1.5454545454545454,1.8,5.678571428571429,2.0454545454545454,1.25,0.0,0.0,0.0,1.4615384615384617,1.4615384615384617,1.25,1.0,1.5294117647058822,1.1666666666666667,2.130434782608696,1.4166666666666667,1.7142857142857142,1.0,0.0,1.0,0.0,1.0,27
Gerson,185.0,27.0,43.52941176470589,37.88235294117647,2.7,1.6538461538461535,0.1379310344827586,1.0,2637.0,7.211764705882352,57.91176470588236,10.242424242424242,0.1082882352941176,0.121691284074074,1.5454545454545454,1.6842105263157894,4.382352941176471,5.636363636363637,1.181818181818182,1.3846153846153846,2.565217391304348,2.066666666666667,1.565217391304348,1.7142857142857142,1.75,1.0,0.0,0.0,0.0,1.4615384615384617,2.5185185185185186,1.7,2.0,1.0,1.1666666666666667,2.3684210526315788,1.4444444444444444,1.4444444444444444,1.4,0.0,1.0,0.0,0.0,1
Gil,191.0,37.0,46.42857142857143,41.07142857142857,5.25,2.592592592592593,0.0,1.0,2515.0,6.964285714285714,53.17857142857143,5.821428571428571,0.0,0.0,1.7692307692307692,2.6153846153846154,2.1904761904761907,3.7777777777777777,1.1666666666666667,2.6956521739130435,1.4444444444444444,1.25,1.2307692307692308,1.0,0.0,1.5454545454545454,0.0,0.0,0.0,1.5,1.5,1.5,1.0,1.0,1.3125,1.0,1.0,1.0,0.0,0.0,1.25,0.0,0.0,16
Giovanni,173.0,30.0,31.607142857142858,25.25,4.444444444444445,2.96,0.0833333333333333,1.0,1987.0,7.051851851851852,41.96428571428572,10.555555555555555,0.0,0.0,1.9333333333333331,1.1428571428571428,3.8,3.56,1.1,1.0,1.5294117647058822,1.9047619047619049,1.4666666666666666,2.357142857142857,1.5,0.0,0.0,0.0,0.0,1.125,1.45,1.3636363636363635,1.0,1.5294117647058822,1.4,2.05,1.6428571428571428,1.125,1.0,0.0,1.0,0.0,0.0,28
Giuliano,172.0,34.0,32.0,27.91304347826087,2.3157894736842106,1.75,0.05,1.0,1755.0,7.239130434782608,39.69565217391305,6.043478260869565,0.0,0.0,1.8333333333333333,1.5,2.7,2.9545454545454546,1.25,1.1111111111111112,1.5,1.1428571428571428,1.4285714285714286,1.125,1.0,1.3333333333333333,0.0,0.0,0.0,1.0,1.6,1.6666666666666667,1.0,1.181818181818182,1.0,2.357142857142857,1.0,1.1428571428571428,1.0,0.0,1.0,0.0,0.0,16
Gonzalo Escobar,171.0,27.0,42.11111111111112,33.74074074074074,6.888888888888889,3.4,0.08,1.0,2316.0,7.066666666666667,65.22222222222223,15.37037037037037,0.0,0.0,1.4705882352941178,1.4,3.925925925925926,3.807692307692308,1.0,2.1666666666666665,2.333333333333333,1.4615384615384617,1.818181818181818,3.740740740740741,1.8235294117647056,1.3333333333333333,0.0,0.0,0.0,1.3636363636363635,1.3888888888888888,1.0,1.0,1.3333333333333333,2.0,1.5,1.3333333333333333,1.2,1.0,0.0,1.0,0.0,0.0,16
Gregore,181.0,30.0,38.55555555555556,34.74074074074074,3.28,1.8333333333333333,0.0952380952380952,0.0,1596.0,6.874074074074074,48.48148148148148,5.4,0.0334888888888888,0.0539004515789473,1.9230769230769231,2.0588235294117645,5.333333333333333,4.666666666666667,1.0,2.1666666666666665,2.92,1.4444444444444444,3.1666666666666665,1.0,1.0,1.1666666666666667,0.0,0.0,0.0,2.4285714285714284,1.0,1.0,0.0,1.0,1.6153846153846154,1.125,1.8333333333333333,1.0,1.0,1.0,1.0,0.0,0.0,8
Guilherme,178.0,29.0,29.83333333333333,24.0,3.090909090909091,2.2,0.2727272727272727,1.1666666666666667,1940.0,7.6,49.25,12.875,0.0,0.0,2.588235294117647,2.2857142857142856,4.583333333333333,5.25,1.4705882352941178,1.2307692307692308,2.375,2.1578947368421053,1.375,5.166666666666667,2.117647058823529,1.0,0.0,0.0,0.0,1.5,1.75,1.5,1.6666666666666667,1.9333333333333331,1.4545454545454546,2.0,1.3571428571428572,1.3,1.0,1.0,1.2,0.0,0.0,16
Guilherme Arana,176.0,27.0,54.71428571428572,48.42857142857143,4.5,2.823529411764706,0.2352941176470588,1.0,1678.0,7.423809523809524,74.71428571428571,12.333333333333334,0.0618666666666666,0.0948446153846153,1.8,1.6666666666666667,3.388888888888889,3.5789473684210527,1.4444444444444444,1.6666666666666667,1.875,1.3333333333333333,1.0769230769230769,4.428571428571429,1.5,1.0,0.0,0.0,0.0,1.0909090909090908,2.0,1.5714285714285714,1.0,1.2,1.7692307692307692,1.8666666666666667,1.3333333333333333,1.0,1.1666666666666667,0.0,1.0,0.0,0.0,5
Guilherme Romão,179.0,27.0,35.035714285714285,27.964285714285715,4.0,2.25,0.2272727272727272,1.0,2468.0,7.053571428571429,60.82142857142857,16.5,0.1067125,0.1060695082608695,2.0454545454545454,2.5217391304347827,4.285714285714286,5.714285714285714,1.1111111111111112,2.3076923076923075,1.6842105263157894,1.8333333333333333,1.4,2.923076923076923,1.8571428571428568,1.4,0.0,0.0,0.0,1.1,2.565217391304348,1.625,1.0,1.4,1.9285714285714288,1.8823529411764703,1.3,1.1,1.25,0.0,1.0,0.0,0.0,17
Gustavo Bochecha,173.0,28.0,26.82758620689655,22.448275862068964,4.083333333333333,2.9047619047619047,0.0769230769230769,1.0,1772.0,6.810344827586207,33.13793103448276,5.793103448275862,0.0,0.0,1.1111111111111112,1.1666666666666667,2.4347826086956523,2.16,1.0,1.1666666666666667,1.7647058823529411,1.25,1.3333333333333333,1.5,1.0,1.0,0.0,0.0,0.0,1.2307692307692308,1.0,1.0,0.0,1.2,1.5,1.3333333333333333,1.1428571428571428,1.0,1.0,0.0,0.0,0.0,0.0,32
Gustavo Coutinho,182.0,25.0,13.533333333333331,9.9,1.6,1.25,0.0769230769230769,1.0,1993.0,6.83,23.266666666666666,7.413793103448276,0.0,0.0,3.16,2.083333333333333,5.2,3.827586206896552,1.4375,1.2222222222222223,1.5833333333333333,1.6666666666666667,1.6363636363636365,1.0,1.0,1.0,0.0,0.0,0.0,1.6666666666666667,1.6875,1.75,1.4285714285714286,1.6666666666666667,1.0,1.1538461538461535,1.6,1.5555555555555556,1.0,0.0,1.25,0.0,0.0,25
Gustavo Gómez,185.0,31.0,45.45454545454545,37.72727272727273,5.7727272727272725,2.9,0.0909090909090909,1.0,1980.0,7.168181818181818,57.59090909090909,8.590909090909092,0.1647769230769231,0.0653568085714285,3.210526315789474,3.9047619047619047,4.727272727272728,5.818181818181818,1.0,4.045454545454546,1.45,1.5,2.3125,1.2,1.0,2.0,0.0,0.0,0.0,1.0,1.5,1.0,0.0,1.2857142857142858,1.75,1.25,1.0,1.1428571428571428,1.0,0.0,1.0,0.0,1.0,3
Gustavo Scarpa,177.0,30.0,36.60606060606061,30.848484848484848,5.9375,4.483870967741935,0.2333333333333333,1.0,2434.0,7.363636363636363,59.21212121212121,14.363636363636363,0.2120333333333333,0.2238011769565217,1.4545454545454546,1.25,3.3870967741935485,3.838709677419355,1.4375,1.5333333333333334,1.625,1.826086956521739,1.1538461538461535,7.393939393939394,2.1538461538461537,1.0,0.0,0.0,0.0,1.3333333333333333,2.05,1.6428571428571428,1.0,1.7058823529411764,1.5833333333333333,2.24,1.45,1.5,1.1,0.0,1.2,0.0,0.0,5
Henrique Almeida,177.0,33.0,11.4,7.92,1.7,1.0,0.0434782608695652,1.0,1530.0,6.803999999999999,19.48,6.52,0.0,0.0,2.3529411764705883,1.5,4.208333333333333,2.65,1.25,1.3333333333333333,1.3333333333333333,1.6,2.0588235294117645,1.3,1.0,1.0,0.0,0.0,0.0,1.0,1.5,1.2,1.0,1.0909090909090908,1.0,1.1,1.5,1.1428571428571428,1.0,0.0,1.3333333333333333,0.0,0.0,29
Henry Mosquera,175.0,22.0,15.1875,12.40625,1.3636363636363635,1.25,0.04,1.0,1973.0,6.821875,30.15625,9.53125,0.156905,0.0605953891304347,2.0,1.4615384615384617,5.548387096774194,4.896551724137931,1.1538461538461535,1.25,1.5,1.9333333333333331,1.4736842105263157,2.238095238095238,1.5555555555555556,1.0,0.0,0.0,0.0,1.0,4.354838709677419,2.5,1.0,1.3571428571428572,1.1666666666666667,1.7,1.8888888888888888,1.2727272727272727,1.0,0.0,1.2857142857142858,0.0,0.0,14
Hugo,179.0,27.0,31.703703703703702,25.25925925925926,3.125,1.625,0.1739130434782608,0.0,2070.0,6.907407407407407,51.888888888888886,10.444444444444445,0.0750181818181818,0.0292146435714285,1.434782608695652,2.125,4.269230769230769,5.153846153846154,1.0,3.083333333333333,2.458333333333333,1.3333333333333333,1.8636363636363635,1.588235294117647,1.0,1.0,0.0,0.0,0.0,1.2941176470588236,1.5454545454545454,1.3333333333333333,1.0,1.4285714285714286,1.5555555555555556,1.2777777777777777,1.3636363636363635,1.0,1.0,0.0,1.0,0.0,1.0,4
Hugo Moura,177.0,26.0,31.11111111111111,25.85185185185185,4.833333333333333,3.0,0.1666666666666666,1.0,1901.0,6.811111111111111,43.14814814814815,7.592592592592593,0.1082272727272727,0.0697462977777777,2.0,1.4444444444444444,4.44,4.84,1.1428571428571428,1.9375,3.260869565217391,1.6666666666666667,2.095238095238096,1.6363636363636365,1.6666666666666667,1.5,0.0,0.0,0.0,1.8333333333333333,1.8333333333333333,1.4,1.0,1.3333333333333333,1.4285714285714286,1.3333333333333333,1.7,1.1111111111111112,1.0,0.0,0.0,0.0,0.0,15
Hulk,180.0,38.0,24.565217391304348,19.17391304347826,1.8333333333333333,1.6666666666666667,0.25,1.4285714285714286,1831.0,7.2956521739130435,43.95652173913044,13.434782608695652,0.4878117647058823,0.12182539,1.5714285714285714,1.4,7.428571428571429,5.909090909090909,1.6,1.3076923076923077,1.5,3.1904761904761907,1.7857142857142858,1.7857142857142858,1.0,2.0,0.0,0.0,0.0,1.6,3.684210526315789,2.0,1.0,1.7333333333333334,1.0,2.1538461538461537,3.25,1.5625,1.0,1.0,1.3333333333333333,0.0,0.0,5
Ianson,187.0,29.0,38.7,32.65,6.85,3.789473684210526,0.0,1.0,1716.0,7.0200000000000005,50.55,7.263157894736842,0.0,0.0,1.4166666666666667,2.5625,2.4444444444444446,4.611111111111111,1.0,5.315789473684211,2.6923076923076925,1.0,1.3,0.0,0.0,1.3333333333333333,0.0,0.0,0.0,1.375,1.0,1.0,0.0,1.0,1.9333333333333331,1.5,1.0,0.0,0.0,0.0,0.0,0.0,1.3333333333333333,35
Igor Coronado,170.0,32.0,25.466666666666665,20.23333333333333,3.0,2.4285714285714284,0.1111111111111111,1.0,1458.0,6.923333333333333,41.93333333333333,13.1,0.06110625,0.153692556,1.4545454545454546,1.0,4.896551724137931,3.586206896551724,1.0,1.1666666666666667,1.736842105263158,1.7058823529411764,1.4375,4.423076923076923,1.7333333333333334,1.0,0.0,0.0,0.0,1.2941176470588236,3.259259259259259,1.56,0.0,1.7,1.2222222222222223,2.263157894736842,1.736842105263158,1.0909090909090908,1.2,0.0,0.0,0.0,0.0,4
Igor Vinícius,173.0,27.0,44.65217391304348,39.69565217391305,2.3043478260869565,1.4736842105263157,0.1052631578947368,0.0,1739.0,6.856521739130434,65.3913043478261,11.130434782608695,0.2601,0.1046986323809523,1.3636363636363635,1.1428571428571428,4.1,4.333333333333333,1.0,2.333333333333333,2.7333333333333334,1.7333333333333334,1.3636363636363635,3.7142857142857135,2.1666666666666665,0.0,0.0,0.0,0.0,1.3636363636363635,2.533333333333333,1.7777777777777777,1.5,1.0,1.25,1.588235294117647,1.6666666666666667,1.0,1.0,0.0,1.0,0.0,1.0,2
Isidro Pitta,183.0,25.0,16.444444444444443,11.51851851851852,1.1666666666666667,1.0,0.0416666666666666,1.1666666666666667,2192.0,6.877777777777777,27.666666666666668,9.703703703703704,0.4026727272727273,0.0542141614285714,2.0476190476190474,2.095238095238096,4.7407407407407405,3.48,1.7857142857142858,1.3846153846153846,1.0,1.588235294117647,1.3529411764705883,1.3333333333333333,1.0,0.0,0.0,0.0,0.0,1.0,1.8421052631578947,1.2,1.1111111111111112,1.631578947368421,1.0,1.5294117647058822,1.75,1.0,1.0,1.0,1.4705882352941178,0.0,0.0,20
Jean Lucas,181.0,26.0,36.26470588235294,31.235294117647054,3.0625,2.357142857142857,0.1724137931034483,1.0,2903.0,6.970588235294118,51.94117647058823,9.794117647058824,0.1953083333333333,0.0891937557142857,1.6666666666666667,1.375,5.636363636363637,4.764705882352941,1.105263157894737,1.2307692307692308,1.8064516129032255,2.130434782608696,1.75,1.3636363636363635,1.0,1.0,0.0,0.0,0.0,1.85,2.3448275862068964,1.7142857142857142,1.4,1.5,1.3571428571428572,1.3888888888888888,2.217391304347826,1.5384615384615383,1.0,0.0,1.0,0.0,0.0,11
Jean Victor,180.0,30.0,23.884615384615383,18.153846153846157,3.96,1.55,0.0833333333333333,1.0,1612.0,6.751851851851852,37.7037037037037,10.461538461538462,0.0,0.0,1.9090909090909087,1.8333333333333333,2.782608695652174,3.15,2.5,1.4666666666666666,1.6923076923076923,1.4545454545454546,1.3529411764705883,3.4347826086956523,1.5833333333333333,1.0,0.0,0.0,0.0,1.1428571428571428,1.2,1.5,0.0,1.5,1.5454545454545454,1.4666666666666666,1.0,1.0,1.0,0.0,1.0,0.0,0.0,32
Jefferson,176.0,27.0,39.22727272727273,30.272727272727277,7.35,3.388888888888889,0.0526315789473684,0.0,1658.0,6.828571428571429,60.04545454545455,15.61904761904762,0.0,0.0,1.5,1.5,2.75,3.263157894736842,1.3333333333333333,2.333333333333333,1.3333333333333333,1.7142857142857142,1.5833333333333333,4.0,1.5,1.0,0.0,0.0,0.0,1.3333333333333333,1.3333333333333333,1.5,0.0,1.3,1.5,2.333333333333333,1.5,1.0,1.0,0.0,1.0,0.0,0.0,38
Jefferson Savarino,169.0,27.0,22.91304347826087,18.82608695652174,2.631578947368421,2.0526315789473686,0.3529411764705882,1.0,1534.0,7.21304347826087,33.30434782608695,9.043478260869565,0.1731777777777777,0.2849289368421052,1.0,2.0,3.142857142857143,1.5384615384615383,1.1875,1.4,1.0,1.0,1.1111111111111112,3.6666666666666665,1.7222222222222223,1.0,0.0,0.0,0.0,1.375,1.1428571428571428,1.0,2.0,1.1428571428571428,1.0,2.8947368421052637,2.0,1.2857142857142858,1.4,0.0,1.1666666666666667,0.0,0.0,8
Jhon Arias,170.0,27.0,38.90909090909091,35.77272727272727,1.5454545454545454,1.5,0.1875,1.0,1910.0,7.386363636363637,64.0,13.454545454545457,0.1925333333333333,0.1030811388888888,1.8,1.3,7.272727272727272,7.272727272727272,1.8461538461538465,1.4285714285714286,2.176470588235294,2.772727272727273,1.7333333333333334,4.65,1.8888888888888888,1.0,0.0,0.0,0.0,1.4545454545454546,4.409090909090909,2.7222222222222223,1.25,1.5714285714285714,1.1111111111111112,2.117647058823529,2.5,1.3333333333333333,1.0,1.0,1.0,0.0,0.0,7
Joaquín Piquerez,183.0,26.0,35.72222222222222,29.88888888888889,4.277777777777778,2.6,0.0,1.0,1431.0,7.105555555555556,58.388888888888886,11.61111111111111,0.1541615384615384,0.10684522,1.1666666666666667,1.5555555555555556,2.9411764705882355,4.4375,1.1666666666666667,2.0,2.3076923076923075,1.5384615384615383,1.2222222222222223,4.611111111111111,1.3333333333333333,1.0,0.0,0.0,0.0,1.4615384615384617,1.4545454545454546,1.0,1.0,1.6,1.5,1.818181818181818,2.0,1.2222222222222223,1.0,0.0,0.0,0.0,0.0,3
Jonathan Calleri,181.0,31.0,15.555555555555555,10.77777777777778,1.4285714285714286,1.0,0.0833333333333333,1.0,2145.0,7.028571428571429,27.071428571428573,9.035714285714286,0.23121,0.0617737542105263,3.0,2.9130434782608696,6.24,5.444444444444445,1.25,1.6428571428571428,1.0,2.25,2.0,1.7777777777777777,1.3333333333333333,1.0,0.0,0.0,0.0,1.0,1.5294117647058822,1.2727272727272727,1.3333333333333333,1.5384615384615383,1.0,1.5,1.7222222222222223,1.0909090909090908,1.0,1.0,1.588235294117647,0.0,0.0,2
José Aldo,174.0,26.0,31.130434782608692,25.0,5.4,3.947368421052632,0.0454545454545454,1.0,1674.0,7.121739130434783,45.30434782608695,11.0,0.0,0.0,1.1538461538461535,1.4,4.045454545454546,4.714285714285714,1.0,1.7857142857142858,2.588235294117647,1.7647058823529411,1.8823529411764703,3.142857142857143,1.0,1.5555555555555556,0.0,0.0,0.0,1.2727272727272727,1.7857142857142858,1.1,0.0,1.25,1.6666666666666667,1.8333333333333333,1.3636363636363635,1.25,1.0,0.0,0.0,0.0,0.0,34
João Lucas,181.0,26.0,33.84615384615385,25.23076923076923,5.1923076923076925,2.363636363636364,0.1304347826086956,1.0,2213.0,7.123076923076923,59.96153846153846,17.076923076923077,0.0596692307692307,0.165359874,1.25,1.6,3.6538461538461537,6.12,1.0,2.0454545454545454,3.260869565217391,1.5,1.7777777777777777,4.04,1.7058823529411764,1.1,0.0,0.0,0.0,1.2777777777777777,1.8888888888888888,1.9230769230769231,0.0,1.25,1.7222222222222223,1.5789473684210529,1.3333333333333333,1.0,1.4,0.0,1.0,0.0,1.0,18
João Marcelo,189.0,24.0,56.56521739130435,51.69565217391305,4.7727272727272725,3.0,0.1,0.0,2063.0,7.221739130434782,69.56521739130434,5.869565217391305,0.0665375,0.0386480529411764,2.411764705882353,3.333333333333333,3.45,5.260869565217392,1.0,5.434782608695652,1.8333333333333333,1.25,1.3333333333333333,1.0,0.0,1.9090909090909087,0.0,0.0,0.0,1.0,1.625,1.6,1.0,1.4,1.7777777777777777,1.0,1.2,1.0,1.0,0.0,1.0,0.0,0.0,19
João Pedro,185.0,25.0,39.11538461538461,33.0,3.92,2.761904761904762,0.0833333333333333,0.0,2042.0,6.976923076923077,49.88461538461539,8.76,0.0,0.0,1.2727272727272727,1.4615384615384617,3.625,4.346153846153846,1.4,1.4705882352941178,2.090909090909091,1.894736842105263,2.0,1.1428571428571428,1.0,1.3333333333333333,0.0,0.0,0.0,1.1111111111111112,1.5714285714285714,1.0909090909090908,0.0,2.0,1.4666666666666666,1.5454545454545454,1.3,1.1428571428571428,1.0,1.0,1.0,0.0,0.0,27
João Pedro,179.0,27.0,36.5,29.346153846153847,3.269230769230769,1.6875,0.0909090909090909,0.0,2194.0,6.846153846153846,58.5,13.26923076923077,0.0555555555555555,0.0983927434782608,1.5625,1.5625,4.190476190476191,4.434782608695652,1.0,2.388888888888889,1.8421052631578947,1.0,1.3333333333333333,2.0,1.2,1.2222222222222223,0.0,0.0,0.0,1.3333333333333333,2.95,2.0,1.0,1.0,1.5555555555555556,1.2,1.2142857142857142,1.0,1.0,0.0,1.0,0.0,2.0,10
João Schmidt,183.0,31.0,58.07692307692308,50.80769230769231,6.923076923076923,5.0,0.0434782608695652,0.0,2243.0,7.1923076923076925,68.34615384615384,8.73076923076923,0.0,0.0,1.5,2.3157894736842106,3.3846153846153846,4.666666666666667,0.0,1.7222222222222223,2.6666666666666665,1.4285714285714286,1.85,1.2857142857142858,1.0,1.625,0.0,0.0,0.0,1.1538461538461535,1.1666666666666667,1.0,0.0,1.0,2.111111111111111,1.2352941176470589,1.0,1.2,1.0,0.0,0.0,0.0,0.0,16
João Victor,177.0,25.0,23.46153846153846,18.115384615384617,2.2,1.7272727272727273,0.0416666666666666,1.0,1930.0,6.961538461538462,34.73076923076923,9.153846153846152,0.0,0.0,1.9375,1.4,3.6,2.833333333333333,1.7857142857142858,1.5,1.3846153846153846,1.0909090909090908,1.4285714285714286,2.409090909090909,1.25,0.0,0.0,0.0,0.0,1.0909090909090908,1.8421052631578947,1.6,0.0,1.5,1.1,1.5333333333333334,1.6,1.8,0.0,1.0,1.0,0.0,0.0,38
João Victor,188.0,27.0,54.58620689655172,49.06896551724138,6.620689655172414,4.035714285714286,0.0384615384615384,1.0,2520.0,7.093103448275862,62.62068965517241,6.035714285714286,0.0,0.0,1.5,2.631578947368421,2.25,3.619047619047619,1.0,4.384615384615385,1.375,1.3333333333333333,1.4666666666666666,1.0,1.0,1.75,0.0,0.0,0.0,1.0,1.0,1.0,0.0,1.0,1.2666666666666666,1.3333333333333333,0.0,1.0,1.0,0.0,0.0,0.0,0.0,37
João Vieira,175.0,27.0,45.57142857142857,40.82142857142857,5.75,4.333333333333333,0.08,1.0,2431.0,7.103571428571429,56.035714285714285,7.0,0.0,0.0,1.3076923076923077,1.25,3.7777777777777777,4.115384615384615,1.1111111111111112,1.3333333333333333,2.0,1.947368421052632,2.363636363636364,1.75,1.3333333333333333,1.1666666666666667,0.0,0.0,0.0,1.2857142857142858,1.7,1.5,1.0,1.4,1.6,1.625,1.125,1.0,1.0,0.0,1.0,0.0,0.0,41
Juan Sforza,179.0,22.0,36.407407407407405,31.51851851851852,4.043478260869565,2.727272727272727,0.0,1.0,1564.0,6.82962962962963,44.22222222222222,6.230769230769231,0.0808888888888888,0.0146174917647058,1.7777777777777777,1.9411764705882355,2.9166666666666665,3.615384615384616,1.0,1.9375,1.8125,1.5,1.5333333333333334,1.25,0.0,1.5,0.0,0.0,0.0,1.5714285714285714,1.2222222222222223,1.2857142857142858,0.0,1.0,1.5833333333333333,1.5,1.0,1.0,0.0,0.0,0.0,0.0,0.0,15
Julimar,188.0,23.0,16.62962962962963,13.22222222222222,1.3076923076923077,1.25,0.0416666666666666,1.0,1428.0,6.953571428571428,28.178571428571427,7.518518518518518,0.2076238095238095,0.0799605277272727,2.0526315789473686,2.142857142857143,4.538461538461538,4.269230769230769,1.4,1.75,1.6875,1.1111111111111112,1.5625,1.95,1.0,1.0,0.0,0.0,0.0,1.0,2.24,1.380952380952381,1.2,1.3076923076923077,1.4444444444444444,1.3333333333333333,1.5384615384615383,1.4166666666666667,1.0,1.0,1.0,0.0,0.0,6
Juninho,173.0,36.0,25.90322580645161,20.06451612903226,1.8846153846153848,1.4444444444444444,0.1111111111111111,1.0,2652.0,6.935483870967742,36.064516129032256,9.258064516129032,0.0,0.0,1.263157894736842,1.2727272727272727,3.066666666666667,3.28,1.0,1.4285714285714286,1.4210526315789471,1.7894736842105263,1.5263157894736843,2.055555555555556,1.25,1.1666666666666667,0.0,0.0,0.0,1.2222222222222223,1.4,1.0,1.0,1.1666666666666667,1.3571428571428572,1.7058823529411764,1.25,1.0,1.0,1.0,1.3333333333333333,0.0,0.0,13
Jádson,171.0,31.0,39.23333333333333,33.4,4.125,2.782608695652174,0.2068965517241379,1.0,2541.0,7.1,53.36666666666667,9.433333333333334,0.1206818181818182,0.07008676,1.411764705882353,1.125,4.517241379310345,5.066666666666666,1.0,1.4545454545454546,2.6666666666666665,2.409090909090909,2.0454545454545454,1.6428571428571428,1.0,1.4285714285714286,0.0,0.0,0.0,1.5263157894736843,1.4,1.125,1.0,1.2222222222222223,1.9411764705882355,2.0384615384615383,1.5263157894736843,1.0,1.0,0.0,1.0,0.0,0.0,18
Júnior Santos,188.0,30.0,14.842105263157896,10.894736842105264,1.3333333333333333,1.25,0.0714285714285714,1.0,1455.0,6.9,28.9,10.15,0.3871928571428571,0.1050958642857142,2.2142857142857144,2.071428571428572,5.5,4.55,1.5,1.0,1.8571428571428568,1.6666666666666667,1.2857142857142858,1.7272727272727273,1.0,1.0,0.0,0.0,0.0,1.3333333333333333,2.9473684210526314,1.8125,1.375,1.5555555555555556,1.0,1.8,1.8571428571428568,1.3333333333333333,1.0,0.0,2.0,0.0,0.0,8
Kaique Rocha,195.0,23.0,41.903225806451616,37.36666666666667,4.862068965517241,2.571428571428572,0.0384615384615384,0.0,2665.0,7.109677419354839,53.903225806451616,6.766666666666667,0.1476555555555555,0.0328101047619047,1.7058823529411764,2.888888888888889,2.7142857142857144,4.870967741935484,1.25,5.172413793103448,1.8333333333333333,1.2727272727272727,1.5555555555555556,1.25,1.0,1.2777777777777777,0.0,0.0,0.0,1.3,1.3333333333333333,1.2307692307692308,1.0,1.0,1.5217391304347827,1.3846153846153846,1.0,1.0,1.0,0.0,1.0,0.0,0.0,6
Kanu,186.0,27.0,63.14814814814815,59.22222222222222,4.478260869565218,3.142857142857143,0.0,0.0,2430.0,6.988888888888888,72.70370370370371,4.461538461538462,0.0378,0.0127369699999999,1.8333333333333333,2.238095238095238,2.958333333333333,3.9615384615384617,1.0,3.9130434782608696,1.8,1.7142857142857142,1.7058823529411764,0.0,0.0,1.6153846153846154,0.0,0.0,0.0,1.1428571428571428,1.0,1.0,0.0,1.3333333333333333,1.5789473684210529,1.0,1.0,0.0,0.0,0.0,0.0,0.0,0.0,11
Kevyn,178.0,26.0,18.44,14.24,2.857142857142857,1.9166666666666667,0.0,1.0,1856.0,6.704,35.4,8.88,0.0,0.0,1.8823529411764703,1.6875,3.5,3.9166666666666665,1.3333333333333333,2.0,1.5714285714285714,2.0526315789473686,1.6428571428571428,1.75,1.0,1.0,0.0,0.0,0.0,1.25,1.4285714285714286,1.2,0.0,1.0,1.2142857142857142,1.0,1.375,1.0,0.0,0.0,1.0,0.0,0.0,41
Lourenço,169.0,27.0,30.2,24.52,4.8,2.875,0.1363636363636363,1.0,1898.0,7.108,43.68,9.84,0.0,0.0,1.6363636363636365,1.818181818181818,3.125,3.375,1.2727272727272727,1.6111111111111112,1.6,1.9,1.5,3.695652173913044,1.7647058823529411,1.0,0.0,0.0,0.0,1.1111111111111112,1.4545454545454546,1.0,1.0,1.3076923076923077,1.0625,1.8,1.1538461538461535,1.375,1.0,0.0,0.0,0.0,1.0,22
Luan Cândido,187.0,23.0,36.6,30.4,4.48,2.619047619047619,0.0,1.0,2114.0,6.912000000000001,53.12,9.36,0.1174384615384615,0.0131746892857142,1.8823529411764703,2.869565217391304,4.12,5.0,1.4,4.086956521739131,2.0476190476190474,1.125,2.473684210526316,1.8,0.0,1.5555555555555556,0.0,0.0,0.0,1.4,1.1111111111111112,1.0,0.0,1.2222222222222223,1.9444444444444444,1.2,1.0,1.1428571428571428,0.0,0.0,1.0,0.0,0.0,14
Luan Dias,181.0,27.0,26.181818181818183,21.181818181818183,2.736842105263158,2.142857142857143,0.1052631578947368,1.0,1564.0,7.072727272727272,41.13636363636363,12.095238095238097,0.0,0.0,1.3,1.0,4.4,4.8,1.1666666666666667,1.0,1.6470588235294117,2.210526315789474,1.875,4.0,1.1666666666666667,0.0,0.0,0.0,0.0,1.1666666666666667,2.647058823529412,2.090909090909091,0.0,1.3,1.5,1.8125,1.8888888888888888,1.3333333333333333,1.0,0.0,1.0,0.0,0.0,38
Luan Santos,173.0,25.0,27.727272727272727,24.40909090909091,2.611111111111111,1.7142857142857142,0.0,0.0,1457.0,6.713636363636363,35.5,4.818181818181818,0.04061,0.0151531807692307,1.375,1.5833333333333333,2.6842105263157894,3.0,1.0,1.8571428571428568,1.7777777777777777,1.2727272727272727,1.6875,1.0,1.0,0.0,0.0,0.0,0.0,1.25,1.6666666666666667,1.75,0.0,1.2,1.6428571428571428,1.2,1.0,1.0,1.0,0.0,0.0,0.0,0.0,23
Lucas Barbosa,193.0,23.0,22.548387096774192,15.838709677419354,2.7,1.7916666666666667,0.0689655172413793,1.0,2383.0,6.970967741935484,39.516129032258064,12.064516129032258,0.1964863636363636,0.121233658,2.4074074074074074,2.076923076923077,7.064516129032258,5.966666666666667,1.0714285714285714,1.7333333333333334,2.769230769230769,1.565217391304348,2.2962962962962963,2.32,1.4,1.0,0.0,0.0,0.0,1.7826086956521738,2.1,1.2857142857142858,1.0,1.3333333333333333,1.4375,1.8,1.7058823529411764,1.181818181818182,1.1428571428571428,0.0,1.0,0.0,0.0,18
Lucas Esquivel,183.0,22.785714285714285,45.392857142857146,37.07142857142857,5.642857142857143,2.75,0.2,0.0,2286.0,7.110714285714286,70.42857142857143,15.178571428571429,0.0417916666666666,0.142609303,1.5,1.5,4.071428571428571,5.035714285714286,1.0,3.2,2.75,1.4,1.5555555555555556,4.5,1.5714285714285714,1.5,0.0,0.0,0.0,1.8235294117647056,2.3125,1.9230769230769231,0.0,1.2,1.5,1.8888888888888888,1.4666666666666666,1.0,1.0,0.0,0.0,0.0,0.0,6
Lucas Esteves,171.0,24.0,33.55555555555556,27.51851851851852,3.08,1.6,0.0833333333333333,1.0,2235.0,6.892592592592592,55.0,11.51851851851852,0.0695333333333333,0.0793029,1.6111111111111112,2.095238095238096,3.8461538461538463,4.807692307692308,1.0,3.0,2.142857142857143,1.2777777777777777,1.8125,3.4444444444444446,1.375,1.2,0.0,0.0,0.0,1.181818181818182,1.8235294117647056,1.0833333333333333,0.0,1.0769230769230769,1.5,1.3888888888888888,1.1666666666666667,1.0,1.0,1.0,1.1666666666666667,0.0,0.0,23
Lucas Evangelista,181.0,29.0,29.666666666666668,25.33333333333333,3.526315789473684,2.588235294117647,0.125,1.0,2034.0,7.051851851851852,44.0,8.518518518518519,0.1199777777777778,0.05906742,2.272727272727273,1.894736842105263,4.653846153846154,5.12,1.2222222222222223,1.4,1.947368421052632,2.45,1.588235294117647,1.947368421052632,1.6666666666666667,1.2857142857142858,0.0,0.0,0.0,1.5714285714285714,1.8333333333333333,2.25,1.0,1.3571428571428572,1.2307692307692308,1.7058823529411764,1.6428571428571428,1.3636363636363635,1.0,0.0,1.3333333333333333,0.0,0.0,14
Lucas Halter,187.0,24.0,52.72222222222222,48.05555555555556,5.611111111111111,3.9375,0.0,1.0,1512.0,6.838888888888889,60.27777777777778,4.888888888888889,0.0395666666666666,0.0150001946153846,1.9,1.7,3.333333333333333,2.466666666666667,1.0,4.294117647058823,1.4,1.2,1.5384615384615383,0.0,0.0,1.25,0.0,0.0,0.0,1.375,0.0,0.0,0.0,1.0,1.375,1.0,0.0,1.0,0.0,0.0,0.0,0.0,1.0,8
Lucas Lima,176.0,34.0,41.206896551724135,33.58620689655172,5.448275862068965,3.4074074074074074,0.2592592592592592,1.0,2393.0,7.289655172413793,57.172413793103445,14.0,0.0,0.0,1.2,1.0,3.851851851851852,4.172413793103448,1.0,1.1,2.05,2.375,1.45,4.714285714285714,2.04,1.0,0.0,0.0,0.0,1.4285714285714286,2.125,1.5833333333333333,0.0,1.0,1.0,2.56,1.9333333333333331,1.5,1.1428571428571428,0.0,1.5,0.0,0.0,25
Lucas Maia,190.0,31.0,44.30434782608695,37.95652173913044,6.318181818181818,3.2,0.0,1.0,1922.0,6.695652173913044,53.43478260869565,7.318181818181818,0.0,0.0,1.5333333333333334,2.210526315789474,2.5454545454545454,2.8,1.0,3.565217391304348,1.4285714285714286,1.0,1.625,0.0,0.0,2.0,0.0,0.0,0.0,1.2,1.0,1.0,1.0,1.0,1.625,1.25,1.0,1.0,1.0,0.0,1.0,0.0,1.0,41
Lucas Mineiro,188.0,28.0,35.166666666666664,30.58333333333333,3.857142857142857,2.6842105263157894,0.0434782608695652,0.0,1939.0,6.820833333333333,46.708333333333336,6.333333333333333,0.0591,0.0171627547368421,1.7692307692307692,1.7777777777777777,4.0,5.090909090909091,1.0,2.823529411764706,3.0,1.5,2.2,0.0,0.0,1.2727272727272727,0.0,0.0,0.0,1.2,1.8571428571428568,1.5714285714285714,0.0,1.0,1.4285714285714286,1.1111111111111112,1.3846153846153846,1.2,1.0,0.0,1.0,0.0,0.0,20
Lucas Moura,172.0,32.0,34.30769230769231,28.07692307692308,2.863636363636364,2.1052631578947367,0.1538461538461538,1.0,2058.0,7.257692307692308,52.5,13.5,0.317575,0.1088586952380952,1.6842105263157894,2.0,5.615384615384615,6.230769230769231,1.5454545454545454,1.2,1.7692307692307692,2.9545454545454546,1.5625,2.2857142857142856,1.4444444444444444,0.0,0.0,0.0,0.0,1.25,2.9615384615384617,2.375,1.0,1.6363636363636365,1.818181818181818,1.7083333333333333,1.9523809523809523,1.1111111111111112,1.0,0.0,1.0,0.0,0.0,2
Lucas Mugni,184.0,32.0,22.115384615384617,16.46153846153846,3.24,2.238095238095238,0.1904761904761904,1.0,1453.0,6.996153846153846,35.07692307692308,11.192307692307692,0.0,0.0,1.6363636363636365,1.625,3.7916666666666665,3.9130434782608696,1.0,1.0,2.9375,1.375,1.6666666666666667,4.52,1.7222222222222223,1.0,0.0,0.0,0.0,1.9,1.4736842105263157,1.5833333333333333,2.0,1.0,1.181818181818182,1.9090909090909087,1.3125,1.0,1.0,0.0,1.1666666666666667,0.0,0.0,22
Lucas Piton,176.0,24.0,36.13333333333333,29.9,3.6,2.083333333333333,0.2608695652173913,1.0,2602.0,7.1066666666666665,60.266666666666666,13.8,0.06748,0.2052956909090909,1.625,1.8,3.533333333333333,4.413793103448276,1.0,3.1538461538461537,2.608695652173913,1.375,1.4705882352941178,5.827586206896552,2.04,1.25,0.0,0.0,0.0,1.3529411764705883,2.0,1.7692307692307692,0.0,1.2,1.6666666666666667,1.88,1.181818181818182,2.0,1.2,0.0,0.0,0.0,0.0,15
Lucas Ramon,178.0,30.0,35.0,26.53333333333333,4.3,2.0454545454545454,0.0769230769230769,1.0,2559.0,7.016666666666667,57.3,14.4,0.0,0.0,1.3125,1.68,3.4444444444444446,4.9,1.0,2.72,1.75,1.68,1.4666666666666666,2.703703703703704,1.2857142857142858,1.2,0.0,0.0,0.0,1.7,1.75,1.4,0.0,1.0,1.9444444444444444,1.1428571428571428,1.4285714285714286,1.0,1.0,0.0,1.0,0.0,0.0,37
Lucas Ribeiro,190.0,25.0,39.92,33.92,7.2,4.5,0.05,0.0,2127.0,6.852,47.96,7.5,0.0,0.0,1.7,1.631578947368421,3.9,3.260869565217391,1.0,2.7777777777777777,1.5384615384615383,1.2307692307692308,2.2222222222222223,1.3333333333333333,1.0,1.5714285714285714,0.0,0.0,0.0,1.0,1.5,1.0,0.0,1.0,1.5,1.0,1.1428571428571428,0.0,0.0,0.0,0.0,0.0,1.0,21
Lucas Romero,167.0,30.0,51.52,45.44,4.541666666666667,2.8260869565217392,0.0952380952380952,0.0,1968.0,6.952000000000001,61.8,8.24,0.0521666666666666,0.0348984895833333,1.181818181818182,1.8461538461538465,4.217391304347826,4.64,1.0,1.4545454545454546,3.1052631578947367,1.5,1.7,1.0,1.0,1.0,0.0,0.0,0.0,1.5294117647058822,1.5384615384615383,1.4444444444444444,0.0,1.0,1.3333333333333333,1.5333333333333334,1.4615384615384617,1.0,0.0,0.0,0.0,0.0,0.0,19
Lucas Ronier,163.0,19.0,32.03703703703704,22.814814814814813,2.875,1.8235294117647056,0.16,1.0,2211.0,7.392592592592592,52.92592592592592,17.14814814814815,0.0,0.0,2.0526315789473686,1.3636363636363635,6.666666666666667,6.807692307692308,1.3888888888888888,1.0909090909090908,2.636363636363636,2.458333333333333,2.238095238095238,4.173913043478261,1.4285714285714286,1.0,0.0,0.0,0.0,1.7857142857142858,3.269230769230769,2.5,1.25,1.5294117647058822,1.3333333333333333,2.3684210526315788,1.7058823529411764,1.3333333333333333,2.0,0.0,1.0,0.0,0.0,24
Lucas Silva,182.0,31.0,30.30434782608696,26.565217391304348,2.35,1.8666666666666667,0.0,1.0,1399.0,6.773913043478261,38.130434782608695,5.869565217391305,0.0629363636363636,0.0344631138095238,1.4545454545454546,1.4545454545454546,3.0476190476190474,2.523809523809524,1.0,1.4615384615384617,1.1,1.0714285714285714,1.3333333333333333,1.6666666666666667,1.0,1.3333333333333333,0.0,0.0,0.0,1.0833333333333333,1.5,1.3,0.0,1.1666666666666667,1.0,1.3846153846153846,1.5,1.0,0.0,0.0,0.0,0.0,1.0,19
Luciano,181.0,31.0,27.103448275862068,23.58620689655172,2.652173913043478,2.3157894736842106,0.0416666666666666,1.125,2074.0,7.068965517241379,37.51724137931034,6.344827586206897,0.2519304347826087,0.07733714,1.2,1.4285714285714286,3.769230769230769,3.4642857142857144,1.5263157894736843,1.25,1.2777777777777777,1.9523809523809523,1.8235294117647056,1.1428571428571428,1.0,1.0,0.0,0.0,0.0,1.1428571428571428,1.6111111111111112,1.4,1.4,1.2666666666666666,1.25,1.1875,1.3125,1.4615384615384617,1.0,1.0,1.3333333333333333,0.0,0.0,2
Luciano Castan,187.0,35.0,54.72727272727273,52.35,8.454545454545455,5.1,0.0,1.0,1807.0,6.9409090909090905,64.31818181818181,8.181818181818182,0.0,0.0,1.6153846153846154,2.555555555555556,3.0,3.473684210526316,1.0,4.428571428571429,1.25,1.3333333333333333,1.6363636363636365,0.0,0.0,1.5,0.0,0.0,0.0,1.0,1.4,1.0,1.0,1.2,1.5384615384615383,1.0,1.0,1.0,1.0,0.0,1.0,0.0,0.0,25
Luciano Juba,176.0,25.0,53.5,45.97058823529412,5.5,2.7857142857142856,0.037037037037037,1.0,2864.0,7.085294117647059,71.70588235294117,11.941176470588236,0.0792461538461538,0.0936168966666666,1.4666666666666666,1.45,2.9285714285714284,3.1724137931034484,1.2,2.6785714285714284,2.142857142857143,1.1,1.1111111111111112,3.8333333333333335,1.7058823529411764,1.0,0.0,0.0,0.0,1.6842105263157894,1.3333333333333333,1.0,1.0,1.0,2.12,1.9090909090909087,1.1666666666666667,1.25,1.0,0.0,1.0,0.0,0.0,11
Luiz Araújo,175.0,28.0,21.96551724137931,17.275862068965516,2.739130434782609,2.142857142857143,0.2608695652173913,1.3333333333333333,1825.0,7.339285714285714,39.51724137931034,11.392857142857142,0.0996714285714285,0.1968547847619047,1.9166666666666667,1.2,4.518518518518518,4.892857142857143,1.4666666666666666,1.0769230769230769,2.08,1.6,1.4736842105263157,4.166666666666667,1.5,1.0,0.0,0.0,0.0,1.3846153846153846,3.25,2.136363636363636,1.0,1.4166666666666667,1.3529411764705883,1.9047619047619049,1.4444444444444444,1.2857142857142858,1.0909090909090908,0.0,1.0,0.0,0.0,1
Luiz Fernando,178.0,27.0,24.655172413793103,18.79310344827586,2.1153846153846154,1.4285714285714286,0.0434782608695652,1.0,2431.0,7.020689655172413,40.03448275862069,11.275862068965518,0.1859499999999999,0.0635975976,2.3043478260869565,1.4705882352941178,5.862068965517241,4.0,1.25,1.2777777777777777,1.2352941176470589,1.9090909090909087,1.6666666666666667,1.5294117647058822,1.0,1.6666666666666667,0.0,0.0,0.0,1.5454545454545454,2.576923076923077,1.4444444444444444,1.0,1.2941176470588236,1.181818181818182,1.55,1.6666666666666667,1.3846153846153846,1.0,0.0,1.375,0.0,0.0,17
Luiz Gustavo,187.0,37.0,56.851851851851855,52.81481481481482,5.0,4.125,0.0,1.0,2111.0,7.066666666666667,66.85185185185185,6.185185185185185,0.0649307692307692,0.0386862864705882,1.5,1.1538461538461535,3.5416666666666665,3.64,1.2,1.5454545454545454,1.8571428571428568,1.35,1.894736842105263,1.2857142857142858,1.0,1.0,0.0,0.0,0.0,1.1666666666666667,2.0,1.1111111111111112,1.0,1.181818181818182,1.5909090909090908,1.5,1.4444444444444444,1.1666666666666667,1.0,0.0,0.0,0.0,0.0,2
Luiz Henrique,182.0,23.0,18.7,15.066666666666666,1.2352941176470589,1.1428571428571428,0.12,1.0,2164.0,7.096666666666667,36.4,9.9,0.2417904761904762,0.0962632091304347,2.1904761904761907,1.5,6.266666666666667,6.066666666666666,1.4615384615384617,1.3125,2.5,2.0416666666666665,1.3,2.15,1.25,1.0,0.0,0.0,0.0,1.3125,3.6666666666666665,2.761904761904762,1.0,1.3125,1.1,1.3529411764705883,2.037037037037037,1.1,1.0,1.5,1.1428571428571428,0.0,0.0,8
Luiz Otávio,194.0,32.0,55.92,46.2,12.36,7.041666666666667,0.0952380952380952,1.0,2161.0,7.195833333333333,65.96,10.2,0.0,0.0,1.9,3.4782608695652173,3.0869565217391304,4.333333333333333,1.0,5.291666666666667,1.2666666666666666,1.0,1.5,0.0,0.0,1.6666666666666667,0.0,0.0,0.0,1.3333333333333333,1.0,0.0,0.0,1.375,1.4,1.2857142857142858,1.0,1.0,1.0,0.0,1.0,0.0,0.0,37
Léo,183.0,28.0,39.71428571428572,33.464285714285715,6.25,3.0,0.0476190476190476,0.0,2520.0,6.839285714285714,49.82142857142857,6.785714285714286,0.1961166666666667,0.0558469616666666,1.7333333333333334,1.45,2.36,3.076923076923077,1.0,4.571428571428571,1.681818181818182,1.3333333333333333,1.2857142857142858,1.25,1.0,1.9166666666666667,0.0,0.0,0.0,1.2,1.5,2.0,1.0,1.0,1.4375,1.0,1.0,1.0,1.0,0.0,1.0,0.0,0.0,15
Léo Ortiz,185.0,28.0,35.96,31.44,4.25,3.625,0.0869565217391304,0.0,1753.0,7.075,43.16,5.583333333333333,0.1101,0.0658306214285714,1.2,1.9523809523809523,2.1578947368421053,3.4782608695652173,1.0,2.466666666666667,1.8666666666666667,1.0,1.3333333333333333,1.0,1.0,1.25,0.0,0.0,0.0,1.0,1.1,1.0,1.0,1.0,1.5384615384615383,1.6363636363636365,2.0,1.0,1.3333333333333333,0.0,0.0,0.0,0.0,1
Léo Pereira,172.0,24.0,14.758620689655173,10.137931034482758,1.7142857142857142,1.3636363636363635,0.04,1.25,2355.0,6.927586206896552,33.689655172413794,12.758620689655173,0.0,0.0,1.75,1.0909090909090908,6.551724137931035,5.0,1.2666666666666666,1.125,2.125,1.96,2.074074074074074,3.56,1.5,0.0,0.0,0.0,0.0,1.3333333333333333,2.7142857142857144,1.736842105263158,1.0,1.6470588235294117,1.3333333333333333,1.6923076923076923,2.0,1.5384615384615383,1.0,0.0,1.3333333333333333,0.0,0.0,27
Léo Pereira,189.0,28.0,49.10714285714285,41.285714285714285,6.892857142857143,3.3076923076923075,0.0,0.0,2098.0,7.014285714285714,59.67857142857143,9.392857142857142,0.0766,0.042797968,1.875,2.142857142857143,2.782608695652174,3.9615384615384617,0.0,3.458333333333333,1.9444444444444444,1.3636363636363635,1.5,1.9166666666666667,1.0,1.6666666666666667,0.0,0.0,0.0,1.2,1.2222222222222223,1.0,0.0,1.25,1.4285714285714286,1.1666666666666667,1.0,1.0,1.0,0.0,1.0,0.0,1.0,1
Maguinho,175.0,32.0,29.0,23.0,3.8,1.9230769230769231,0.1,0.0,1547.0,6.7714285714285705,48.54545454545455,12.571428571428571,0.0479444444444444,0.0769901511111111,1.9230769230769231,1.8666666666666667,4.578947368421052,4.473684210526316,1.0,2.1538461538461537,2.6153846153846154,1.4,2.2857142857142856,3.2222222222222223,1.2307692307692308,1.2,0.0,0.0,0.0,1.1666666666666667,1.6428571428571428,1.5,0.0,1.1111111111111112,1.4545454545454546,1.6470588235294117,1.25,2.0,1.0,1.0,1.0,0.0,1.0,17
Maicon,191.0,36.0,41.7,33.733333333333334,11.0,6.3,0.0,1.0,2524.0,7.016129032258065,52.38709677419355,8.866666666666667,0.1676,0.0403303976470588,1.7916666666666667,3.107142857142857,2.75,4.419354838709677,1.0,5.580645161290323,1.8571428571428568,1.1,1.3,1.8333333333333333,0.0,1.8666666666666667,0.0,0.0,0.0,1.4166666666666667,1.0,1.0,1.0,1.0,1.8235294117647056,1.0,1.0,1.0,0.0,0.0,1.0,0.0,0.0,15
Mancha,178.0,23.0,30.47826086956522,22.52173913043478,5.0,2.0526315789473686,0.1,1.0,2042.0,7.065217391304348,52.391304347826086,13.347826086956522,0.0,0.0,1.2352941176470589,1.5,2.65,3.409090909090909,1.1666666666666667,3.1578947368421053,1.6875,1.25,1.2,3.65,2.0,1.4,0.0,0.0,0.0,1.4,1.4666666666666666,1.1666666666666667,0.0,1.2,1.3076923076923077,1.9285714285714288,1.0,1.2,1.0,0.0,0.0,0.0,0.0,30
Marcelinho,169.24137931034485,25.75862068965517,19.103448275862068,14.214285714285714,4.904761904761905,2.117647058823529,0.1153846153846153,1.0,1830.0,6.910344827586207,38.03448275862069,11.03448275862069,0.0,0.0,1.2666666666666666,1.7647058823529411,3.458333333333333,4.4,1.6,3.055555555555556,1.7777777777777777,1.8571428571428568,1.3571428571428572,3.45,1.5,1.0,0.0,0.0,0.0,1.5714285714285714,1.5,1.8,1.0,1.8888888888888888,1.6666666666666667,1.6666666666666667,1.75,1.125,1.0,0.0,0.0,0.0,0.0,30
Marcelo Benevenuto,180.0,28.0,41.05555555555556,33.22222222222222,8.38888888888889,4.117647058823529,0.0,0.0,1514.0,6.938888888888888,51.05555555555556,8.722222222222221,0.0,0.0,1.6666666666666667,2.571428571428572,2.9411764705882355,4.3125,1.0,4.277777777777778,2.0,1.5,2.142857142857143,1.0,0.0,1.5,0.0,0.0,0.0,1.2,1.2,1.0,1.0,1.0,1.3333333333333333,1.0,1.0,1.0,0.0,0.0,0.0,0.0,0.0,24
Marcelo Hermes,177.0,29.0,29.892857142857142,21.5,5.230769230769231,1.8421052631578947,0.12,1.0,2459.0,6.992857142857143,51.92857142857143,15.25,0.09312,0.0996368192307692,1.6521739130434785,1.8125,4.0,3.5357142857142856,1.2,3.3181818181818183,1.9130434782608696,1.2,1.5294117647058822,5.607142857142857,2.117647058823529,1.0,0.0,0.0,0.0,1.6,1.3888888888888888,1.1666666666666667,1.0,1.1666666666666667,2.055555555555556,2.2222222222222223,1.125,1.1111111111111112,1.3333333333333333,0.0,1.0,0.0,0.0,26
Marcinho,176.0,29.0,23.615384615384617,17.807692307692307,2.409090909090909,1.6470588235294117,0.1363636363636363,1.0,1979.0,6.888461538461538,37.34615384615385,11.846153846153848,0.0,0.0,1.9090909090909087,1.6923076923076923,5.72,3.9565217391304346,1.0,1.75,1.411764705882353,1.411764705882353,1.5,2.9,1.7,0.0,0.0,0.0,0.0,1.6,2.4,1.5,0.0,1.3,1.125,1.9523809523809523,1.8823529411764703,1.6666666666666667,2.0,0.0,1.0,0.0,0.0,30
Marcos Rocha,176.0,35.0,42.34782608695652,33.17391304347826,7.478260869565218,3.863636363636364,0.0869565217391304,0.0,1557.0,7.073913043478262,61.0,14.818181818181818,0.10635,0.1007054555555555,2.125,1.3333333333333333,3.5,3.8,0.0,2.375,2.75,1.25,1.7692307692307692,2.4444444444444446,1.125,1.0,0.0,0.0,0.0,1.7272727272727273,1.3333333333333333,1.2,0.0,1.0,1.5333333333333334,1.6666666666666667,1.0,1.0,1.0,0.0,1.0,0.0,0.0,3
Marcos Serrato,175.0,30.0,40.535714285714285,32.75,5.777777777777778,3.5416666666666665,0.0,1.0,2198.0,6.771428571428571,51.10714285714285,10.892857142857142,0.0,0.0,1.631578947368421,1.8571428571428568,5.28,3.9583333333333335,1.2,1.8461538461538465,2.0454545454545454,1.4,2.6666666666666665,1.4,1.0,1.25,0.0,0.0,0.0,1.2941176470588236,1.6153846153846154,1.6666666666666667,1.0,1.4285714285714286,1.8333333333333333,1.1333333333333333,1.25,1.25,0.0,0.0,1.0,0.0,0.0,35
Marllon,184.0,32.0,39.36,34.52,4.958333333333333,2.9130434782608696,0.0,1.0,2162.0,7.041666666666667,50.8,5.5,0.09734,0.0372047216666666,2.1333333333333333,2.863636363636364,2.9473684210526314,4.565217391304348,1.0,4.652173913043479,1.8235294117647056,1.25,1.5833333333333333,1.0,0.0,1.5714285714285714,0.0,0.0,0.0,1.0,1.0,1.0,1.0,1.0,1.6875,1.0,1.0,1.0,1.0,1.0,0.0,0.0,1.0,20
Marlon,178.0,27.0,42.142857142857146,33.666666666666664,7.142857142857143,3.619047619047619,0.0,0.0,1633.0,6.909523809523809,62.23809523809524,12.80952380952381,0.0803,0.073584291,1.4285714285714286,1.4666666666666666,3.2,4.105263157894737,1.0,1.8823529411764703,2.1666666666666665,1.25,1.6666666666666667,3.1875,1.3,1.2,0.0,0.0,0.0,1.4,1.4,1.2857142857142858,1.0,1.3333333333333333,1.8,1.3571428571428572,1.1428571428571428,1.0,1.0,0.0,0.0,0.0,0.0,19
Marlon,175.0,34.0,23.22222222222222,17.51851851851852,3.4166666666666665,2.0,0.0434782608695652,1.0,1909.0,6.71111111111111,32.851851851851855,9.444444444444445,0.0,0.0,1.4285714285714286,1.0833333333333333,4.2,2.9565217391304346,1.181818181818182,1.0,2.0,1.3846153846153846,2.1578947368421053,2.117647058823529,1.4,1.0,0.0,0.0,0.0,1.5,1.181818181818182,1.0,1.0,1.3636363636363635,1.3333333333333333,1.7,1.2666666666666666,1.0,0.0,0.0,1.0,0.0,0.0,39
Marlon Freitas,185.0,29.0,49.46153846153846,43.53846153846154,5.96,4.333333333333333,0.1363636363636363,0.0,1899.0,7.15,58.5,7.5,0.0750272727272727,0.1002302255,1.4545454545454546,1.125,2.4545454545454546,2.761904761904762,1.0,1.7222222222222223,2.0,1.3333333333333333,1.6363636363636365,1.2727272727272727,1.0,1.4,0.0,0.0,0.0,1.5714285714285714,1.0,1.0,1.0,1.3333333333333333,1.3125,1.8666666666666667,1.2,1.0,1.0,0.0,0.0,0.0,0.0,8
Mateus Carvalho,180.0,22.0,30.633333333333333,26.466666666666665,3.4545454545454546,2.3684210526315788,0.0434782608695652,1.0,1776.0,6.756666666666666,41.833333333333336,6.793103448275862,0.0524090909090909,0.022598627,1.3333333333333333,1.5333333333333334,4.0,4.724137931034483,1.0,1.5,2.9166666666666665,1.588235294117647,1.608695652173913,1.125,1.0,1.4,0.0,0.0,0.0,1.7647058823529411,1.5,1.3846153846153846,0.0,1.1666666666666667,1.7142857142857142,1.1666666666666667,1.5,1.0,0.0,0.0,1.0,0.0,0.0,15
Mateus Henrique,178.0,22.0,52.38095238095238,43.095238095238095,7.05,3.8947368421052633,0.1176470588235294,0.0,1707.0,7.085714285714286,72.54545454545455,16.05,0.0,0.0,1.1666666666666667,1.6923076923076923,3.8,4.7,1.0,1.9444444444444444,3.0625,1.5454545454545454,1.4615384615384617,3.6,1.5,1.0,0.0,0.0,0.0,1.4285714285714286,1.3846153846153846,2.0,0.0,1.2,1.9090909090909087,1.6428571428571428,1.5,1.1666666666666667,1.0,0.0,0.0,0.0,1.0,13
Mateus Pivô,185.0,26.0,28.678571428571427,21.214285714285715,4.0,2.0,0.0,1.5,2209.0,6.910714285714286,50.392857142857146,14.25,0.0,0.0,2.0,2.52,4.892857142857143,5.285714285714286,1.25,3.227272727272727,1.9565217391304348,1.3333333333333333,2.2916666666666665,2.2857142857142856,1.25,1.2,0.0,0.0,0.0,1.1666666666666667,2.2,1.5384615384615383,1.0,1.0,1.4615384615384617,1.3333333333333333,1.3,1.3333333333333333,0.0,0.0,1.0,0.0,1.0,35
Mateus Silva,192.0,29.0,43.11764705882353,33.411764705882355,8.588235294117647,3.1875,0.0588235294117647,0.0,1481.0,6.788235294117648,54.76470588235294,10.352941176470589,0.0,0.0,1.3333333333333333,1.9,2.6875,3.0588235294117645,1.0,4.882352941176471,1.5714285714285714,1.3333333333333333,1.6428571428571428,1.0,1.0,1.25,0.0,0.0,0.0,1.4285714285714286,1.0,1.0,0.0,1.0,1.75,1.0,1.0,1.0,0.0,0.0,1.0,0.0,0.0,33
Matheus Alexandre,188.0,25.0,32.666666666666664,27.695652173913043,3.272727272727273,1.9285714285714288,0.0,0.0,1888.0,6.758333333333333,53.16666666666666,11.5,0.04316,0.0325268425,1.6923076923076923,2.2222222222222223,3.7083333333333335,4.545454545454546,1.0,2.25,2.142857142857143,1.0,1.6875,2.375,1.3333333333333333,1.0,0.0,0.0,0.0,1.5833333333333333,1.1428571428571428,1.3333333333333333,0.0,1.0,1.7222222222222223,1.8,1.1428571428571428,1.0,0.0,0.0,0.0,0.0,1.0,20
Matheus Bahia,181.0,25.0,29.714285714285715,22.142857142857142,4.538461538461538,1.9047619047619049,0.16,0.0,2307.0,6.982142857142857,53.46428571428572,15.214285714285714,0.0,0.0,1.1666666666666667,1.5,3.576923076923077,4.357142857142857,1.0,1.5263157894736843,2.3043478260869565,1.7647058823529411,1.619047619047619,3.730769230769231,1.4285714285714286,1.0,0.0,0.0,0.0,1.2727272727272727,1.8695652173913044,1.411764705882353,0.0,1.375,1.3125,1.6,1.4444444444444444,1.0,1.0,0.0,1.0,0.0,0.0,22
Matheus Bueno,178.0,26.0,51.172413793103445,42.10344827586207,7.862068965517241,4.75,0.0384615384615384,1.0,2431.0,7.006896551724138,62.0,11.137931034482758,0.0,0.0,1.7777777777777777,1.6666666666666667,4.296296296296297,4.518518518518518,1.5,1.3888888888888888,2.1666666666666665,2.0476190476190474,2.272727272727273,1.0,1.0,1.6666666666666667,0.0,0.0,0.0,1.2857142857142858,1.6,1.4285714285714286,0.0,1.375,1.6842105263157894,1.736842105263158,1.5833333333333333,1.3076923076923077,1.0,0.0,1.0,0.0,0.0,38
Matheus Costa,188.0,29.0,36.23809523809524,29.857142857142858,5.25,2.375,0.0588235294117647,0.0,1551.0,6.714285714285714,46.42857142857143,7.333333333333333,0.0,0.0,1.6428571428571428,2.6923076923076925,3.1,3.8333333333333335,1.0,3.4285714285714284,1.4666666666666666,1.2857142857142858,1.7142857142857142,1.3333333333333333,1.3333333333333333,1.125,0.0,0.0,0.0,1.7142857142857142,1.3333333333333333,1.5,0.0,1.125,1.1,1.5,1.0,1.0,1.0,0.0,0.0,0.0,0.0,32
Matheus Felipe,186.0,25.0,36.78260869565217,31.043478260869566,5.666666666666667,2.888888888888889,0.0,0.0,1847.0,6.6695652173913045,43.52173913043478,6.681818181818182,0.0,0.0,1.8666666666666667,1.8235294117647056,3.473684210526316,2.7,0.0,3.3684210526315788,1.5454545454545454,1.0,2.230769230769231,0.0,0.0,1.7777777777777777,0.0,0.0,0.0,1.0,1.3333333333333333,1.0,0.0,1.0,1.181818181818182,1.1666666666666667,1.0,1.0,0.0,0.0,0.0,0.0,0.0,22
Matheus Frizzo,182.0,26.0,26.28,21.68,2.4705882352941178,1.625,0.0869565217391304,1.1666666666666667,1739.0,7.047999999999999,41.16,11.708333333333334,0.0,0.0,1.8333333333333333,1.2222222222222223,4.791666666666667,3.857142857142857,1.3846153846153846,1.1,1.181818181818182,2.1,1.7647058823529411,4.2631578947368425,2.111111111111111,1.0,0.0,0.0,0.0,1.2,2.176470588235294,1.25,1.0,1.6363636363636365,1.1111111111111112,2.2,1.3333333333333333,1.3333333333333333,1.0,0.0,1.0,0.0,0.0,24
Matheus Pereira,175.0,28.0,42.65384615384615,35.03846153846154,2.833333333333333,2.0,0.238095238095238,1.0,2205.0,7.546153846153846,62.26923076923077,16.23076923076923,0.155672,0.1562456384615384,1.5333333333333334,1.2857142857142858,4.44,5.461538461538462,1.2,1.0,1.5384615384615383,3.25,1.7333333333333334,5.28,2.0,1.0,0.0,0.0,0.0,1.7777777777777777,2.458333333333333,2.0588235294117645,1.0,1.5625,1.0,2.6818181818181817,1.75,1.0909090909090908,1.0,0.0,1.0,0.0,0.0,19
Matheus Régis,181.0,25.0,14.0,10.791666666666666,2.0,1.125,0.0476190476190476,1.0,1393.0,6.929166666666667,26.166666666666668,8.391304347826088,0.0,0.0,1.5,1.0,4.238095238095238,3.95,1.6,1.25,1.8333333333333333,1.5,1.5454545454545454,1.7058823529411764,1.25,2.0,0.0,0.0,0.0,1.5,2.85,2.0,0.0,1.5333333333333334,1.4,1.5454545454545454,1.6363636363636365,1.25,0.0,0.0,1.0,0.0,0.0,33
Matheuzinho,171.0,24.0,28.285714285714285,23.857142857142858,3.48,1.9523809523809523,0.0,0.0,1907.0,6.935714285714285,45.96428571428572,8.37037037037037,0.0679,0.0545332752380952,1.181818181818182,2.0,2.833333333333333,3.375,1.0,2.272727272727273,2.136363636363636,1.3571428571428572,1.3846153846153846,3.260869565217391,1.25,1.1111111111111112,0.0,0.0,0.0,1.5,1.25,1.0,1.0,1.125,1.9230769230769231,1.25,1.0,1.0,1.0,1.0,1.0,0.0,0.0,4
Matheuzinho,165.0,26.0,24.107142857142858,20.571428571428573,2.2857142857142856,2.0,0.16,1.0,2109.0,7.103571428571429,41.82142857142857,10.703703703703704,0.1405210526315789,0.1044088426923076,1.3636363636363635,1.4545454545454546,4.571428571428571,5.961538461538462,1.3333333333333333,1.0,1.85,3.083333333333333,2.1,3.32,1.3157894736842106,1.0,0.0,0.0,0.0,1.4545454545454546,2.55,1.7058823529411764,1.0,1.3636363636363635,1.4666666666666666,1.55,2.095238095238096,1.0,1.0,0.0,1.0,0.0,0.0,23
Mathias Villasanti,178.0,27.0,49.27272727272727,43.09090909090909,3.952380952380953,2.4,0.1111111111111111,1.0,1979.0,7.113636363636363,66.63636363636364,10.727272727272728,0.0779545454545454,0.0897672888888889,1.1,1.181818181818182,5.363636363636363,5.954545454545454,1.0,2.066666666666667,3.4285714285714284,1.625,2.0,1.3333333333333333,1.0,1.5,0.0,0.0,0.0,2.0,2.388888888888889,1.8333333333333333,1.0,1.0,2.176470588235294,1.4285714285714286,1.7692307692307692,1.3333333333333333,1.0,0.0,0.0,0.0,0.0,10
Maurício Antônio,183.0,32.0,48.82608695652174,43.63636363636363,8.318181818181818,5.047619047619048,0.0,0.0,1781.0,6.995652173913044,57.30434782608695,7.565217391304348,0.0,0.0,1.4166666666666667,2.333333333333333,1.7222222222222223,3.25,1.0,4.095238095238095,1.5454545454545454,1.3333333333333333,1.1,1.0,0.0,1.4285714285714286,0.0,0.0,0.0,1.0,1.5,1.0,1.0,1.0,1.6666666666666667,1.5,1.0,1.0,0.0,0.0,0.0,0.0,0.0,24
Maurício Garcez,183.0,27.0,17.178571428571427,11.678571428571429,1.375,1.1666666666666667,0.0416666666666666,1.0,2139.0,6.910714285714286,29.0,10.571428571428571,0.0,0.0,3.363636363636364,3.208333333333333,5.444444444444445,5.038461538461538,1.25,1.4444444444444444,1.1333333333333333,1.4705882352941178,1.2142857142857142,1.9333333333333331,1.1428571428571428,1.0,0.0,0.0,0.0,1.2222222222222223,1.809523809523809,1.5,1.5,1.5,1.1111111111111112,1.7058823529411764,1.6153846153846154,1.3,1.0,0.0,1.1111111111111112,0.0,0.0,28
Maxwell,178.0,29.0,18.423076923076923,14.692307692307692,1.7894736842105263,1.0,0.0,1.0,1575.0,7.050000000000001,33.19230769230769,9.76,0.0,0.0,1.5333333333333334,1.3,4.52,4.72,1.3125,1.5454545454545454,1.9444444444444444,2.2,1.3125,3.6,1.5,1.0,0.0,0.0,0.0,1.8461538461538465,2.55,2.0,0.0,1.2222222222222223,1.1666666666666667,1.6428571428571428,1.5384615384615383,1.5,1.5,0.0,1.2857142857142858,0.0,0.0,31
Miqueias,187.0,23.0,32.758620689655174,27.620689655172413,2.9615384615384617,1.7272727272727273,0.1153846153846153,1.0,2305.0,6.889655172413794,42.58620689655172,7.448275862068965,0.0,0.0,1.8,1.3636363636363635,3.392857142857143,3.5185185185185186,1.0,1.7857142857142858,1.7727272727272727,1.65,1.9523809523809523,1.3125,1.0,1.2,0.0,0.0,0.0,1.1,1.25,1.1428571428571428,0.0,1.1428571428571428,1.3333333333333333,1.3571428571428572,1.125,1.0,1.0,0.0,0.0,0.0,1.0,34
Miranda,182.0,24.0,46.85,39.65,8.05,3.9,0.0,1.0,1773.0,6.8950000000000005,57.4,8.2,0.0,0.0,1.8571428571428568,1.7333333333333334,3.3529411764705883,3.1578947368421053,1.0,4.2105263157894735,2.3,1.1,1.6,1.0,0.0,1.625,0.0,0.0,0.0,1.125,1.0,0.0,0.0,1.125,1.3636363636363635,1.0,1.5,1.0,0.0,0.0,0.0,0.0,0.0,49
Murilo,188.0,27.0,47.083333333333336,39.708333333333336,6.583333333333333,3.6818181818181817,0.0,1.0,2115.0,7.083333333333333,58.16666666666666,8.75,0.1211727272727272,0.0298874605882352,2.1666666666666665,3.15,3.9565217391304346,4.695652173913044,1.0,4.086956521739131,1.75,1.0,2.1875,1.0,0.0,1.181818181818182,0.0,0.0,0.0,1.0,1.375,1.25,1.0,1.125,1.6923076923076923,1.0,1.3333333333333333,1.0,1.0,0.0,1.0,0.0,0.0,3
Mário Sergio,179.0,30.0,36.31818181818182,28.09090909090909,4.545454545454546,2.210526315789474,0.0526315789473684,0.0,1918.0,7.013636363636365,59.27272727272727,14.181818181818182,0.0,0.0,1.9230769230769231,2.230769230769231,3.380952380952381,3.9047619047619047,1.0,2.8666666666666667,2.0,1.0,1.588235294117647,1.6666666666666667,1.0,1.0,0.0,0.0,0.0,1.1666666666666667,1.3846153846153846,1.2222222222222223,1.5,1.25,2.1666666666666665,1.4166666666666667,1.0,1.25,0.0,0.0,1.0,0.0,1.0,28
Natanael,172.0,22.0,31.82758620689655,24.344827586206897,4.241379310344827,2.5,0.037037037037037,1.0,2527.0,7.124137931034483,59.44827586206897,15.620689655172416,0.0,0.0,1.8421052631578947,1.9545454545454544,3.6666666666666665,4.896551724137931,1.0,2.52,2.111111111111111,2.0625,1.3125,4.392857142857143,1.7777777777777777,1.2857142857142858,0.0,0.0,0.0,1.0,1.3076923076923077,1.0,1.0,1.1428571428571428,1.3125,1.65,1.4285714285714286,1.0,2.0,0.0,1.0,0.0,0.0,24
Nathan Mendes,182.0,22.0,36.31578947368421,29.105263157894736,4.0,2.230769230769231,0.0625,0.0,1403.0,6.810526315789474,57.68421052631579,14.411764705882351,0.0767428571428571,0.0396323976923076,1.5833333333333333,1.5,4.222222222222222,4.294117647058823,1.0,2.076923076923077,1.8666666666666667,1.5454545454545454,1.7142857142857142,2.833333333333333,2.25,1.2,0.0,0.0,0.0,1.4285714285714286,2.083333333333333,1.4285714285714286,1.0,1.0,1.6666666666666667,2.0,1.1111111111111112,1.0,1.3333333333333333,0.0,1.0,0.0,1.0,14
Negueba,175.0,24.0,18.52380952380953,14.428571428571429,2.4545454545454546,1.2222222222222223,0.0588235294117647,1.0,1495.0,6.89047619047619,31.285714285714285,9.047619047619047,0.0,0.0,1.8666666666666667,1.0,3.952380952380953,2.631578947368421,1.4444444444444444,2.0,1.7142857142857142,1.4444444444444444,1.5,2.3,1.2,1.5,0.0,0.0,0.0,1.1428571428571428,1.7272727272727273,1.6,1.0,1.2222222222222223,1.1666666666666667,1.3571428571428572,1.5833333333333333,1.4285714285714286,1.0,0.0,1.0,0.0,0.0,37
Nenê,181.0,43.0,20.130434782608692,13.869565217391305,3.6666666666666665,2.111111111111111,0.15,1.0,1405.0,7.0,35.65217391304348,14.227272727272728,0.0983,0.1588411252380952,1.4615384615384617,1.1428571428571428,3.409090909090909,2.9545454545454546,1.0,1.0,1.1111111111111112,1.8888888888888888,1.8888888888888888,6.727272727272728,2.611111111111111,1.0,0.0,0.0,0.0,1.6666666666666667,1.8461538461538465,1.625,0.0,1.6,1.0,1.894736842105263,1.2307692307692308,1.0,1.0,0.0,1.5,0.0,0.0,18
Neto Moura,176.0,28.0,35.23076923076923,29.307692307692307,3.84,3.05,0.0,0.0,1644.0,6.911538461538461,41.96153846153846,6.92,0.0,0.0,1.4545454545454546,1.5,2.9545454545454546,3.0,1.0,1.7142857142857142,1.9047619047619049,1.2941176470588236,1.5789473684210529,1.0,0.0,1.25,0.0,0.0,0.0,1.3636363636363635,1.0,1.0,0.0,1.2,1.5714285714285714,1.2857142857142858,1.0,0.0,0.0,0.0,0.0,0.0,0.0,37
Neto Pessoa,181.0,30.0,12.724137931034482,7.482758620689655,1.761904761904762,1.181818181818182,0.08,1.3333333333333333,1760.0,6.858620689655172,22.0,8.241379310344827,0.0,0.0,2.375,2.25,4.62962962962963,3.857142857142857,1.5,1.625,1.4615384615384617,1.6666666666666667,1.8333333333333333,1.625,1.25,2.0,0.0,0.0,0.0,1.125,1.25,1.0,1.0,1.5333333333333334,1.0,1.1666666666666667,1.1176470588235294,1.0,1.0,0.0,1.3333333333333333,0.0,0.0,39
Newton,188.0,24.0,29.043478260869566,23.08695652173913,4.0,2.117647058823529,0.0476190476190476,1.0,1624.0,6.860869565217392,41.21739130434783,8.91304347826087,0.0859466666666666,0.0486486321052631,1.625,2.0,4.476190476190476,4.631578947368421,1.2,2.5,2.2222222222222223,1.1666666666666667,2.375,1.9333333333333331,1.4285714285714286,1.0,0.0,0.0,0.0,1.7777777777777777,1.6,1.3333333333333333,0.0,1.6666666666666667,1.4666666666666666,1.3333333333333333,1.2222222222222223,1.125,1.0,0.0,0.0,0.0,0.0,26
Nicolas,181.0,35.0,15.375,11.25,1.6,1.375,0.0434782608695652,1.0,1969.0,6.82,23.84,6.8,0.0,0.0,3.4761904761904763,2.652173913043478,4.64,5.0,1.0666666666666669,1.4666666666666666,1.25,1.9090909090909087,1.5,1.0,1.0,1.6666666666666667,0.0,0.0,0.0,1.4,1.875,1.1666666666666667,1.6,1.2142857142857142,1.5,1.3076923076923077,1.4,1.0,0.0,1.0,1.0,0.0,0.0,41
Otávio,173.0,30.0,50.82608695652174,45.869565217391305,3.954545454545455,2.473684210526316,0.0555555555555555,0.0,1870.0,6.931818181818182,60.95652173913044,6.727272727272728,0.0262,0.03379723125,1.8,1.9166666666666667,4.2727272727272725,4.476190476190476,1.0,1.6666666666666667,2.421052631578948,1.4,2.235294117647059,1.0,1.0,1.2,0.0,0.0,0.0,1.4545454545454546,1.6363636363636365,1.5,1.0,1.0,2.1333333333333333,1.1666666666666667,1.3333333333333333,1.0,1.0,0.0,0.0,0.0,0.0,5
Pablo Vegetti,187.0,35.0,16.242424242424242,9.909090909090908,1.5833333333333333,1.25,0.0384615384615384,1.0833333333333333,2894.0,7.124242424242424,30.63636363636364,10.666666666666666,0.416508,0.0369297866666666,5.575757575757576,5.0,8.666666666666666,7.636363636363637,1.5217391304347827,1.9166666666666667,1.2666666666666666,2.533333333333333,1.6521739130434785,1.4545454545454546,1.0,1.0,0.0,0.0,0.0,1.2142857142857142,1.4166666666666667,1.0,1.375,1.9615384615384612,1.0,1.1538461538461535,1.5416666666666667,1.4545454545454546,1.0,1.0,1.5,0.0,0.0,15
Pará,167.0,29.0,32.869565217391305,24.043478260869566,5.739130434782608,2.4545454545454546,0.0476190476190476,0.0,1672.0,6.9,55.82608695652174,15.08695652173913,0.0,0.0,1.7058823529411764,1.2307692307692308,3.909090909090909,4.555555555555555,1.0,1.6153846153846154,2.875,1.2222222222222223,1.4210526315789471,4.0,1.7,1.0,0.0,0.0,0.0,1.1428571428571428,1.4615384615384617,1.2857142857142858,0.0,1.25,1.6153846153846154,1.6,1.0,1.0,0.0,0.0,0.0,0.0,0.0,31
Patrick,183.0,25.0,31.05263157894737,21.84210526315789,7.315789473684211,3.333333333333333,0.0555555555555555,0.0,1454.0,6.742105263157894,42.31578947368421,11.61111111111111,0.0,0.0,1.5384615384615383,3.4,3.736842105263158,4.944444444444445,0.0,3.2777777777777777,1.4285714285714286,1.5555555555555556,2.1666666666666665,1.3333333333333333,1.0,1.75,0.0,0.0,0.0,1.0,1.2857142857142858,1.0,0.0,1.0,2.0,1.3333333333333333,1.6,1.0,0.0,0.0,2.0,0.0,0.0,39
Patrick Brey,175.0,27.0,23.428571428571427,16.785714285714285,2.9615384615384617,2.055555555555556,0.0833333333333333,1.0,1804.0,6.846428571428571,41.46428571428572,13.25,0.0,0.0,1.8333333333333333,1.6363636363636365,4.961538461538462,4.384615384615385,1.0,2.0,2.1333333333333333,2.217391304347826,1.7647058823529411,2.9047619047619047,1.4,1.0,0.0,0.0,0.0,1.5,1.7,1.0833333333333333,0.0,1.25,1.6,1.5789473684210529,1.6,1.0,1.0,0.0,1.0,0.0,0.0,32
Patrick De Lucca,182.0,24.0,38.32142857142857,31.714285714285715,6.148148148148148,3.3703703703703702,0.0384615384615384,0.0,2202.0,6.8500000000000005,46.392857142857146,8.357142857142858,0.0,0.0,1.4444444444444444,1.3157894736842106,2.9615384615384617,3.1538461538461537,1.0,1.625,1.7647058823529411,1.2941176470588236,1.5294117647058822,1.4,1.0,1.0,0.0,0.0,0.0,1.5714285714285714,1.6666666666666667,1.0,0.0,1.0,1.6666666666666667,1.5625,1.1111111111111112,1.0,1.0,0.0,1.0,0.0,0.0,22
Paulinho,175.0,24.0,34.06896551724138,29.517241379310345,1.8823529411764703,1.4285714285714286,0.0416666666666666,1.0,2373.0,7.086206896551724,46.6551724137931,9.655172413793103,0.3163142857142857,0.0767177045454545,2.0,1.2727272727272727,4.379310344827586,3.962962962962963,1.4375,1.2857142857142858,1.5263157894736843,1.411764705882353,1.4545454545454546,1.25,1.0,1.0,0.0,0.0,0.0,1.2727272727272727,2.72,2.0,1.1111111111111112,1.4444444444444444,1.25,1.619047619047619,1.9047619047619049,1.5714285714285714,1.0,1.0,1.2857142857142858,0.0,0.0,5
Paulinho Moccelin,169.0,30.0,17.20689655172414,12.79310344827586,2.0526315789473686,1.4166666666666667,0.0416666666666666,1.0,1813.0,6.83,29.33333333333333,10.5,0.0,0.0,1.4545454545454546,1.1,3.896551724137931,3.36,1.0,1.3333333333333333,1.9375,1.6111111111111112,1.894736842105263,3.92,1.5,1.3333333333333333,0.0,0.0,0.0,1.6666666666666667,1.8,1.181818181818182,0.0,1.0909090909090908,1.0,2.1578947368421053,1.1875,1.0,1.0,0.0,1.0,0.0,0.0,35
Paulo Baya,184.0,25.0,17.178571428571427,13.285714285714286,2.708333333333333,2.1052631578947367,0.0869565217391304,1.0,1789.0,6.9750000000000005,31.035714285714285,10.714285714285714,0.0,0.0,1.7777777777777777,1.0714285714285714,3.076923076923077,2.5416666666666665,1.2727272727272727,1.1111111111111112,1.0,1.5,1.0,4.68,1.6923076923076923,0.0,0.0,0.0,0.0,1.2857142857142858,1.9444444444444444,1.25,0.0,1.4285714285714286,1.0,1.6363636363636365,1.1764705882352942,1.181818181818182,1.0,0.0,1.25,0.0,0.0,21
Paulo Henrique,175.0,28.0,27.303030303030305,20.57575757575757,4.357142857142857,2.05,0.0,1.0,2431.0,6.875757575757576,51.39393939393939,13.303030303030305,0.1633923076923077,0.077958734090909,1.2941176470588236,1.5384615384615383,5.483870967741935,5.71875,1.25,2.84,3.3,1.411764705882353,1.88,2.9642857142857144,1.3333333333333333,1.2727272727272727,0.0,0.0,0.0,1.5,3.074074074074074,2.0,1.0,1.0,1.8571428571428568,1.4,1.5333333333333334,1.25,0.0,0.0,0.0,0.0,0.0,15
Pedro,186.0,27.0,13.32,10.08,1.5,1.4,0.2631578947368421,1.0,2012.0,7.244,26.24,7.44,0.5621368421052632,0.1304555483333333,2.3,1.9523809523809523,4.75,4.24,1.6842105263157894,1.5,1.3076923076923077,1.9411764705882355,1.1333333333333333,1.0,0.0,1.0,0.0,0.0,0.0,1.0,2.466666666666667,1.3333333333333333,1.2857142857142858,1.5833333333333333,1.2,2.1818181818181817,1.588235294117647,1.1111111111111112,1.0,1.0,1.0,0.0,0.0,1
Pedro Castro,180.0,31.0,28.956521739130437,23.0,3.2,2.25,0.0,1.0,1668.0,6.947826086956522,41.78260869565217,10.391304347826088,0.0,0.0,1.75,1.2727272727272727,2.9130434782608696,3.0,1.0,1.8125,1.6153846153846154,1.7857142857142858,1.2727272727272727,3.736842105263158,1.5,1.1428571428571428,0.0,0.0,0.0,1.3333333333333333,1.5,1.0,0.0,1.4,1.5,1.5714285714285714,1.2727272727272727,1.3333333333333333,0.0,0.0,1.2,0.0,0.0,28
Pedro Henrique,188.0,29.0,48.8,38.8,11.55,6.05,0.0,1.0,1779.0,6.852380952380953,59.3,10.75,0.10445,0.0214877616666666,2.375,2.411764705882353,3.65,4.55,1.0,3.789473684210526,2.333333333333333,1.4444444444444444,1.4166666666666667,1.0,0.0,1.3333333333333333,0.0,0.0,0.0,1.4444444444444444,1.5,1.0,1.0,1.0,1.4545454545454546,1.0,1.0,1.0,0.0,0.0,1.0,0.0,1.0,14
Rafael Donato,193.0,35.0,30.318181818181817,21.571428571428573,8.181818181818182,3.761904761904762,0.0,1.0,1547.0,7.0,40.27272727272727,10.272727272727272,0.0,0.0,1.5833333333333333,4.05,2.8823529411764706,5.571428571428571,1.3333333333333333,4.090909090909091,2.0,1.1,1.8333333333333333,0.0,0.0,1.1111111111111112,0.0,0.0,0.0,1.2,2.0,1.0,0.0,2.0,1.5625,1.0,1.0,1.0,0.0,0.0,1.0,0.0,1.0,39
Rafael Gava,178.0,31.0,31.26923076923077,27.23076923076923,2.875,2.333333333333333,0.1904761904761904,1.0,1577.0,7.038461538461538,41.38461538461539,8.56,0.0,0.0,1.1111111111111112,1.4444444444444444,2.4782608695652173,3.0,1.0,1.4545454545454546,1.5,2.0,1.8571428571428568,3.8333333333333335,1.9230769230769231,1.0,0.0,0.0,0.0,1.1111111111111112,1.0,1.0,0.0,1.5,1.0,2.230769230769231,1.3333333333333333,1.0,1.0,2.0,0.0,0.0,0.0,21
Rafael Ramos,171.0,29.0,32.95454545454545,24.954545454545453,4.7727272727272725,2.1578947368421053,0.0476190476190476,1.0,1907.0,6.827272727272727,55.0,14.363636363636363,0.0,0.0,1.5714285714285714,1.4285714285714286,3.590909090909091,3.4285714285714284,1.0,1.9411764705882355,1.8823529411764703,1.125,1.5,2.9,1.3125,1.25,0.0,0.0,0.0,1.3076923076923077,1.5714285714285714,1.2222222222222223,0.0,1.0,1.4285714285714286,2.076923076923077,1.6666666666666667,1.5,1.0,0.0,0.0,0.0,0.0,22
Rafael Thyere,190.0,31.0,50.5,42.94444444444444,8.055555555555555,4.2,0.0,1.0,1619.0,6.927777777777778,59.77777777777778,8.222222222222221,0.0,0.0,1.6666666666666667,1.9375,2.833333333333333,2.611111111111111,1.0,4.588235294117647,1.1428571428571428,1.0,1.5,1.0,1.0,1.3,0.0,0.0,0.0,1.0,1.25,1.5,0.0,1.0,1.5,1.0,1.0,0.0,0.0,0.0,1.0,0.0,0.0,25
Ralf,184.0,40.0,36.333333333333336,30.791666666666668,6.826086956521739,3.409090909090909,0.0476190476190476,0.0,1926.0,6.779166666666666,44.875,6.739130434782608,0.0,0.0,1.1,1.6363636363636365,2.111111111111111,2.45,0.0,3.2857142857142856,1.2727272727272727,1.3,1.4444444444444444,1.0,1.0,1.5,0.0,0.0,0.0,1.125,1.0,1.0,0.0,1.0,1.6153846153846154,1.0,1.0,0.0,1.0,0.0,0.0,0.0,0.0,29
Ramon,176.0,23.0,31.59090909090909,26.40909090909091,3.210526315789474,1.8666666666666667,0.0476190476190476,1.0,1878.0,7.036363636363637,55.45454545454545,12.681818181818182,0.0688083333333333,0.0516910288235294,1.5454545454545454,1.6,4.157894736842105,4.428571428571429,1.0,2.55,2.333333333333333,1.7272727272727273,1.4705882352941178,3.8,1.6363636363636365,1.0,0.0,0.0,0.0,1.5,2.125,1.7,0.0,1.0,1.5,1.8,1.3636363636363635,1.2,1.0,0.0,1.0,0.0,0.0,20
Raniele,184.0,27.0,28.379310344827587,22.24137931034483,2.814814814814815,1.7058823529411764,0.0,0.0,2145.0,6.896551724137931,41.44827586206897,7.9655172413793105,0.11155,0.0401292133333333,2.523809523809524,2.6,4.285714285714286,5.275862068965517,1.1428571428571428,2.75,2.4444444444444446,1.631578947368421,1.5294117647058822,1.2,0.0,1.0769230769230769,0.0,0.0,0.0,1.631578947368421,1.625,1.4,1.0,1.1111111111111112,1.75,1.4545454545454546,1.125,1.3333333333333333,0.0,1.0,1.0,0.0,0.0,4
Raphael Veiga,176.0,29.0,28.103448275862068,24.17241379310345,3.642857142857143,2.32,0.1034482758620689,1.25,2065.0,7.26896551724138,44.58620689655172,11.20689655172414,0.3095652173913043,0.1549933104166666,1.4166666666666667,1.0833333333333333,3.1153846153846154,3.2142857142857144,1.5625,1.0,1.3333333333333333,1.7391304347826086,1.3846153846153846,5.931034482758621,2.1818181818181817,1.25,0.0,0.0,0.0,1.3571428571428572,1.5263157894736843,1.1333333333333333,1.0,1.7333333333333334,1.4285714285714286,2.739130434782609,1.2857142857142858,1.5,1.3333333333333333,0.0,1.0,0.0,0.0,3
Reinaldo,178.0,35.0,42.09090909090909,33.86363636363637,4.909090909090909,2.625,0.0,1.0,1986.0,7.060869565217391,66.56521739130434,16.772727272727273,0.1186,0.0645749,1.4,1.4444444444444444,3.727272727272727,4.130434782608695,1.875,2.8421052631578947,2.388888888888889,1.2307692307692308,1.1666666666666667,3.6818181818181817,1.1,1.0,0.0,0.0,0.0,2.1666666666666665,2.263157894736842,1.7142857142857142,0.0,1.1666666666666667,1.2857142857142858,2.0,1.8888888888888888,1.1,0.0,0.0,1.0,0.0,0.0,10
Renzo Saravia,178.0,31.0,46.642857142857146,42.11111111111112,5.28,2.8095238095238093,0.0,1.0,2020.0,6.935714285714285,64.10714285714286,10.25,0.0516333333333333,0.0658632278947368,1.5,1.4444444444444444,5.25,5.846153846153846,1.0,2.0625,3.48,1.9375,2.45,2.095238095238096,1.3,1.3333333333333333,0.0,0.0,0.0,2.0,1.8333333333333333,1.1428571428571428,1.0,1.2,1.8571428571428568,2.0,1.25,1.25,0.0,0.0,1.0,0.0,1.0,5
Reverson,175.0,27.0,25.47826086956522,19.39130434782609,4.545454545454546,2.421052631578948,0.0476190476190476,1.0,1731.0,6.692,38.96,11.84,0.0,0.0,1.5833333333333333,1.7,4.190476190476191,3.235294117647059,1.4,1.75,1.5,1.1666666666666667,2.294117647058824,2.888888888888889,1.1,1.2,0.0,0.0,0.0,1.4285714285714286,2.6666666666666665,2.0,0.0,1.0,1.3636363636363635,1.5555555555555556,1.5,1.0,1.0,0.0,1.2,0.0,0.0,39
Rhaldney,184.0,25.0,35.67857142857143,32.142857142857146,3.208333333333333,3.0476190476190474,0.0434782608695652,1.0,1868.0,6.914285714285714,45.85714285714285,5.892857142857143,0.08029,0.041242324347826,1.5294117647058822,1.6153846153846154,4.428571428571429,4.555555555555555,1.1666666666666667,1.25,2.3076923076923075,1.5,1.9583333333333333,1.2,1.0,1.0,0.0,0.0,0.0,1.9411764705882355,1.2352941176470589,1.1538461538461535,0.0,2.0,1.2,1.3846153846153846,1.3333333333333333,1.1428571428571428,1.0,0.0,0.0,0.0,0.0,17
Ricardo Silva,190.0,32.0,58.69230769230769,50.84615384615385,7.769230769230769,4.076923076923077,0.0,0.0,2303.0,7.023076923076923,68.8076923076923,8.26923076923077,0.0,0.0,1.5625,2.375,2.375,4.576923076923077,1.0,4.125,1.55,1.8666666666666667,1.625,1.0,1.0,1.4285714285714286,0.0,0.0,0.0,1.2,1.0,1.0,0.0,1.3333333333333333,1.6,1.0,1.0,1.0,0.0,0.0,1.0,0.0,0.0,13
Robert Arboleda,187.0,32.0,61.310344827586206,55.86206896551724,5.785714285714286,3.5,0.0,1.0,2493.0,7.055172413793104,69.37931034482759,5.586206896551724,0.0895166666666666,0.015640926,2.125,2.6923076923076925,2.5416666666666665,4.068965517241379,1.0,3.703703703703704,1.9444444444444444,1.181818181818182,1.2857142857142858,0.0,0.0,1.0833333333333333,0.0,0.0,0.0,1.8,0.0,0.0,0.0,1.0,1.3529411764705883,1.3333333333333333,0.0,1.0,1.0,0.0,1.0,0.0,0.0,2
Rodolfo,182.0,32.0,8.4,5.12,1.5,1.4,0.0909090909090909,1.0,1396.0,6.84,16.8,7.5,0.0,0.0,2.6842105263157894,1.25,4.434782608695652,2.9473684210526314,1.2222222222222223,1.0,1.3333333333333333,1.75,1.6666666666666667,2.2,1.0,1.0,0.0,0.0,0.0,1.0,1.6153846153846154,1.0,1.0,1.6428571428571428,1.0,1.5,1.8571428571428568,1.0,1.3333333333333333,1.0,1.25,0.0,0.0,39
Rodolfo Potiguar,179.0,36.0,43.64516129032258,33.83870967741935,9.774193548387096,5.612903225806452,0.0,1.0,2352.0,7.019354838709678,53.064516129032256,10.903225806451612,0.0,0.0,1.7,1.4814814814814814,3.2857142857142856,3.903225806451613,1.125,2.0434782608695654,1.7894736842105263,1.5789473684210529,1.5625,1.0,0.0,1.5555555555555556,0.0,0.0,0.0,1.5714285714285714,1.5333333333333334,1.3076923076923077,0.0,1.2,1.6363636363636365,1.1538461538461535,1.25,1.0,1.0,0.0,1.0,0.0,1.0,35
Rodrigo,182.0,21.0,23.476190476190474,17.3,3.3157894736842106,1.4285714285714286,0.05,1.0,1438.0,6.857142857142857,43.19047619047619,12.761904761904765,0.0,0.0,1.6666666666666667,2.642857142857143,3.388888888888889,4.526315789473684,1.0,2.5625,2.25,1.125,1.5384615384615383,3.0588235294117645,1.5833333333333333,1.2,0.0,0.0,0.0,1.6666666666666667,1.2222222222222223,1.0,0.0,1.2,1.6363636363636365,1.2,1.1111111111111112,1.0,0.0,0.0,1.0,0.0,0.0,24
Rodrigo,176.0,30.0,23.785714285714285,19.892857142857142,3.923076923076923,2.952380952380953,0.0,0.0,2127.0,6.75,31.321428571428573,4.703703703703703,0.0,0.0,1.2,1.4615384615384617,2.8181818181818183,3.2857142857142856,1.0,2.7,1.9375,1.6,1.8125,1.2,1.0,1.375,0.0,0.0,0.0,2.0,1.5,1.0,0.0,1.0,1.8823529411764703,1.5,1.0,0.0,0.0,0.0,0.0,0.0,0.0,34
Rodrigo,178.0,24.0,24.727272727272727,19.727272727272727,1.625,1.3333333333333333,0.0909090909090909,1.0,1669.0,7.013636363636365,40.86363636363637,11.954545454545457,0.0,0.0,1.9411764705882355,1.1666666666666667,6.363636363636363,4.136363636363637,1.9090909090909087,1.1428571428571428,1.5333333333333334,1.8888888888888888,1.7857142857142858,1.4444444444444444,0.0,0.0,0.0,0.0,0.0,1.3333333333333333,3.4705882352941178,2.076923076923077,1.0,1.2727272727272727,1.0,1.9375,2.3157894736842106,1.1176470588235294,1.0,0.0,1.0,0.0,0.0,31
Rodrigo Battaglia,187.0,33.0,56.76923076923077,50.11538461538461,5.615384615384615,3.3157894736842106,0.0,1.0,2292.0,6.923076923076923,67.65384615384616,7.615384615384615,0.0789,0.0241469653333333,2.055555555555556,2.772727272727273,3.423076923076923,4.88,1.0,4.652173913043479,1.6956521739130437,1.3846153846153846,1.75,1.0,1.0,1.1764705882352942,0.0,0.0,0.0,1.181818181818182,1.375,1.25,1.0,1.25,1.2727272727272727,1.2,0.0,1.0,0.0,0.0,0.0,0.0,0.0,5
Rodrigo Ely,188.0,30.0,37.1578947368421,29.789473684210527,5.176470588235294,2.2857142857142856,0.0,1.0,1514.0,7.178947368421053,48.89473684210526,7.684210526315789,0.0810454545454545,0.0100646628571428,2.1818181818181817,4.3125,2.9285714285714284,6.705882352941177,1.0,4.0,2.066666666666667,1.7142857142857142,1.3,0.0,0.0,1.75,0.0,0.0,0.0,1.25,1.25,1.3333333333333333,0.0,1.3333333333333333,2.083333333333333,1.0,0.0,1.0,0.0,0.0,1.0,0.0,1.0,10
Rodrigo Garro,174.0,26.0,42.52941176470589,32.88235294117647,5.515151515151516,3.8,0.1666666666666666,1.25,2719.0,7.427272727272727,65.88235294117646,19.647058823529413,0.1961739130434782,0.2481852142857143,1.45,1.375,6.484848484848484,5.470588235294118,1.380952380952381,1.4,1.72,3.34375,1.6363636363636365,6.909090909090909,2.310344827586207,1.0,0.0,0.0,0.0,2.347826086956522,2.1333333333333333,1.3888888888888888,1.0,1.2352941176470589,1.5333333333333334,2.966666666666667,2.4,1.1875,1.0,0.0,1.0,0.0,1.0,4
Rodrigo Soares,176.0,31.0,20.384615384615383,14.692307692307692,4.32,2.090909090909091,0.1666666666666666,0.0,1584.0,6.996153846153846,37.88461538461539,10.692307692307692,0.0,0.0,1.7857142857142858,1.5,2.761904761904762,2.68,1.0,1.9,1.4,1.4444444444444444,1.0909090909090908,5.227272727272728,2.5,1.0,0.0,0.0,0.0,1.375,1.5555555555555556,1.3125,0.0,1.2,1.2857142857142858,2.7857142857142856,1.0,1.0,1.0,0.0,0.0,0.0,0.0,39
Rony,167.0,29.0,8.0,6.655172413793103,1.25,1.0,0.0625,1.0,1668.0,6.89375,16.3125,4.933333333333334,0.3353181818181818,0.0890526666666666,2.1785714285714284,1.6666666666666667,4.275862068965517,2.833333333333333,1.4444444444444444,1.2,1.6363636363636365,1.6,1.6666666666666667,2.055555555555556,1.1428571428571428,1.0,0.0,0.0,0.0,1.1428571428571428,1.3125,1.25,1.0,1.5,2.0,1.6875,1.5384615384615383,1.0909090909090908,1.2,0.0,1.6363636363636365,0.0,0.0,3
Rómulo Otero,166.0,31.0,19.75862068965517,17.321428571428573,1.681818181818182,1.4,0.0769230769230769,1.0,1770.0,7.224137931034483,36.793103448275865,10.428571428571429,0.0,0.0,1.818181818181818,1.4545454545454546,3.9615384615384617,4.892857142857143,1.2777777777777777,1.2857142857142858,1.875,2.458333333333333,1.6666666666666667,5.1923076923076925,2.3157894736842106,1.0,0.0,0.0,0.0,1.2142857142857142,2.0384615384615383,1.5238095238095235,0.0,1.5833333333333333,1.0,1.809523809523809,1.588235294117647,1.3125,1.0,1.0,1.0,0.0,0.0,16
Saimon,183.0,33.0,50.71428571428572,39.38095238095238,10.80952380952381,5.190476190476191,0.0,1.0,1852.0,6.876190476190477,60.0,11.904761904761903,0.0,0.0,1.3,2.1052631578947367,2.75,4.095238095238095,1.0,3.526315789473684,1.6153846153846154,1.5384615384615383,2.1052631578947367,1.3333333333333333,2.0,1.2222222222222223,0.0,0.0,0.0,1.0,1.0,1.0,1.0,1.0,1.4545454545454546,1.2,0.0,1.0,0.0,0.0,0.0,0.0,0.0,27
Samuel Xavier,166.0,34.0,45.34782608695652,39.91304347826087,3.1052631578947367,1.2352941176470589,0.0952380952380952,0.0,1947.0,6.952173913043478,66.73913043478261,10.08695652173913,0.0548899999999999,0.0614918247368421,1.4615384615384617,1.4,4.181818181818182,4.636363636363637,1.0,2.055555555555556,2.2222222222222223,2.2777777777777777,1.7333333333333334,1.9444444444444444,1.1428571428571428,1.1666666666666667,0.0,0.0,0.0,1.625,1.8461538461538465,1.75,0.0,1.2,1.5833333333333333,1.2,1.3846153846153846,1.3333333333333333,1.0,0.0,1.0,0.0,0.0,7
Santiago Arias,177.0,32.0,49.5,41.833333333333336,2.863636363636364,1.588235294117647,0.1666666666666666,0.0,2091.0,7.195833333333333,72.33333333333333,12.166666666666666,0.10076,0.1476664647058823,1.875,1.9285714285714288,4.041666666666667,4.333333333333333,1.0,2.590909090909091,2.095238095238096,1.8571428571428568,1.6111111111111112,3.6818181818181817,1.6111111111111112,1.2,0.0,0.0,0.0,1.3076923076923077,1.2666666666666666,1.0,1.0,1.0,1.4666666666666666,1.6,1.4444444444444444,1.3333333333333333,1.2,0.0,1.4,0.0,1.0,11
Saulo Mineiro,180.0,27.0,10.64,7.583333333333333,1.3333333333333333,1.125,0.1739130434782608,1.5,1755.0,7.032,22.76,7.92,0.0,0.0,2.8,2.142857142857143,6.25,4.041666666666667,1.7857142857142858,1.4166666666666667,1.2,1.5384615384615383,2.4285714285714284,2.0588235294117645,1.2,1.0,0.0,0.0,0.0,1.0,2.5294117647058822,1.75,1.0,2.066666666666667,1.0,1.3333333333333333,1.6666666666666667,1.5555555555555556,1.0,0.0,1.0,0.0,0.0,22
Sebastian Gomez,172.0,28.0,35.125,30.875,3.571428571428572,2.823529411764706,0.0434782608695652,0.0,1881.0,6.929166666666667,45.5,7.041666666666667,0.0,0.0,1.6363636363636365,1.5,4.375,4.086956521739131,1.0,1.3636363636363635,2.388888888888889,1.6666666666666667,2.25,1.5,1.0,1.0,0.0,0.0,0.0,1.6428571428571428,1.4615384615384617,1.125,0.0,1.25,1.25,1.5555555555555556,1.3571428571428572,1.25,1.0,0.0,1.0,0.0,0.0,24
Shaylon,180.0,27.0,28.967741935483872,23.387096774193548,2.9,1.92,0.04,1.0,2073.0,6.919354838709677,41.29032258064516,11.233333333333333,0.1738909090909091,0.1657694784,1.4444444444444444,1.125,3.5416666666666665,1.681818181818182,1.1666666666666667,1.4545454545454546,1.4,1.1428571428571428,1.3,5.0,2.1578947368421053,1.0,0.0,0.0,0.0,1.4705882352941178,1.2222222222222223,1.0,1.2857142857142858,1.3846153846153846,1.2666666666666666,2.739130434782609,1.1764705882352942,1.3333333333333333,1.1666666666666667,0.0,1.0,0.0,0.0,17
Tchê Tchê,175.0,32.0,27.51851851851852,24.48148148148148,3.8947368421052633,3.1875,0.0,0.0,1600.0,6.777777777777778,34.370370370370374,5.615384615384615,0.0559545454545454,0.0799965552941176,1.3571428571428572,1.1666666666666667,2.4166666666666665,2.130434782608696,1.0,1.4,1.1428571428571428,1.2307692307692308,1.6,1.4166666666666667,1.25,0.0,0.0,0.0,0.0,1.3333333333333333,1.0833333333333333,1.0,0.0,1.0,1.5,1.5454545454545454,1.3076923076923077,1.25,1.2,0.0,0.0,0.0,0.0,8
Thaciano,182.0,29.0,15.823529411764708,13.696969696969695,1.5263157894736843,1.2727272727272727,0.074074074074074,1.1666666666666667,2378.0,7.008823529411765,23.88235294117647,4.838709677419355,0.1975166666666666,0.0447006914814814,2.076923076923077,1.95,3.65625,2.838709677419355,1.1333333333333333,1.6470588235294117,1.3846153846153846,1.4666666666666666,1.8461538461538465,1.3,1.0,1.0,0.0,0.0,0.0,1.3076923076923077,1.3333333333333333,1.0,1.0,1.3333333333333333,1.6,1.2352941176470589,1.7142857142857142,1.125,1.0,0.0,1.5,0.0,0.0,11
Thiago Galhardo,182.0,35.0,15.74074074074074,11.384615384615383,2.0588235294117645,1.7,0.1304347826086956,1.5,1924.0,6.996296296296297,26.96296296296296,9.653846153846152,0.0,0.0,2.4375,1.2857142857142858,4.48,3.0384615384615383,1.4705882352941178,1.25,1.2,2.1052631578947367,1.2142857142857142,1.625,1.3333333333333333,1.0,0.0,0.0,0.0,1.1111111111111112,1.9444444444444444,1.6363636363636365,1.0,1.5,1.0,1.3529411764705883,1.8125,1.125,1.0,1.0,1.0,0.0,0.0,21
Thiago Heleno,185.0,36.0,45.47619047619048,38.47619047619048,7.761904761904762,4.0,0.0,0.0,1802.0,6.980952380952381,55.95238095238095,7.285714285714286,0.1320333333333333,0.014131251,2.1875,3.5625,3.1,4.368421052631579,1.0,4.555555555555555,1.5384615384615383,1.0,1.5,0.0,0.0,2.272727272727273,0.0,0.0,0.0,1.1666666666666667,1.0,0.0,0.0,1.25,1.6470588235294117,1.0,0.0,2.0,0.0,0.0,0.0,0.0,0.0,6
Thiago Maia,179.0,27.0,41.66666666666666,35.76190476190476,3.4285714285714284,2.4705882352941178,0.2105263157894736,1.0,1566.0,7.090476190476191,52.47619047619048,8.142857142857142,0.1659666666666666,0.0708136305,1.6875,2.2857142857142856,3.809523809523809,4.380952380952381,1.0,2.272727272727273,2.176470588235294,1.125,1.6153846153846154,1.0,1.0,1.0,0.0,0.0,0.0,1.2857142857142858,1.4285714285714286,1.1666666666666667,1.0,1.2,2.076923076923077,1.2,1.125,1.0,1.0,0.0,1.0,0.0,1.0,12
Thiago Santos,181.0,35.0,54.8,46.9,7.25,3.333333333333333,0.0,1.0,1527.0,7.01,66.7,9.05,0.1090375,0.0099857877777777,2.3529411764705883,3.235294117647059,4.5,6.176470588235294,1.0,3.473684210526316,2.5454545454545454,1.7,1.6666666666666667,1.0,0.0,1.181818181818182,0.0,0.0,0.0,1.5,1.2,1.0,1.0,1.25,1.8571428571428568,1.0,1.25,1.0,0.0,0.0,0.0,0.0,1.0,7
Thomás,179.0,31.0,15.115384615384617,12.307692307692308,1.8571428571428568,1.6363636363636365,0.0,0.0,1442.0,6.696153846153846,24.423076923076923,6.956521739130435,0.0,0.0,1.4666666666666666,1.0,3.954545454545455,3.0,1.2,1.2857142857142858,1.7692307692307692,2.3125,2.0,2.1333333333333333,1.0,1.0,0.0,0.0,0.0,1.6666666666666667,1.8888888888888888,1.25,0.0,1.0,1.0,1.4166666666666667,1.5,1.5,0.0,0.0,1.0,0.0,0.0,30
Tiago Pagnussat,191.0,34.0,50.75,41.67857142857143,8.892857142857142,3.7857142857142856,0.0833333333333333,1.0,2368.0,7.178571428571429,61.46428571428572,9.892857142857142,0.0,0.0,1.619047619047619,3.1785714285714284,2.84,4.821428571428571,1.3333333333333333,4.285714285714286,1.1904761904761905,1.2307692307692308,1.5,1.5,0.0,1.2666666666666666,0.0,0.0,0.0,1.1,1.0,1.0,1.0,1.181818181818182,1.875,1.2857142857142858,0.0,1.0,1.0,0.0,1.0,0.0,1.0,28
Titi,187.0,36.0,37.52941176470589,31.352941176470587,5.647058823529412,2.2142857142857144,0.0,1.0,1476.0,6.764705882352941,47.41176470588236,7.176470588235294,0.066,0.008223322,2.0,1.9,4.0588235294117645,3.375,1.0,3.125,1.818181818181818,1.4,1.6666666666666667,1.0,1.0,1.375,0.0,0.0,0.0,1.375,1.0,1.0,0.0,1.3333333333333333,1.5,1.0,1.6666666666666667,0.0,1.0,0.0,1.0,0.0,0.0,9
Tomás Cuello,176.0,24.0,18.884615384615383,14.692307692307692,2.15,1.5833333333333333,0.3181818181818182,1.0,1478.0,7.142307692307692,35.84615384615385,11.115384615384617,0.0904555555555555,0.1323191699999999,2.0,1.4444444444444444,5.0,4.32,1.181818181818182,1.125,1.6666666666666667,2.0,1.3571428571428572,4.090909090909091,1.6923076923076923,1.0,0.0,0.0,0.0,1.4545454545454546,3.4166666666666665,2.1,1.0,1.3333333333333333,1.2222222222222223,2.3,1.5294117647058822,1.2222222222222223,1.5714285714285714,0.0,1.6666666666666667,0.0,0.0,6
Vinicius Paiva,170.0,23.0,14.962962962962964,11.814814814814817,1.7058823529411764,1.2727272727272727,0.1304347826086956,1.25,2082.0,6.796296296296297,27.25925925925926,8.851851851851851,0.0,0.0,1.0,1.0,3.333333333333333,3.130434782608696,1.375,1.4,1.2222222222222223,1.7777777777777777,1.5,1.7222222222222223,1.3333333333333333,1.0,0.0,0.0,0.0,1.0,2.5416666666666665,1.411764705882353,0.0,1.0,1.2307692307692308,2.0,1.8421052631578947,1.0,1.0,0.0,1.0,0.0,0.0,34
Vitinho,181.0,25.0,18.06896551724138,13.724137931034482,1.9130434782608696,1.5333333333333334,0.125,1.0,1622.0,7.0,32.03448275862069,10.06896551724138,0.1580684210526315,0.1208902986363636,1.95,1.6666666666666667,3.571428571428572,3.1538461538461537,1.1538461538461535,1.9090909090909087,1.588235294117647,1.3125,1.5625,4.222222222222222,1.8333333333333333,1.0,0.0,0.0,0.0,1.3333333333333333,1.4736842105263157,1.1666666666666667,1.1666666666666667,1.2857142857142858,1.25,2.0,1.2,1.0,1.0,0.0,1.3333333333333333,0.0,0.0,14
Vitão,185.0,24.0,47.80952380952381,41.47619047619048,6.7,3.235294117647059,0.0,0.0,1710.0,6.925,56.90476190476191,7.35,0.08757,0.0173292776923076,1.8823529411764703,2.176470588235294,2.571428571428572,3.238095238095238,1.3333333333333333,3.5789473684210527,1.2666666666666666,1.0,1.25,1.3333333333333333,1.0,1.3333333333333333,0.0,0.0,0.0,1.1428571428571428,1.25,1.25,0.0,1.0,2.0,1.0,1.0,1.0,0.0,0.0,1.0,0.0,1.0,12
Wagner Leonardo,186.0,25.0,47.03333333333333,40.53333333333333,6.7,3.642857142857143,0.0,1.0,2617.0,6.943333333333333,59.2,7.793103448275862,0.2867066666666666,0.024191194117647,2.583333333333333,2.5,3.2758620689655173,4.0,1.0,5.392857142857143,1.3043478260869563,1.0,1.25,1.0,0.0,1.368421052631579,0.0,0.0,0.0,1.2857142857142858,1.2727272727272727,1.25,1.0,1.1,1.96,1.25,1.25,1.0,0.0,0.0,1.0,0.0,0.0,23
Waguininho,178.0,34.0,16.333333333333332,11.91304347826087,2.4705882352941178,1.7272727272727273,0.0952380952380952,1.3333333333333333,1644.0,6.8125,31.625,10.916666666666666,0.0,0.0,2.2777777777777777,2.1578947368421053,5.086956521739131,4.478260869565218,1.125,1.3571428571428572,1.3333333333333333,2.1052631578947367,1.8,2.05,1.0,1.0,0.0,0.0,0.0,1.3333333333333333,1.6111111111111112,1.4285714285714286,1.0,1.1,1.0,1.4444444444444444,1.6,1.0,1.0,0.0,1.5,0.0,0.0,39
Wanderson,187.0,29.0,37.76470588235294,29.823529411764707,7.533333333333333,3.4285714285714284,0.0,0.0,1401.0,6.741176470588235,47.52941176470589,8.647058823529411,0.0,0.0,1.6428571428571428,2.857142857142857,3.764705882352941,4.0,1.0,3.6,1.3333333333333333,1.375,1.875,1.0,1.0,1.5,0.0,0.0,0.0,1.0,1.0,1.0,1.0,1.25,2.0,1.0,1.0,1.0,0.0,0.0,1.0,0.0,1.0,41
Welington,170.0,23.0,35.52,30.6,3.5,2.0,0.0434782608695652,0.0,2024.0,6.958333333333333,54.88461538461539,11.791666666666666,0.0413899999999999,0.061382855,1.6470588235294117,1.8,4.333333333333333,5.625,1.0,1.8823529411764703,2.45,1.7222222222222223,2.0,3.1739130434782608,1.4615384615384617,1.0,0.0,0.0,0.0,1.4444444444444444,1.7,1.9,1.0,1.0,1.6,1.5833333333333333,1.8,1.1428571428571428,1.0,0.0,1.0,0.0,1.0,2
Wesley,180.0,19.0,15.384615384615383,12.5,1.818181818181818,1.588235294117647,0.0952380952380952,2.0,1652.0,6.953846153846154,33.57692307692308,10.423076923076923,0.1354999999999999,0.0993717242857142,1.2222222222222223,1.0,5.75,5.12,1.4444444444444444,1.0,1.2307692307692308,1.7826086956521738,1.5454545454545454,2.526315789473684,2.0,0.0,0.0,0.0,0.0,1.375,5.782608695652174,3.5,0.0,1.375,1.1428571428571428,2.0,2.1666666666666665,1.1,1.3333333333333333,0.0,1.2,0.0,0.0,4
Wesley,175.0,25.0,23.6,18.08,1.8823529411764703,1.6666666666666667,0.04,1.1666666666666667,1988.0,7.343999999999999,44.30769230769231,14.08,0.2552619047619047,0.1162647968181818,2.1666666666666665,1.85,7.36,7.730769230769231,1.6923076923076923,1.25,1.8235294117647056,3.0416666666666665,2.1,3.6,1.5,1.0,0.0,0.0,0.0,1.5294117647058822,4.36,2.5416666666666665,1.0,1.2142857142857142,1.0,1.7857142857142858,1.8235294117647056,1.8333333333333333,1.0,1.25,1.2,0.0,0.0,12
Willean Lepo,180.0,27.0,33.59090909090909,26.545454545454547,4.2631578947368425,2.363636363636364,0.0,0.0,1699.0,6.9363636363636365,60.81818181818182,15.0,0.083775,0.0959548929411764,1.7222222222222223,2.066666666666667,5.590909090909091,7.272727272727272,1.3333333333333333,3.4375,2.9047619047619047,1.6153846153846154,1.6,3.117647058823529,1.0909090909090908,1.2857142857142858,0.0,0.0,0.0,2.0,4.277777777777778,2.823529411764706,0.0,1.0,1.8666666666666667,1.3333333333333333,1.5,1.3333333333333333,1.0,0.0,2.0,0.0,0.0,23
William,176.0,29.0,39.80769230769231,31.384615384615383,4.043478260869565,2.85,0.2272727272727272,1.25,2289.0,7.361538461538462,71.8076923076923,17.5,0.2150368421052631,0.0906234188461538,1.5,1.368421052631579,5.615384615384615,5.846153846153846,1.2,2.217391304347826,3.608695652173913,1.1428571428571428,1.7894736842105263,5.5,1.5714285714285714,1.0,0.0,0.0,0.0,1.818181818181818,2.739130434782609,1.588235294117647,1.0,1.3636363636363635,1.894736842105263,1.631578947368421,1.5,1.2,1.1666666666666667,0.0,0.0,0.0,0.0,19
Willian Machado,185.0,27.0,66.26666666666667,55.96666666666667,10.133333333333333,5.466666666666667,0.0,1.0,2700.0,7.17,77.4,11.266666666666667,0.0,0.0,1.5625,3.0357142857142856,2.409090909090909,4.8,1.0,4.642857142857143,1.6428571428571428,1.4761904761904765,1.6363636363636365,1.0,0.0,1.3333333333333333,0.0,0.0,0.0,1.1428571428571428,1.0,1.0,0.0,1.1666666666666667,1.4,1.0,1.0,1.0,1.0,0.0,0.0,0.0,0.0,31
Willian Maranhão,179.0,28.0,33.2,27.8,3.772727272727273,2.0625,0.0,1.0,1876.0,6.78,44.0,7.6,0.0,0.0,1.4,1.8125,3.5,3.590909090909091,1.0,2.764705882352941,1.9411764705882355,1.3333333333333333,2.3,1.375,1.0,1.375,0.0,0.0,0.0,1.0,1.125,1.25,1.0,1.0,1.7272727272727273,1.0,1.0,1.0,0.0,0.0,0.0,0.0,0.0,28
Willian Oliveira,179.0,31.0,27.642857142857142,23.285714285714285,2.9047619047619047,2.111111111111111,0.0416666666666666,1.25,2106.0,6.964285714285714,39.42857142857143,6.714285714285714,0.178005,0.0236295395238095,2.0,1.6666666666666667,4.148148148148148,4.384615384615385,1.2,2.0,1.818181818181818,2.1052631578947367,1.9333333333333331,1.0,1.0,1.0,0.0,0.0,0.0,1.3529411764705883,1.0,1.0,1.5,1.2727272727272727,1.4666666666666666,1.7692307692307692,1.4285714285714286,1.0,1.0,1.0,0.0,0.0,0.0,23
Yannick Bolasie,185.0,35.0,13.296296296296296,9.814814814814817,1.3333333333333333,1.4285714285714286,0.125,1.5,1922.0,7.011111111111112,26.37037037037037,9.407407407407408,0.3273761904761905,0.0566020125,2.1904761904761907,1.5,5.076923076923077,3.6538461538461537,1.8666666666666667,1.25,1.411764705882353,1.5384615384615383,1.6470588235294117,1.9130434782608696,1.25,1.0,0.0,0.0,0.0,1.3333333333333333,2.227272727272727,1.5,1.3333333333333333,1.4444444444444444,1.0,1.5555555555555556,1.5555555555555556,1.25,1.0,0.0,1.8571428571428568,0.0,0.0,26
Yeferson Soteldo,160.0,27.0,25.73684210526316,21.36842105263158,1.9230769230769231,1.6,0.1875,1.0,1403.0,7.084210526315789,45.10526315789474,14.263157894736842,0.2345,0.2039605874999999,1.1428571428571428,0.0,6.222222222222222,4.894736842105263,1.2222222222222223,1.5,2.0,1.8235294117647056,1.5,4.125,1.6,1.0,0.0,0.0,0.0,1.2857142857142858,5.473684210526316,2.888888888888889,1.0,1.0,1.0,2.7857142857142856,2.5625,1.0,1.0,0.0,1.0,0.0,0.0,10
Yuri Alberto,183.0,23.0,13.785714285714286,10.071428571428571,1.7142857142857142,1.5,0.16,1.2857142857142858,2089.0,7.042857142857143,25.607142857142858,8.107142857142858,0.2730904761904761,0.063319597368421,2.9615384615384617,1.9523809523809523,5.714285714285714,4.153846153846154,1.7058823529411764,1.1666666666666667,1.125,2.210526315789474,2.0,1.125,2.0,1.0,0.0,0.0,0.0,1.0,2.4375,1.4545454545454546,1.0,1.625,2.0,1.411764705882353,1.7058823529411764,1.3846153846153846,1.0,0.0,1.3,0.0,0.0,4
Zé Ivaldo,185.0,27.0,49.958333333333336,39.66666666666666,10.833333333333334,4.791666666666667,0.0,1.0,2086.0,6.958333333333333,62.333333333333336,11.75,0.0715882352941176,0.03214014,1.9,2.421052631578948,2.652173913043478,4.590909090909091,1.1111111111111112,4.363636363636363,1.8666666666666667,1.3571428571428572,1.6428571428571428,1.5,1.0,1.4444444444444444,0.0,0.0,0.0,1.25,1.1,1.0,1.0,1.0909090909090908,1.25,1.0,1.0,1.0,1.0,0.0,1.0,0.0,1.0,19
Zé Marcos,188.0,26.0,44.34782608695652,36.73913043478261,6.304347826086956,2.95,0.0,0.0,2014.0,6.813043478260869,57.56521739130435,8.565217391304348,0.083275,0.0099273614285714,2.117647058823529,3.1578947368421053,3.772727272727273,5.173913043478261,1.0,5.090909090909091,1.7222222222222223,1.5294117647058822,1.6428571428571428,1.0,0.0,1.4615384615384617,0.0,0.0,0.0,1.5,1.0,1.0,0.0,1.3,1.8888888888888888,1.25,1.2857142857142858,1.0,0.0,0.0,0.0,0.0,0.0,18
Zé Ricardo,176.0,28.0,38.3,31.45,5.944444444444445,3.875,0.0555555555555555,1.0,1414.0,6.925,46.25,8.35,0.0,0.0,1.4615384615384617,1.5714285714285714,3.736842105263158,3.647058823529412,1.0,1.3333333333333333,2.2666666666666666,1.375,2.1333333333333333,1.0,1.0,1.3333333333333333,0.0,0.0,0.0,1.3,1.1428571428571428,1.0,0.0,1.0,2.0,1.3333333333333333,1.0,1.0,1.0,0.0,0.0,0.0,1.0,28
Ángel Romero,177.0,32.0,19.821428571428573,15.428571428571429,1.75,1.2222222222222223,0.0,1.2,1863.0,6.953571428571428,33.92857142857143,10.107142857142858,0.2939388888888888,0.0956643526315789,1.809523809523809,1.4736842105263157,4.928571428571429,4.321428571428571,1.4666666666666666,1.25,1.1666666666666667,2.125,1.4615384615384617,2.28,1.2,0.0,0.0,0.0,0.0,1.5,2.8,2.1538461538461537,1.2,1.2666666666666666,1.0,1.125,1.6666666666666667,1.375,1.0,1.0,1.1666666666666667,0.0,0.0,4
Ênio,168.0,23.0,24.548387096774192,20.06451612903226,1.9047619047619049,1.6153846153846154,0.1538461538461538,1.0,2047.0,6.867741935483871,36.32258064516129,9.838709677419354,0.0,0.0,1.7222222222222223,1.0,4.333333333333333,3.68,1.0,1.0,1.5714285714285714,2.523809523809524,1.2777777777777777,1.8,1.25,1.0,0.0,0.0,0.0,1.4,2.24,1.6666666666666667,0.0,1.3333333333333333,1.3333333333333333,1.8636363636363635,1.894736842105263,1.2857142857142858,1.25,0.0,1.5,0.0,0.0,49
